65a96d1a47fb1628465964bb5dfe34414b972d83b37632e37542934083c32ecf	15111	644	APPLICATIVI/Palmare/README_PALMARE.md
105463d4c0ff2fd8863e6faaae0d951a9fa9b11316f23b4bf86c6955f65c9283	118	644	APPLICATIVI/Palmare/android-app/.gitignore
e8d86875e032a098dbe37859e213cd4b2ddf8628ce390fd1cc20d28702a27c87	4071	644	APPLICATIVI/Palmare/android-app/README.md
310e9256f2f6a869b1f250f5e4f318016a10f4c70ed726a72e2e3f92b451ce3d	1156130	644	APPLICATIVI/Palmare/android-app/amalia.png
1e3c78170654e0a7e93f7c9e6103aa481b3fe3b5828d030f6058e3689a3940a4	16305	644	APPLICATIVI/Palmare/android-app/app/build.gradle.kts
569934b49c1eef3f74b6e1845a415e6acc81a031d7026cd0763ee7782486cb13	49	644	APPLICATIVI/Palmare/android-app/app/proguard-rules.pro
0e2d317b6cf2e6ae55917b73914d530001f9e95a6d44571cdd3a153e752340f5	5331	644	APPLICATIVI/Palmare/android-app/app/src/main/AndroidManifest.xml
fbcb5cc604b3fe9988d177586f1e13ea268a1483bd5d2b9edcc4765e9f2d120d	285374	644	APPLICATIVI/Palmare/android-app/app/src/main/ic_launcher-playstore.png
b300ae998acc3c130f7a50e77071e6a4a243ca3566bb8440ee30569d11deb082	22604	644	APPLICATIVI/Palmare/android-app/app/src/main/java/com/sentrapa/webkiosk/AlwaysOnService.kt
47ce9046c01be96baa5289d78e8da4e5c351361e446d3c357b482308aec3f870	1311	644	APPLICATIVI/Palmare/android-app/app/src/main/java/com/sentrapa/webkiosk/AppForegroundState.kt
304353b4ec190e89a40bb1f7a2cc6f49482a370963dc040d8b45170f81eeb71f	12580	644	APPLICATIVI/Palmare/android-app/app/src/main/java/com/sentrapa/webkiosk/AudioKeepAlivePlayer.kt
24f6839e711d82617517b855337008b535bce9aea541dc3bee2213e183f76989	4204	644	APPLICATIVI/Palmare/android-app/app/src/main/java/com/sentrapa/webkiosk/BatteryStatusHeartbeatReporter.kt
9e3c5382b304b6359e2da455978f27dff1030293c08a1741d7b2409b6931742c	499	644	APPLICATIVI/Palmare/android-app/app/src/main/java/com/sentrapa/webkiosk/BootReceiver.kt
7fee544057abcc1dc9d44341104e827c6d9a8ec5ab50abcaa892089ee6c1794e	4418	644	APPLICATIVI/Palmare/android-app/app/src/main/java/com/sentrapa/webkiosk/KioskPreferences.kt
9d73cd74e9b839d403be0c333b96cfabb98eece7436f0e3c1694bfd9af6389d0	3335	644	APPLICATIVI/Palmare/android-app/app/src/main/java/com/sentrapa/webkiosk/LocalHttpsTrust.kt
9bc65168f86f207b05cd7cd6d54f13bd1d685d8f8e5dd4367acbfbce71d83170	52380	644	APPLICATIVI/Palmare/android-app/app/src/main/java/com/sentrapa/webkiosk/MainActivity.kt
8004f69c58d4302b545815e0980421f4d78585f2fe32e1c3ff2f82ea25c0a138	15586	644	APPLICATIVI/Palmare/android-app/app/src/main/java/com/sentrapa/webkiosk/NativeBackgroundRadioReceiver.kt
63be3feea32c5a9ae5a102d47c29c36f945d5e5cf0232c633361ec4695bdf14c	4703	644	APPLICATIVI/Palmare/android-app/app/src/main/java/com/sentrapa/webkiosk/NativeBatteryController.kt
9e27b567754b7baf85908ce85273b54e4bd4d57a7c02611e9cc99c45dfc50ea2	3678	644	APPLICATIVI/Palmare/android-app/app/src/main/java/com/sentrapa/webkiosk/NativeHapticsBridge.kt
6efe58199236ab72043ea354b2d18f48b928006369b9734023cfdf0dd076be5f	10863	644	APPLICATIVI/Palmare/android-app/app/src/main/java/com/sentrapa/webkiosk/NativeNfcController.kt
07c102a0e54001e3e2e54f6fb76fa92acde58abc3993b7953557fd3a3b5fb761	18249	644	APPLICATIVI/Palmare/android-app/app/src/main/java/com/sentrapa/webkiosk/NativeNotificationCoordinator.kt
b5782497ea5d142df9953e4f3afe6aea1efeb9fd8fa3e399c040daf6b9010376	2329	644	APPLICATIVI/Palmare/android-app/app/src/main/java/com/sentrapa/webkiosk/NativeNotificationEvent.kt
94a821516f35ab6fafd69575a72f26312ab0c475a814516118e8b5b3d26d4974	24898	644	APPLICATIVI/Palmare/android-app/app/src/main/java/com/sentrapa/webkiosk/NativeNotificationPoller.kt
571b5f9795205a4529418fffb5a69b4f28dbceda84c62255dc244517d6aac0da	10531	644	APPLICATIVI/Palmare/android-app/app/src/main/java/com/sentrapa/webkiosk/NativeRadioPlaybackPlayer.kt
1582128d3e4b6f971fd71b9c5986404cf7e0504f6f565505c2bfaeb65290a716	4448	644	APPLICATIVI/Palmare/android-app/app/src/main/java/com/sentrapa/webkiosk/NativeSessionContextStore.kt
f5265bfef2b97feed1145b26273a9e75b5481de26365878578a9ee84b3c26c56	2468	644	APPLICATIVI/Palmare/android-app/app/src/main/java/com/sentrapa/webkiosk/NotificationClientContext.kt
904dccbfd4ff95b1984ff9ed4b2b15ae061c300d9080a42f05131cac5ef40c8f	1068	644	APPLICATIVI/Palmare/android-app/app/src/main/java/com/sentrapa/webkiosk/NotificationTone.kt
862046b6d7236de25fb55637c4816d6428c7deeef2a2dc4856ca02e1c0c745c1	3846	644	APPLICATIVI/Palmare/android-app/app/src/main/java/com/sentrapa/webkiosk/PalmareWebAppAssets.kt
d1ea531edf3105249084546bd77ac74f51a7da0ca5f33c4e23b9c678909b27d0	1453	644	APPLICATIVI/Palmare/android-app/app/src/main/java/com/sentrapa/webkiosk/RadioWifiLatencyLock.kt
ab29a54efa1ea41575b03b832a044bf8ef86ccffd814905355776ac1fda264d9	280	644	APPLICATIVI/Palmare/android-app/app/src/main/java/com/sentrapa/webkiosk/WebKioskApplication.kt
ee1603301d825bf07d2abcbfa668a764f7433bf63de505f6002b568a4d819e7c	11739	644	APPLICATIVI/Palmare/android-app/app/src/main/java/com/sentrapa/webkiosk/bluetooth/AliasKeyEnrollmentV1.kt
05c19abee6586ba6039333f12edf724cc15fac9d6344e07e4b50c12e27a20595	6959	644	APPLICATIVI/Palmare/android-app/app/src/main/java/com/sentrapa/webkiosk/bluetooth/AliasKeyEnrollmentV2.kt
9f94e411e6aea1efc419857da25bf265c61cc8d5e3e6c85f6d0f82f318d6d757	7815	644	APPLICATIVI/Palmare/android-app/app/src/main/java/com/sentrapa/webkiosk/bluetooth/AndroidAndroidRoleElectionV1.kt
2499759075765882051c83e7afd9d445debfe7782026c909117711e4bfcbd749	16821	644	APPLICATIVI/Palmare/android-app/app/src/main/java/com/sentrapa/webkiosk/bluetooth/AndroidBluetoothBackendHealthProbeV1.kt
af8d57b73dbbc2191c3833bc407f2dde88130fe219ff8f98ac4632c2467e2905	19062	644	APPLICATIVI/Palmare/android-app/app/src/main/java/com/sentrapa/webkiosk/bluetooth/AndroidBluetoothTransportRuntimeV1.kt
69ba6125dce92c2e21cfae4510e43a2f5226d2eb4d27cdf39dafb57da2656723	38986	644	APPLICATIVI/Palmare/android-app/app/src/main/java/com/sentrapa/webkiosk/bluetooth/AndroidBluetoothTransportStore.kt
30a7ccb353eff5f5ff0f712bc00248ac10fc4a1bf26ad2746fd482200d82090e	120828	644	APPLICATIVI/Palmare/android-app/app/src/main/java/com/sentrapa/webkiosk/bluetooth/AndroidGattClient.kt
7161fbf6cb08543b200a3b0a3359344bfd0c7828a1dc7c7d5cf51dfed984c338	27899	644	APPLICATIVI/Palmare/android-app/app/src/main/java/com/sentrapa/webkiosk/bluetooth/AndroidGattClientStateMachine.kt
e00bc47da6d06f0ce6f552c82ef3ae38f76ec264cca098a84272951fc6aa0f63	17601	644	APPLICATIVI/Palmare/android-app/app/src/main/java/com/sentrapa/webkiosk/bluetooth/AndroidGattPeerAuthSessionV2.kt
ddb1b7337aeddd1889fd80570da18c378ef3b3503757e77c65d2941478ceadb6	6964	644	APPLICATIVI/Palmare/android-app/app/src/main/java/com/sentrapa/webkiosk/bluetooth/AndroidGattProfileV1.kt
d8bc59a51ec6ffa8603b0082035d5fea6f61f85712acdf5e5755a8c96d971ff5	9035	644	APPLICATIVI/Palmare/android-app/app/src/main/java/com/sentrapa/webkiosk/bluetooth/AndroidGattReliableDataPlaneBridgeV1.kt
5a02022e3327a233409ec9a9e5209916013649dd732e0989d3b459af4cc405ce	5539	644	APPLICATIVI/Palmare/android-app/app/src/main/java/com/sentrapa/webkiosk/bluetooth/AndroidGattReliableEndpointV1.kt
4287eff8fe027baa1a00d10db2d32376bd5070ebe18b0772d430ae4983282e54	10786	644	APPLICATIVI/Palmare/android-app/app/src/main/java/com/sentrapa/webkiosk/bluetooth/AndroidGattReliableOperationQueueV1.kt
405f96538a306d29d18c7c29734f99889aaa0a114ce97a19e35ced050f2657ec	9192	644	APPLICATIVI/Palmare/android-app/app/src/main/java/com/sentrapa/webkiosk/bluetooth/AndroidGattReliableSetupDeadlineV1.kt
7bc0212e1d018558f4b201240618a6b0dade07d2d6378203f15ffc587420547c	49841	644	APPLICATIVI/Palmare/android-app/app/src/main/java/com/sentrapa/webkiosk/bluetooth/AndroidGattServer.kt
e870b48ebd39b62c47b7a84ac012742f19ffc127b25ae1d82315a7c4f257893b	3740	644	APPLICATIVI/Palmare/android-app/app/src/main/java/com/sentrapa/webkiosk/bluetooth/AndroidGattServerSecurePromotionV1.kt
7f39bcb742b7205c16faf3f18a5590732978d82f36b862024b008d71d6b19af3	24394	644	APPLICATIVI/Palmare/android-app/app/src/main/java/com/sentrapa/webkiosk/bluetooth/AndroidGattServerSessionHandlerV1.kt
bd672985c563fba11d5eeadbb6fb4543e830e27f45fc790d069782e1ba553ead	34262	644	APPLICATIVI/Palmare/android-app/app/src/main/java/com/sentrapa/webkiosk/bluetooth/AndroidPeerAuthV2.kt
833a7c0531ca917a34c78dd8b13d55839add4e063ec1c84c832ccf221e5ff718	9017	644	APPLICATIVI/Palmare/android-app/app/src/main/java/com/sentrapa/webkiosk/bluetooth/AndroidPeerTrustDirectoryClientV1.kt
27eb3967b09af45990aa03c3ee9baefbc4cf9d2a46e2c0475ea576d5067867f7	30327	644	APPLICATIVI/Palmare/android-app/app/src/main/java/com/sentrapa/webkiosk/bluetooth/AndroidPeerTrustDirectoryV1.kt
2c25d74c024a588a02e9ce1555a24a7fa668184c92a76e6ea648e14d5b6b7eb5	22146	644	APPLICATIVI/Palmare/android-app/app/src/main/java/com/sentrapa/webkiosk/bluetooth/AndroidPeerTrustRuntimeV2.kt
e273e275b7c6c635292de14ac4d536196b9c5009c98d69100c445eb6af1a7b57	15668	644	APPLICATIVI/Palmare/android-app/app/src/main/java/com/sentrapa/webkiosk/bluetooth/BleAdvertiser.kt
208c104d105d9f023c92c8c179c64c5f21f939e56d75392f0533b0e2a63de73c	8258	644	APPLICATIVI/Palmare/android-app/app/src/main/java/com/sentrapa/webkiosk/bluetooth/BleScanner.kt
1d18802f7b2965a0cc02cc7ad8269ff5efa761f1beb962ccb0b20f0196195432	5288	644	APPLICATIVI/Palmare/android-app/app/src/main/java/com/sentrapa/webkiosk/bluetooth/BluetoothAdvertisementV1.kt
2a29d202662c8426780443192d86dc863deb585cde6de8e0d54802703458f5ff	5244	644	APPLICATIVI/Palmare/android-app/app/src/main/java/com/sentrapa/webkiosk/bluetooth/BluetoothAdvertisingHysteresis.kt
c1bb8a2f38e7195fed060d3acac9e76acc2c1efb813b1aa8979848fda4ede006	6233	644	APPLICATIVI/Palmare/android-app/app/src/main/java/com/sentrapa/webkiosk/bluetooth/BluetoothAgentLabReporter.kt
d8ba4f151582917117a32d0798397ee48f4fd77335f02443d17d49dfb0c63946	4056	644	APPLICATIVI/Palmare/android-app/app/src/main/java/com/sentrapa/webkiosk/bluetooth/BluetoothAgentStateStore.kt
dc4ad7410bd2e74fe5e9983c50e06da7991e061f5bd20f8aa5f2535769e43094	653	644	APPLICATIVI/Palmare/android-app/app/src/main/java/com/sentrapa/webkiosk/bluetooth/BluetoothCallbackOwnership.kt
f62891e16fc478eacd4ddb4c7f0b20b8aa262a3c5ca76c522f206d06ea251f08	9326	644	APPLICATIVI/Palmare/android-app/app/src/main/java/com/sentrapa/webkiosk/bluetooth/BluetoothCapabilityProbe.kt
9a30de5de6387057d715b60e402a2d568a3fd89b326c9d169771b477fb433dd5	2108	644	APPLICATIVI/Palmare/android-app/app/src/main/java/com/sentrapa/webkiosk/bluetooth/BluetoothConnectivityMetrics.kt
df1f7fc93ea2f4da4d95c5c19bbf340053452a784380bcfb2da144ea13233763	11060	644	APPLICATIVI/Palmare/android-app/app/src/main/java/com/sentrapa/webkiosk/bluetooth/BluetoothConnectivityStateMachine.kt
3bde2259af371bcad25a6855939c70e561ec1cd1da988782c19438ef9fc62c0e	3940	644	APPLICATIVI/Palmare/android-app/app/src/main/java/com/sentrapa/webkiosk/bluetooth/BluetoothDiagnosticCommandBusV1.kt
b5cdc55b8ebd6a84e1018c2b61b5120a515db9169f2f481f28a247a12e77ee81	58180	644	APPLICATIVI/Palmare/android-app/app/src/main/java/com/sentrapa/webkiosk/bluetooth/BluetoothDirectControlV1.kt
a19c99283841c91385124c7b74fe88245874030b6a1695cc6c2e22ae3da793e6	44075	644	APPLICATIVI/Palmare/android-app/app/src/main/java/com/sentrapa/webkiosk/bluetooth/BluetoothDiscoveryCoordinator.kt
1c0eb7b9d523f8e7aff2d8f6c32bcf6ee87ac9e9d7a9f7c2883e79ea69a543ac	8440	644	APPLICATIVI/Palmare/android-app/app/src/main/java/com/sentrapa/webkiosk/bluetooth/BluetoothDiscoveryLabReporter.kt
427134faeb7438d74c9c09566ab80a0e4f4a6d8ffe585256d5f671d68b8503fb	4524	644	APPLICATIVI/Palmare/android-app/app/src/main/java/com/sentrapa/webkiosk/bluetooth/BluetoothDiscoveryMetrics.kt
6a41518f2644d1e952f39a6b7dd1da30d5222ff5ad65f645f4e59524c4e6e4cf	6870	644	APPLICATIVI/Palmare/android-app/app/src/main/java/com/sentrapa/webkiosk/bluetooth/BluetoothDiscoveryPolicy.kt
cbe6c9b4def8a3b2491739abed7025691385983bc502b2b961b37dc88f520bf0	2302	644	APPLICATIVI/Palmare/android-app/app/src/main/java/com/sentrapa/webkiosk/bluetooth/BluetoothDiscoveryPrerequisites.kt
4fe1f1a1d5f0514c523696f754b37553b6661287a93f799c32f864b70ea9b4f4	291	644	APPLICATIVI/Palmare/android-app/app/src/main/java/com/sentrapa/webkiosk/bluetooth/BluetoothDiscoveryRuntimeEvent.kt
adfc53d08fd5642ae00e28f860a36c570acea5468577701a508586799cb0b22a	16620	644	APPLICATIVI/Palmare/android-app/app/src/main/java/com/sentrapa/webkiosk/bluetooth/BluetoothDynamicRouteHealthV1.kt
3ca96bcef1762d2fe82c3676646c369b57a807590e4b420ba615f7ed1aa96395	13172	644	APPLICATIVI/Palmare/android-app/app/src/main/java/com/sentrapa/webkiosk/bluetooth/BluetoothEnrollmentClient.kt
6990ea80c345c9d71fb1536f540b2778f64d766ec73cbce9bf7d02a2c520b71c	33093	644	APPLICATIVI/Palmare/android-app/app/src/main/java/com/sentrapa/webkiosk/bluetooth/BluetoothEnrollmentCoordinator.kt
01aab3eba49344ae192c99409e40ae91cd6b8bc421ad050f1b38c5ddd414190d	14718	644	APPLICATIVI/Palmare/android-app/app/src/main/java/com/sentrapa/webkiosk/bluetooth/BluetoothEnrollmentProtocolV1.kt
3d4e660cadb0838af4459654df2e8f0571e634d02f421f67dd9f87e2744fac6f	8521	644	APPLICATIVI/Palmare/android-app/app/src/main/java/com/sentrapa/webkiosk/bluetooth/BluetoothEnrollmentProtocolV2.kt
5aac323ab2be5c3e475ae7db6c3d1d676db6aa1fe271dcfc249a30705bc4af3c	3257	644	APPLICATIVI/Palmare/android-app/app/src/main/java/com/sentrapa/webkiosk/bluetooth/BluetoothFailoverFeaturePolicy.kt
0f9e2d0d475d54c3b2130c9ffc4b4675f78c7715386e5df88627267685275e37	30589	644	APPLICATIVI/Palmare/android-app/app/src/main/java/com/sentrapa/webkiosk/bluetooth/BluetoothFailoverService.kt
7cc0510d15ca575544de87ff0032e5aa7db7d9d9939b71b71e5493d258e22f52	426	644	APPLICATIVI/Palmare/android-app/app/src/main/java/com/sentrapa/webkiosk/bluetooth/BluetoothFailoverUiBridge.kt
550fd430dce3c03b048128eb17fb56a55a36a0de38d0a894316a9dcff37c09a8	10139	644	APPLICATIVI/Palmare/android-app/app/src/main/java/com/sentrapa/webkiosk/bluetooth/BluetoothGattClientLabReporter.kt
45ce17d68377ac57c5df67cfc6332caa6ddfb2adacedc9cc8bb992176ef20265	7495	644	APPLICATIVI/Palmare/android-app/app/src/main/java/com/sentrapa/webkiosk/bluetooth/BluetoothGattServerLabReporter.kt
1704c4b9f36bd76851c1ec7b24b9b24e456b036917097135f8f1447fe2b6202c	13721	644	APPLICATIVI/Palmare/android-app/app/src/main/java/com/sentrapa/webkiosk/bluetooth/BluetoothHelloV1.kt
41f2ecffc5820a53ac72cd4a549ca5c6548b12dc69abeb6ae5535de881d8f6b7	17357	644	APPLICATIVI/Palmare/android-app/app/src/main/java/com/sentrapa/webkiosk/bluetooth/BluetoothMutualAuthV1.kt
43bdcbadf077991e05453517bfe4c5f79da2d093094bd8c9bfb3badb348966a8	4552	644	APPLICATIVI/Palmare/android-app/app/src/main/java/com/sentrapa/webkiosk/bluetooth/BluetoothNodeClassifier.kt
c1aa5ca706ad13f9315bdd630026e8e484725cbc9cc507097628ac4026218439	13880	644	APPLICATIVI/Palmare/android-app/app/src/main/java/com/sentrapa/webkiosk/bluetooth/BluetoothPeerDirectory.kt
1ac7861cefe0613db8da6e5ea5aafe019be113c32dda55c9097eb31bf464ad5c	1759	644	APPLICATIVI/Palmare/android-app/app/src/main/java/com/sentrapa/webkiosk/bluetooth/BluetoothPermissionCoordinator.kt
a00a740dec5ff59928c4098dde27bcb1fa90af4b4912410d14377034f210f2f8	1542	644	APPLICATIVI/Palmare/android-app/app/src/main/java/com/sentrapa/webkiosk/bluetooth/BluetoothRadioStartupGate.kt
72550e431747ab7379432628d755d94f00ed2029879b2d8e16cec2f9dfda6c7b	2836	644	APPLICATIVI/Palmare/android-app/app/src/main/java/com/sentrapa/webkiosk/bluetooth/BluetoothScanIngressQueue.kt
d6a40844fee743bb9db3481d974d2b47976b88d4580a4797e5434c4eb6a744fa	3284	644	APPLICATIVI/Palmare/android-app/app/src/main/java/com/sentrapa/webkiosk/bluetooth/BluetoothScanWindowScheduler.kt
7c5e9a1d84f9e2107a32bc9269a893044df666cf7619b71ca2794d3298860163	16771	644	APPLICATIVI/Palmare/android-app/app/src/main/java/com/sentrapa/webkiosk/bluetooth/BluetoothShadowV1.kt
0511361ac1b73b74ec752b1ce8961468e1fa1cbb9975ca240935a4117ee276c9	2482	644	APPLICATIVI/Palmare/android-app/app/src/main/java/com/sentrapa/webkiosk/bluetooth/BluetoothTransportMessageRouterV1.kt
e7999ba3f4e19a8e2477c0f272954d0d25ba653e3ac55071b0e9b5ee121513ae	14552	644	APPLICATIVI/Palmare/android-app/app/src/main/java/com/sentrapa/webkiosk/bluetooth/BluetoothTransportStoreContract.kt
06a97b70f7da9afe0969f54ff88cbc18b8d61720497c1cae116e3aef42b58409	82009	644	APPLICATIVI/Palmare/android-app/app/src/main/java/com/sentrapa/webkiosk/bluetooth/DeviceIdentityManager.kt
d1fdc03dcc35985ccad64646f9ac2fd28b2173af008c7d46523ad598923b6667	26472	644	APPLICATIVI/Palmare/android-app/app/src/main/java/com/sentrapa/webkiosk/bluetooth/FrameCodec.kt
4dec590b062eb97d70c4601e37ecd71c8fe5cf644f131bb81338d88b0b0ddac0	12023	644	APPLICATIVI/Palmare/android-app/app/src/main/java/com/sentrapa/webkiosk/bluetooth/GattReliableDataPlaneV1.kt
d52b96d11b6dccd8e5b3ea62735e998a0b142dfca739a0b0683cfbaaaf69fdb6	669	644	APPLICATIVI/Palmare/android-app/app/src/main/java/com/sentrapa/webkiosk/bluetooth/NativeBluetoothCapabilityBridge.kt
8bc8251b2fdbe9a5cd5b1e376e79cd8e420f4f6dd12450c4563bcc326cafd1ef	8340	644	APPLICATIVI/Palmare/android-app/app/src/main/java/com/sentrapa/webkiosk/bluetooth/P256IdentityV2.kt
ebabd14e86c3fec2d91ee670277d1e0aa4419fba0ca33f1c9a527384c2960b67	24059	644	APPLICATIVI/Palmare/android-app/app/src/main/java/com/sentrapa/webkiosk/bluetooth/ReliableChannel.kt
76d23f4332178583fef66c633b790b69696bd08899601c4080c6af72b89896c0	2586	644	APPLICATIVI/Palmare/android-app/app/src/main/java/com/sentrapa/webkiosk/bluetooth/RotatingAliasV1.kt
e808f4a93f147d4ab42ca6f9a2a2a58e0e9186dc76cc3aff8035d45471765614	17875	644	APPLICATIVI/Palmare/android-app/app/src/main/java/com/sentrapa/webkiosk/bluetooth/RouteAdvertisementV1.kt
189284537528ce6c33281146df6457725e25ba836e4989062cc9deb0c597be77	4641	644	APPLICATIVI/Palmare/android-app/app/src/main/java/com/sentrapa/webkiosk/notifications/AppFirebaseMessagingService.kt
5237d9f26881710385333b0decc8203b393248bfc5c08f0e812af23d905ae41a	4519	644	APPLICATIVI/Palmare/android-app/app/src/main/java/com/sentrapa/webkiosk/notifications/NativeNotificationBridge.kt
6f508bd0d94f733b71a9205b94da5be62e0fa6e3821a34e8a7c838ecc695b98c	13875	644	APPLICATIVI/Palmare/android-app/app/src/main/java/com/sentrapa/webkiosk/notifications/NotificationHelper.kt
310e9256f2f6a869b1f250f5e4f318016a10f4c70ed726a72e2e3f92b451ce3d	1156130	644	APPLICATIVI/Palmare/android-app/app/src/main/res/drawable-nodpi/amalia_logo.png
e32765639e1658427cb9821350571c37859d8a8f0a9d12c0d8f7c15913a20a93	4941	644	APPLICATIVI/Palmare/android-app/app/src/main/res/drawable/ic_launcher_background.xml
27abaca830d3f53bf8a27e6a2b7d21212f2d63a868879216fecbd111fc318a86	396	644	APPLICATIVI/Palmare/android-app/app/src/main/res/drawable/ic_notification.xml
df72602bb30d9708720c28bd5e88f486dd79aad4a9687719e9b0ebf04f8be15b	272	644	APPLICATIVI/Palmare/android-app/app/src/main/res/mipmap-anydpi-v26/ic_launcher.xml
df72602bb30d9708720c28bd5e88f486dd79aad4a9687719e9b0ebf04f8be15b	272	644	APPLICATIVI/Palmare/android-app/app/src/main/res/mipmap-anydpi-v26/ic_launcher_round.xml
033db782db6779ebd81a0e9485a0bb2ada29d5359870b2fe37f6555f0d7913f8	3470	644	APPLICATIVI/Palmare/android-app/app/src/main/res/mipmap-hdpi/ic_launcher.webp
0476457c7ff6d227ac0dbfbfcc5bfefb9a1dece2816296972bfd53dccb5dff21	10430	644	APPLICATIVI/Palmare/android-app/app/src/main/res/mipmap-hdpi/ic_launcher_foreground.webp
ef23b87634f508ed7cde2696122006ed499dee14386588fb749b80a2e5b1a2b0	4380	644	APPLICATIVI/Palmare/android-app/app/src/main/res/mipmap-hdpi/ic_launcher_round.webp
8351a1800140fb4f1c0d19c16085ebd7be68e48f4ce4b5f9d77ddc8bf444e82a	2152	644	APPLICATIVI/Palmare/android-app/app/src/main/res/mipmap-mdpi/ic_launcher.webp
eb761f90b0fe99160dc7a5ca8f33209c13b14702fc9895e5077c72dae93ad87d	5392	644	APPLICATIVI/Palmare/android-app/app/src/main/res/mipmap-mdpi/ic_launcher_foreground.webp
7d89e798ca131bcdfe7241898b0b38f26a05aa016602677eac630def0c3c76cc	2456	644	APPLICATIVI/Palmare/android-app/app/src/main/res/mipmap-mdpi/ic_launcher_round.webp
167a9967eb46022fc848ec2bf2988cb8272f8e2f8453765dbd0c0e25e50da4f4	5326	644	APPLICATIVI/Palmare/android-app/app/src/main/res/mipmap-xhdpi/ic_launcher.webp
5a3e6170abe9f81b3244ff39a1495aa5a75e49ec3016f7a20ecc29a794058ca5	17660	644	APPLICATIVI/Palmare/android-app/app/src/main/res/mipmap-xhdpi/ic_launcher_foreground.webp
a334f356363fb1e3a24fabe4682967ef9edfde4daa1fb9fd442f9c6a86b7d407	7222	644	APPLICATIVI/Palmare/android-app/app/src/main/res/mipmap-xhdpi/ic_launcher_round.webp
2a5a07af1f33d459165fbe7e5abf191f45d3f2c9d99478e66daa8f4c3b1f8605	10236	644	APPLICATIVI/Palmare/android-app/app/src/main/res/mipmap-xxhdpi/ic_launcher.webp
00d3150679f2a733c48849237ce314141a5904253e86b812229cfd5bd5521ca1	40952	644	APPLICATIVI/Palmare/android-app/app/src/main/res/mipmap-xxhdpi/ic_launcher_foreground.webp
5f573ea474bb4de44df9a05d87b4358400f07236d8019eef8cfac9373edba055	13934	644	APPLICATIVI/Palmare/android-app/app/src/main/res/mipmap-xxhdpi/ic_launcher_round.webp
3931b16755dcab503993de8dd553fcba409364f669f6788040671b69f6e6f735	16522	644	APPLICATIVI/Palmare/android-app/app/src/main/res/mipmap-xxxhdpi/ic_launcher.webp
4df44799c58211dfa9fc62a0251c51fb60a064c69fb814dbda92e3601baecf0d	77086	644	APPLICATIVI/Palmare/android-app/app/src/main/res/mipmap-xxxhdpi/ic_launcher_foreground.webp
ef7714fdb65b315a1a5958441ec5a255659f7aef2fe73398063ce56e2d04efa4	21688	644	APPLICATIVI/Palmare/android-app/app/src/main/res/mipmap-xxxhdpi/ic_launcher_round.webp
1baaa98a5e85c18be6a04ae99da2959c4eb670fd2289c8823449becb3e9bd3dd	168	644	APPLICATIVI/Palmare/android-app/app/src/main/res/values/strings.xml
dd196636b5af277191881baf7be95601a9cb78ebf759519f554356ab311e1ac7	778	644	APPLICATIVI/Palmare/android-app/app/src/main/res/values/themes.xml
2c5c697984f4c52b526337ab61113f5843e0bfc6af4722374916ffe6da38dd9a	293	644	APPLICATIVI/Palmare/android-app/app/src/main/res/xml/backup_rules.xml
eda9dddce1e895de1efd716fe75e244187bf8f91a3bb7444c6ea1731e51c74a8	630	644	APPLICATIVI/Palmare/android-app/app/src/main/res/xml/data_extraction_rules.xml
ec0201eca76efaaf98b18dfb1c9ac7cb85d692b97199302c3f43fcce974ff1fb	197	644	APPLICATIVI/Palmare/android-app/app/src/main/res/xml/file_paths.xml
90d8fb465cfd766e27e9d0949bebb76bbd0e0631bee13b574fbe6dcb5dd81c6e	1199	644	APPLICATIVI/Palmare/android-app/app/src/test/java/com/sentrapa/webkiosk/NativeBatteryPolicyTest.kt
c9add01161a6767a50fbca75c87dd06045a492dcbdc915d266d362b6b5a149f2	2341	644	APPLICATIVI/Palmare/android-app/app/src/test/java/com/sentrapa/webkiosk/NativeNotificationPolicyTest.kt
6097678a71a08ef4253f7982c2ecfb60ecdb3f3822bf28aeb74feb89c846a908	8418	644	APPLICATIVI/Palmare/android-app/app/src/test/java/com/sentrapa/webkiosk/NativeNotificationRequestPolicyTest.kt
de42e91e287c40f560f670c4a698a32354822bcece9906c5f5b2af1ad8d538fb	1144	644	APPLICATIVI/Palmare/android-app/app/src/test/java/com/sentrapa/webkiosk/NativeNotificationTransportTest.kt
06d59df62a58531bbd123ee7f4920b0aa06d3f78738d9865bd0017e7fdd927b5	6061	644	APPLICATIVI/Palmare/android-app/app/src/test/java/com/sentrapa/webkiosk/NativeSessionContextTest.kt
df3db4727dc97113151554b0532cba5acbc3dd7e09c1dfddd823fd58b3cee024	2882	644	APPLICATIVI/Palmare/android-app/app/src/test/java/com/sentrapa/webkiosk/PalmareWebAppAssetsTest.kt
de4b09d7114e244b2ebd263058f2ea74277139c1e072ef3f41e81346e3952701	10891	644	APPLICATIVI/Palmare/android-app/app/src/test/java/com/sentrapa/webkiosk/bluetooth/AliasKeyEnrollmentV1Test.kt
3d953d4697463ef40110a93b0af990c176d23a55cfe602215596cbcd6f850afe	13086	644	APPLICATIVI/Palmare/android-app/app/src/test/java/com/sentrapa/webkiosk/bluetooth/AndroidAndroidRoleElectionV1Test.kt
f3bd293cd5bf07bfe3a58c16c677dece0de559e380eae8ebcd1218896d7676bb	7151	644	APPLICATIVI/Palmare/android-app/app/src/test/java/com/sentrapa/webkiosk/bluetooth/AndroidBluetoothBackendHealthProbeV1Test.kt
a2653160f678138cecb84ba8202584e3836ac86beddbbf91bab7aeb5c6ba8b56	5747	644	APPLICATIVI/Palmare/android-app/app/src/test/java/com/sentrapa/webkiosk/bluetooth/AndroidBluetoothReliableRuntimeEndToEndV1Test.kt
daa15d7ac00436beb52cde1f74db8bc001c9f79b0f5c55ac693899390140aec8	15846	644	APPLICATIVI/Palmare/android-app/app/src/test/java/com/sentrapa/webkiosk/bluetooth/AndroidBluetoothTransportRuntimeV1Test.kt
de72ff86a823665d2d1abdc07bd8e29e84c7f7a133f10d34a93f93de5a7bafaf	22579	644	APPLICATIVI/Palmare/android-app/app/src/test/java/com/sentrapa/webkiosk/bluetooth/AndroidGattClientStateMachineTest.kt
eea80696ed5a02561ace3fb59aaf9ecac8e4a149d4f038aa6c7f381664386f89	6974	644	APPLICATIVI/Palmare/android-app/app/src/test/java/com/sentrapa/webkiosk/bluetooth/AndroidGattReliableDataPlaneBridgeV1Test.kt
fb931baf471faec4966c49c7ae4610b6ea69d8246af674602127f4644fe485d0	11417	644	APPLICATIVI/Palmare/android-app/app/src/test/java/com/sentrapa/webkiosk/bluetooth/AndroidGattReliableOperationQueueV1Test.kt
d6bc069f4c071c3ba0c0c8c1bdf5a2230d1b2170f61cdafdd842fb850d5cb42d	5281	644	APPLICATIVI/Palmare/android-app/app/src/test/java/com/sentrapa/webkiosk/bluetooth/AndroidGattReliableSessionLifecycleV1Test.kt
e4bbc7f6c8bcaf70649d40ec1d7506fb764966e2c7903a90d0f66e80ca2c0869	4730	644	APPLICATIVI/Palmare/android-app/app/src/test/java/com/sentrapa/webkiosk/bluetooth/AndroidGattReliableSetupDeadlineV1Test.kt
40888e7113e5f9d2c52708dec076e80e356a383046b1ceb53dc5814f845f090a	3923	644	APPLICATIVI/Palmare/android-app/app/src/test/java/com/sentrapa/webkiosk/bluetooth/AndroidGattServerSecurePromotionV1Test.kt
776ff49d318a16a5fd07ea2a41189735457ea621d8144a820cc8f769a553c5c1	11699	644	APPLICATIVI/Palmare/android-app/app/src/test/java/com/sentrapa/webkiosk/bluetooth/AndroidGattServerSessionHandlerV1Test.kt
05dc09be36fba0214bc3023b83251902b4d9473381d3a6a58a824c75e6f4efb0	41126	644	APPLICATIVI/Palmare/android-app/app/src/test/java/com/sentrapa/webkiosk/bluetooth/AndroidPeerTrustAndAuthV2Test.kt
a622d3519ffb564ab599d8db73fec5c3c566151ab0fb8ba1290ab5a44af91a58	7106	644	APPLICATIVI/Palmare/android-app/app/src/test/java/com/sentrapa/webkiosk/bluetooth/BleAdvertiserStartDeadlineV1Test.kt
34035fe9c52e0ce87c12c31ac130c60805537598e431e48e3c161bc461a166c4	3351	644	APPLICATIVI/Palmare/android-app/app/src/test/java/com/sentrapa/webkiosk/bluetooth/BleScannerCompatibilityTest.kt
03c66b41ef61f62cd33e63bd1ab0cedc30e53e2cb49ede4901dda8530d9a9d6e	5861	644	APPLICATIVI/Palmare/android-app/app/src/test/java/com/sentrapa/webkiosk/bluetooth/BluetoothAdvertisementV1Test.kt
90b34b943c0f8b6225eddd1032e5590033c2de872e2dcb9fd861d596c2848d5f	6776	644	APPLICATIVI/Palmare/android-app/app/src/test/java/com/sentrapa/webkiosk/bluetooth/BluetoothAdvertisingHysteresisTest.kt
199401efe47cac353d23bf8dd244f37dc124047d12f46ba63f9c3c39b0c5696f	1992	644	APPLICATIVI/Palmare/android-app/app/src/test/java/com/sentrapa/webkiosk/bluetooth/BluetoothAgentLabReporterTest.kt
ca7f8fd0bb52f6862935a3e9917ca830011e0ac3dce741163fd6864046643767	3507	644	APPLICATIVI/Palmare/android-app/app/src/test/java/com/sentrapa/webkiosk/bluetooth/BluetoothAgentStateStoreTest.kt
57a93bb00b6d65b3f6b79a7b22c3e8fd804dc2266742c8a0e3e33225edbd38a2	3053	644	APPLICATIVI/Palmare/android-app/app/src/test/java/com/sentrapa/webkiosk/bluetooth/BluetoothCallbackOwnershipTest.kt
75a80e37ca6b6a15b6168dc022ded4a4a37c9858948aa92e19b9f36f5f084e6f	2987	644	APPLICATIVI/Palmare/android-app/app/src/test/java/com/sentrapa/webkiosk/bluetooth/BluetoothConnectivityMetricsTest.kt
20b4b7867b0422b0aa7ed9f412ce962360e3e0cf13a4258883786469c87ef85f	6562	644	APPLICATIVI/Palmare/android-app/app/src/test/java/com/sentrapa/webkiosk/bluetooth/BluetoothConnectivityStateMachineTest.kt
21ee83a69e823d79089f6243944d81add790bb1ecaf144413fb1a5285d6ac095	1949	644	APPLICATIVI/Palmare/android-app/app/src/test/java/com/sentrapa/webkiosk/bluetooth/BluetoothDiagnosticCommandBusV1Test.kt
9c711427e7ddd98a3403652fdad9bc27911e99e2bf57564313df94e999092f37	29877	644	APPLICATIVI/Palmare/android-app/app/src/test/java/com/sentrapa/webkiosk/bluetooth/BluetoothDirectControlV1Test.kt
5e26e86261808da1eceec054af37c2ae5850c1f40ae3b49270106e3c55581162	2544	644	APPLICATIVI/Palmare/android-app/app/src/test/java/com/sentrapa/webkiosk/bluetooth/BluetoothDiscoveryClosePolicyTest.kt
6cb79bfa1d99b5bcd4077eed42324b5901db25d15627daab93779f15d21e2d60	6322	644	APPLICATIVI/Palmare/android-app/app/src/test/java/com/sentrapa/webkiosk/bluetooth/BluetoothDiscoveryCoordinatorTest.kt
61088c2686a6bd7e4563c990f125741a7382299e1d761333ba568f8a6d151710	4116	644	APPLICATIVI/Palmare/android-app/app/src/test/java/com/sentrapa/webkiosk/bluetooth/BluetoothDiscoveryLabReporterTest.kt
43af628dcd8262f946c18c417e5e978849d25c36d8f04462113935094b3115a4	4155	644	APPLICATIVI/Palmare/android-app/app/src/test/java/com/sentrapa/webkiosk/bluetooth/BluetoothDiscoveryMetricsTest.kt
9a7bcbd19086504e869cd3dca272445d1330f13d5e73ea05033dba6dd952f33e	6224	644	APPLICATIVI/Palmare/android-app/app/src/test/java/com/sentrapa/webkiosk/bluetooth/BluetoothDiscoveryPolicyTest.kt
b70c9571913be0452027f8a03fab12d14b98ee2e655e63d5a468e1f380b8101a	4572	644	APPLICATIVI/Palmare/android-app/app/src/test/java/com/sentrapa/webkiosk/bluetooth/BluetoothDiscoveryPrerequisitesTest.kt
764816e8273947032ac6a54ca83f3b576fb01539f1884f65e3fc0ad7fd4e3ab6	7474	644	APPLICATIVI/Palmare/android-app/app/src/test/java/com/sentrapa/webkiosk/bluetooth/BluetoothDynamicRouteHealthV1Test.kt
a85055dbae26db77103078053c7e75022e3b5a51ae9b4e0f762438862a0d4eb8	18700	644	APPLICATIVI/Palmare/android-app/app/src/test/java/com/sentrapa/webkiosk/bluetooth/BluetoothEnrollmentCoordinatorTest.kt
8fb3ab5c2bdf0a38f811de75dcf3774da09d4342884938157b219bd7abbce5de	8676	644	APPLICATIVI/Palmare/android-app/app/src/test/java/com/sentrapa/webkiosk/bluetooth/BluetoothEnrollmentProtocolV1Test.kt
3dbc7c219529e8ae8ca0415740f4dbcfbeb18388f2f5e35fc3a275008f40ba4b	10690	644	APPLICATIVI/Palmare/android-app/app/src/test/java/com/sentrapa/webkiosk/bluetooth/BluetoothEnrollmentProtocolV2Test.kt
bab92f4787f5ae82c3d79a008610c42a715bc7ec39fc06b37a577b5f04547daa	14306	644	APPLICATIVI/Palmare/android-app/app/src/test/java/com/sentrapa/webkiosk/bluetooth/BluetoothEnrollmentTlsIntegrationTest.kt
762b59e89fa0eadd6bceb6629a680238e37b372054350d1225d4f877fe086440	5209	644	APPLICATIVI/Palmare/android-app/app/src/test/java/com/sentrapa/webkiosk/bluetooth/BluetoothEnrollmentV2GoldenVectorTest.kt
bcee229f0214205eb94bc75ccf9d3654cc1ef9681636e8e0423e583ec43dacf8	7722	644	APPLICATIVI/Palmare/android-app/app/src/test/java/com/sentrapa/webkiosk/bluetooth/BluetoothFailoverFeaturePolicyTest.kt
925448b20713be91fe48db1ba876ebdb484ebfccf7e51010b6c69a78ad3070b4	1241	644	APPLICATIVI/Palmare/android-app/app/src/test/java/com/sentrapa/webkiosk/bluetooth/BluetoothFailoverSessionPolicyTest.kt
e9d6fe8b3f81cafbe9dd2967577b3b0475f1bc65d2f4cd144c8e966ad838a2c7	2756	644	APPLICATIVI/Palmare/android-app/app/src/test/java/com/sentrapa/webkiosk/bluetooth/BluetoothGattServerLabReporterTest.kt
bf150ed6578ca6a1a12ffe5ee824ea508d598d99625edb7e097fb959a5b4ea6c	6630	644	APPLICATIVI/Palmare/android-app/app/src/test/java/com/sentrapa/webkiosk/bluetooth/BluetoothHelloV1Test.kt
6c9b3d7cddaab170eb7c0e06e8180a94f0a03284f3b954515178663fb70f2ff8	9208	644	APPLICATIVI/Palmare/android-app/app/src/test/java/com/sentrapa/webkiosk/bluetooth/BluetoothMutualAuthV1Test.kt
6f83202767ff5e8df50c6d62a6024b987ed9571147aeb27ab7b2a5e5f65689b2	6226	644	APPLICATIVI/Palmare/android-app/app/src/test/java/com/sentrapa/webkiosk/bluetooth/BluetoothNodeClassifierTest.kt
1b0c80ba07c92c34b7b5399f1ff8680689b0405ab5ea5fcbb5df7f733109560e	8154	644	APPLICATIVI/Palmare/android-app/app/src/test/java/com/sentrapa/webkiosk/bluetooth/BluetoothPeerDirectoryTest.kt
0b0d404ffeac7a2fe96449c089271b6af6178f2d232d8ee3d640e071c09964da	1142	644	APPLICATIVI/Palmare/android-app/app/src/test/java/com/sentrapa/webkiosk/bluetooth/BluetoothPermissionCoordinatorTest.kt
41cef92aef016dd4d8c199665129f273b949ba6b9c837a070cb3551939a55033	2474	644	APPLICATIVI/Palmare/android-app/app/src/test/java/com/sentrapa/webkiosk/bluetooth/BluetoothRadioStartupGateTest.kt
65487cdde2d568d235f6a03fc08f6335a3f1a6180f9f13a04f4af9a687d26792	5230	644	APPLICATIVI/Palmare/android-app/app/src/test/java/com/sentrapa/webkiosk/bluetooth/BluetoothReliableEndpointArbiterV1Test.kt
6f516df3ce7d2c051066ac301d767b687a0cd0baf26910399c9927c48bfa11a0	5439	644	APPLICATIVI/Palmare/android-app/app/src/test/java/com/sentrapa/webkiosk/bluetooth/BluetoothScanIngressQueueTest.kt
e79eed1c196ab4b2104072a18229f56abfd40f4b92d382796178d4bee7eebccb	4754	644	APPLICATIVI/Palmare/android-app/app/src/test/java/com/sentrapa/webkiosk/bluetooth/BluetoothScanWindowSchedulerTest.kt
d4ef2ae5893d99150d9b736c92b2ccb005fdc3c4a32382a2f237647da2c01d5a	8424	644	APPLICATIVI/Palmare/android-app/app/src/test/java/com/sentrapa/webkiosk/bluetooth/BluetoothShadowV1Test.kt
b76ecb30e6ca814ddc6ef5e33a9ad892bfc9c71b90a74623bab5121e327a9aab	3327	644	APPLICATIVI/Palmare/android-app/app/src/test/java/com/sentrapa/webkiosk/bluetooth/BluetoothTransportMessageRouterV1Test.kt
f06e795b0cd45c4e307a9c6a68c896bfe8a70104f33b3437afcfda78ca05e502	14733	644	APPLICATIVI/Palmare/android-app/app/src/test/java/com/sentrapa/webkiosk/bluetooth/BluetoothTransportStoreContractTest.kt
36876745555593cda94e7809341077f03a466c0d5b8743c5880bfd3b11af07fe	3225	644	APPLICATIVI/Palmare/android-app/app/src/test/java/com/sentrapa/webkiosk/bluetooth/DeviceIdentityManagerNamespaceTest.kt
a7d0a0c8f6287242094c84e00e8b7717f7bb8f4aeac1cf9689c94739afdcb1ca	10435	644	APPLICATIVI/Palmare/android-app/app/src/test/java/com/sentrapa/webkiosk/bluetooth/FrameCodecTest.kt
6236d81027d9b7b88d1506cbfce5f3904c0b25001802fcfe36d717dcfc9502d8	9726	644	APPLICATIVI/Palmare/android-app/app/src/test/java/com/sentrapa/webkiosk/bluetooth/GattReliableDataPlaneV1Test.kt
9007eab4fe4030712b39a884ab2f82ec6f960a535941f0101448aec26b1cd520	534	644	APPLICATIVI/Palmare/android-app/app/src/test/java/com/sentrapa/webkiosk/bluetooth/NativeBluetoothCapabilityBridgeTest.kt
4cc581cba1ab25698a17f08bc035006efc56d56f34f867c6df5842a50e48ed34	6706	644	APPLICATIVI/Palmare/android-app/app/src/test/java/com/sentrapa/webkiosk/bluetooth/P256IdentityV2Test.kt
a0537466b0f595cef890615436505eacca5f83be084b050089b769e519ae0464	15846	644	APPLICATIVI/Palmare/android-app/app/src/test/java/com/sentrapa/webkiosk/bluetooth/ReliableChannelTest.kt
338c7c26fec14ee6d52d188a4f91dcb1182e226d8f5faa2a41f97f340fa70088	2837	644	APPLICATIVI/Palmare/android-app/app/src/test/java/com/sentrapa/webkiosk/bluetooth/RotatingAliasV1Test.kt
fe3a9530c0d3a5547c6de1738f62df665ef13e1d64c9cd43932da6eac30fa7b0	11521	644	APPLICATIVI/Palmare/android-app/app/src/test/java/com/sentrapa/webkiosk/bluetooth/RouteAdvertisementV1Test.kt
bdfb5c009641a1f2518c1fd5ea94f283c0c8f02f88b4e767e150d026eb6f3a93	1124	644	APPLICATIVI/Palmare/android-app/app/src/test/resources/tls/tls-server-expired.p12
9918078b009ce248ccbcd1f3f55078e382f2b8084f0752c25a958f52460bdcfb	1108	644	APPLICATIVI/Palmare/android-app/app/src/test/resources/tls/tls-server-valid.p12
9c9f33a1ca855c45f8337afcd690e7b6b44e879af74c02f12ebe8a1d3896e7ca	311	644	APPLICATIVI/Palmare/android-app/build.gradle.kts
62a18807fa8cfd30ed3a6a5f7da22fa9ff192c8fc83ad142ec388f2f45bee2b7	231	644	APPLICATIVI/Palmare/android-app/gradle.properties
ad63ba21fb91e490e0f6fd0ca7d4049241f0f68a454b0b3075c041c4554e611c	56177	644	APPLICATIVI/Palmare/android-app/gradle/wrapper/gradle-wrapper.jar
f1da2d7623b57de31dd95970e88eba2e09ca099ee427c29aaa980ac8b73f2901	200	644	APPLICATIVI/Palmare/android-app/gradle/wrapper/gradle-wrapper.properties
8c4c04dd98db1f00d49456dd162418a39312c5cb13d6865d783deb483bd1ed22	5296	755	APPLICATIVI/Palmare/android-app/gradlew
0008d785920c9ff5cab17403e0270ccc7ceee8e169b6d67a82d96a5475fec5c9	2260	644	APPLICATIVI/Palmare/android-app/gradlew.bat
665f54d2e098751ed9acdd4309f30577fabac509b190ee7645411a231298844f	334	644	APPLICATIVI/Palmare/android-app/settings.gradle.kts
8bcb070990f1c9b46e853e8ab218c565dd5a50bcd66dc3a3451c6d4a2571184e	1918	644	APPLICATIVI/Palmare/build-palmare.ps1
f85dfe4327a94af09d2d9cacf3a6ed009576176ee225847bb4145a043877965c	1157	644	APPLICATIVI/Palmare/install-realtimefix-adb.ps1
32e4b2cc0bca5a3650b032f99d5146a0a7d6c65b95b18d0f9b71c7ad44424381	807	755	APPLICATIVI/Palmare/install-realtimefix-adb.sh
918ad5796c5f6ba126632007f4666bec0b6a3e71d117ce3fdcf82efd2e0f79d2	7209	644	APPLICATIVI/Palmare/tools/device-online-smoke.mjs
fdf226e8b224b6c3fb9af1ef241da6fc862e850f0bcd4970fd257ff749bb13e7	5260	644	APPLICATIVI/Palmare/tools/verify-device-webview.mjs
76f34a066a57a4fc59efb3dc2df006cb784c6823353d6b420377483727eac363	233	644	APPLICATIVI/Palmare/web-frontend/.env.example
f2256b0af1e7cf561363603b1199ec5e5e479e772b4eeea9646568e81e25deca	209	644	APPLICATIVI/Palmare/web-frontend/.gitignore
3180322bc1b0adc0a85b26ac4095b065756bc9c5a7ed4f4b64eb6d7d1e3f10bd	172	644	APPLICATIVI/Palmare/web-frontend/.prettierignore
fc9eab59b6abdbe67e849f53c17cda4fab1990e5cc91f5fee9f3bb7225af4c5e	50	644	APPLICATIVI/Palmare/web-frontend/.prettierrc.json
4b2391c7c58aaa92f0dad2b9033f132738a317b33da1c6a2d6d6879156c1d10d	1138	644	APPLICATIVI/Palmare/web-frontend/AGENTS.md
965a93f1640865aa62ad822ca20c1791df696bfb791a125cb80c390b46a4d263	4324	644	APPLICATIVI/Palmare/web-frontend/CONTESTO_FRONTENDV2_CODEX.md
edfaab2bb738c349bde2d6ef2a759cb74c04daf6c7dd3a5f5158a74970020428	900	644	APPLICATIVI/Palmare/web-frontend/README.md
65fff46efc7524a7992804da3caa3ba3b59d4cf4a98c0caf92095f931fdf7d8c	2001	644	APPLICATIVI/Palmare/web-frontend/docs/lan-https.md
65432e30125c91e726db85c776b0884c507e429c4c10a6ee3119ea94c1256196	6444	644	APPLICATIVI/Palmare/web-frontend/docs/mobile-frontend-v2/ARCHITECTURE.md
9c49cdc584b6db4824046c691974592bf95b30ed56bed7de12adcc7f8c0da8b9	9380	644	APPLICATIVI/Palmare/web-frontend/docs/mobile-frontend-v2/BRIDGE_RETIREMENT_PLAN.md
c12123191ef799fb0773dc58be456308476b867c3373a260fe80422c8a7c58f7	71340	644	APPLICATIVI/Palmare/web-frontend/docs/mobile-frontend-v2/CODEX_HANDOFF.md
940cab9f45da4049f0ac49a9cc2acf72f6862b1a60b7575a6602d51ce2a3aac5	1225	644	APPLICATIVI/Palmare/web-frontend/docs/mobile-frontend-v2/CODING_STANDARD.md
8d86ffd754bca6f0b97b1d8523b657a6d8a61e777dd454b93cdd912a0dc17ac0	1283	644	APPLICATIVI/Palmare/web-frontend/docs/mobile-frontend-v2/QUALITY_GATES.md
5b3c73e80852fb8a6e1e472f4e89f97cd742dac2618b5f3e55083d4318061690	6326	644	APPLICATIVI/Palmare/web-frontend/docs/mobile-frontend-v2/V1_BRIDGE_NATIVE_IMPORT.md
3b1212ca110d479f70ac244067b6d5657a53bd518fbece3722a3497b822318e9	1030	644	APPLICATIVI/Palmare/web-frontend/docs/mobile-frontend-v2/VISUAL_PARITY.md
49aa6990a1a864ab0792d7ad2bda00a93ef73ed664a8f9bf35884b401e56f3df	1940	644	APPLICATIVI/Palmare/web-frontend/eslint.config.js
823c357917b833cf3ea96ba2452f9d2cca076d80c62c730348cdf0727a2ea3ba	1393	644	APPLICATIVI/Palmare/web-frontend/index.html
26ff84e646db07d7031a4b62b817a5298f359a6841287811cda7b6d34ec8bcde	1035	644	APPLICATIVI/Palmare/web-frontend/legacy-mobile-assets/assets/mobile-analytics-overrides.css
78982489ad98f10356655a676b2d9a94589c46c10eb56c0355fe2e54ebc85de6	7965	644	APPLICATIVI/Palmare/web-frontend/legacy-mobile-assets/assets/mobile-battery-widget.js
57bdff62a12905f5b36b6c0a37351b61f933118467ce704783b7f9e90150b862	3975	644	APPLICATIVI/Palmare/web-frontend/legacy-mobile-assets/assets/mobile-disable-context-menu.js
d1ec30833657866c6e314b2b04d0f12ae6621e6eeaa87435bcde5b26f0ef8a64	8789	644	APPLICATIVI/Palmare/web-frontend/legacy-mobile-assets/assets/mobile-giada-payment-method-filter.js
cfe2b8319d9e37efa28b90847cd780b3f870c403206bd368fd9b80c4b398c1c5	1225	644	APPLICATIVI/Palmare/web-frontend/legacy-mobile-assets/assets/mobile-hide-recent-badge.js
624646d344379ad03ab057cc654c7e15ee589bfac089606a84625e1906a5cc6d	29430	644	APPLICATIVI/Palmare/web-frontend/legacy-mobile-assets/assets/mobile-home-dashboard-bridge.js
60f30399977b90acdf0ac035e1a92138d9a9ecfd70071a1826a12740ed7dabf4	15497	644	APPLICATIVI/Palmare/web-frontend/legacy-mobile-assets/assets/mobile-home-dashboard-overrides.css
79e7b90f5e7c351870d2a1e963a7b246d8037d05057515882a7056fd81a119aa	6022	644	APPLICATIVI/Palmare/web-frontend/legacy-mobile-assets/assets/mobile-inactivity-auto-logout.js
d3d0e9bf5edc886555b3bbbbaa2aca383c8ee8ceed489e2926ff6d3f59616a1c	9025	644	APPLICATIVI/Palmare/web-frontend/legacy-mobile-assets/assets/mobile-menu-availability-bridge.js
3f5aea92d17df5cea3569376150cca1b2960232e96cc7e1b33622a91ce581455	1803	644	APPLICATIVI/Palmare/web-frontend/legacy-mobile-assets/assets/mobile-menu-availability-overrides.css
e4acf0c995aa83238f1e2e06fc499526eb85a7775ed96e323fe5d72226129af4	6234	644	APPLICATIVI/Palmare/web-frontend/legacy-mobile-assets/assets/mobile-menu-scroll-restore-bridge.js
03eb2e6f2e8a9d4ff230572179357a76ae8568ca036d0a7dfa84d5bc650019b1	13602	644	APPLICATIVI/Palmare/web-frontend/legacy-mobile-assets/assets/mobile-notification-poll-accelerator.js
6adbafe83f0ff782b11aeffbea458ee92436173678db7175155d19880b7c271d	13127	644	APPLICATIVI/Palmare/web-frontend/legacy-mobile-assets/assets/mobile-notification-reminder.js
fc813e2b0ed6a660f7fad2a7017b57089cfde8853b056e127e339a219d06d147	1824	644	APPLICATIVI/Palmare/web-frontend/legacy-mobile-assets/assets/mobile-order-composer-draft-badge.css
b9f3dae9d050432c2139a4b61a1a58231ddd190b09c3163b5a1bb9fb13b3b5ca	8325	644	APPLICATIVI/Palmare/web-frontend/legacy-mobile-assets/assets/mobile-order-composer-draft-badge.js
0d4ecce508c9e849cda09aeb369e979a6594c85a2be31a779673cec990457232	8799	644	APPLICATIVI/Palmare/web-frontend/legacy-mobile-assets/assets/mobile-order-history-abbuono-bridge.js
84335adf4b342f7242c25f26426915b248e92c893380d2812cbb223eb403b0e3	4378	644	APPLICATIVI/Palmare/web-frontend/legacy-mobile-assets/assets/mobile-order-history-payment-bridge.js
1a32e35c4188a5ae83cbdb0660b649055a1d9b0c12039dc94b2ff7dc7ac470c1	5954	644	APPLICATIVI/Palmare/web-frontend/legacy-mobile-assets/assets/mobile-order-history-print-buttons.css
d6b6996844092e2a3718bffe6f84c53e1b2c3b5cc70d557ff3f1065c9c2c54be	11381	644	APPLICATIVI/Palmare/web-frontend/legacy-mobile-assets/assets/mobile-order-history-print-buttons.js
d57937fcba6329014e0f2c21f57ed5e0540a255597c6bb08dc96eef608b16fed	13965	644	APPLICATIVI/Palmare/web-frontend/legacy-mobile-assets/assets/mobile-order-payment-layout-fix.css
fc3e61214f2c2cf1acf0c4ba3d07f6e08187f5ad8ed405cbbd026f45f6cf554d	21490	644	APPLICATIVI/Palmare/web-frontend/legacy-mobile-assets/assets/mobile-order-payment-layout-fix.js
a3a578d8246c8aaf0731064135eafb1a8e813d7553cc35e334319458d1635163	136969	644	APPLICATIVI/Palmare/web-frontend/legacy-mobile-assets/assets/mobile-order-service-recovery-bridge.js
5aa3026be87167dd6196e36e00c349dcb86ebce8ce57cf83017fbdd659b39948	8427	644	APPLICATIVI/Palmare/web-frontend/legacy-mobile-assets/assets/mobile-order-workflow-settings-bridge.js
dbfedb73aeb37024fab96b3cb802ea389a12d17e44d51aaf96205f2d389b1207	2274	644	APPLICATIVI/Palmare/web-frontend/legacy-mobile-assets/assets/mobile-payment-config-reset.js
5c45d4bb4b7d0bfb60681dbee52f41ab58750f7e3d3e12bfbe264352982e27bf	10890	644	APPLICATIVI/Palmare/web-frontend/legacy-mobile-assets/assets/mobile-payment-session-persist.js
fc1cb03f5810a3ac6af3487adb1a1184de15cb82860019a62d3d28792da2afca	48920	644	APPLICATIVI/Palmare/web-frontend/legacy-mobile-assets/assets/mobile-payments-settlement-bridge.js
b96f03f16c876aee387381f165018e381818e6230d0052f315b4d0415ab6b3aa	10453	644	APPLICATIVI/Palmare/web-frontend/legacy-mobile-assets/assets/mobile-payments-settlement-overrides.css
d55a22a8f65bfc8bda6afd9c344a50a73736c6ed05c86325781237df6baf668e	2229	644	APPLICATIVI/Palmare/web-frontend/legacy-mobile-assets/assets/mobile-product-press-feedback.js
e0f454c0eb4b1d249e05bbd06b4daf86bedb8b413da2098ad1ffd729167ce4fc	2586	644	APPLICATIVI/Palmare/web-frontend/legacy-mobile-assets/assets/mobile-reservations-header-bridge.js
fec9950ab6ae5beb8d39715ba83cabde5d27c13dbf2bd1ca0f0b2a583689077f	7199	644	APPLICATIVI/Palmare/web-frontend/legacy-mobile-assets/assets/mobile-room-preference-bridge.js
6a8cbba7f961db70463d55d07fc213ebaeec4739375a0d373c59659ce4f70595	6222	644	APPLICATIVI/Palmare/web-frontend/legacy-mobile-assets/assets/mobile-settings-live-sync.js
392a77a46d7abddd03f5a7f5fb6c3fdd09d6d5dddcf81b39349b20bea5013113	7740	644	APPLICATIVI/Palmare/web-frontend/legacy-mobile-assets/assets/mobile-station-availability-guard.js
2d64ae75487efab75a626c3dc1a3ced2e0497ea80ea73df57e43341d30652363	1812	644	APPLICATIVI/Palmare/web-frontend/legacy-mobile-assets/assets/mobile-table-detail-accordion-bridge.js
6a91cc2f53730e3a9d9b853bd769e386fc3a0d5df5d7d4dbdcbe238b85845253	80806	644	APPLICATIVI/Palmare/web-frontend/legacy-mobile-assets/assets/mobile-table-groups-bridge.js
27b4904e39095d48930fce04a2e5b9794aaaceea017697fade768b0a64c2f712	21645	644	APPLICATIVI/Palmare/web-frontend/legacy-mobile-assets/assets/mobile-table-lock-lifecycle-bridge.js
45b3a49c2fce7d00131f1b9dd55b748e82c9ea1f7c390f679160f375d516e78a	5886	644	APPLICATIVI/Palmare/web-frontend/legacy-mobile-assets/assets/mobile-text-encoding-fix.js
718d311c3a1ada549a55efed32c08a3edc6bc0e9629d3c9ca7202fe8d54b81d4	8842	644	APPLICATIVI/Palmare/web-frontend/legacy-mobile-assets/assets/mobile-user-menu-bridge.js
440a7e3405592160e20c794f6f8089a49a1dbf0932e883b5e6dda24cde3346c1	202323	644	APPLICATIVI/Palmare/web-frontend/package-lock.json
f6d806c48220e02c056a7ba003736551f81972337f9670329330216f2a4f22fc	1692	644	APPLICATIVI/Palmare/web-frontend/package.json
a4f618e31b500a2d9aa948f16a8ec0b46f69b6718ef7d6a47d9af280488e2463	261	644	APPLICATIVI/Palmare/web-frontend/playwright.config.ts
e3b0c44298fc1c149afbf4c8996fb92427ae41e4649b934ca495991b7852b855	0	644	APPLICATIVI/Palmare/web-frontend/public/.gitkeep
f5c24e00a9af0f1f378f9ffdb6e11fc1a14eb78ce7ab9886a6bb5e695e5e1a57	47447	644	APPLICATIVI/Palmare/web-frontend/public/assets/allergen-arachidi.png
393f511c5055c38f53d993e871183d8f8938e7865b1092c5dcfc017e5c2fa365	12392	644	APPLICATIVI/Palmare/web-frontend/public/assets/allergen-crostacei.png
a26be95d1557ce3cb7ef10210e4ff5453da39f8252bbc54fe14629ce4c33c2a7	40209	644	APPLICATIVI/Palmare/web-frontend/public/assets/allergen-frutta-a-guscio.png
6b305533a73b071bd7c6e4be078f369392ac2d681510bbfba7ae5a055d2f56b9	22569	644	APPLICATIVI/Palmare/web-frontend/public/assets/allergen-glutine.png
7d68c9795a7ac198c147690b08c69b628addbe478fa00e14dc6a296c5c1f5c51	14760	644	APPLICATIVI/Palmare/web-frontend/public/assets/allergen-latte.png
6bc727ee24057cc9840544e2fb1e2f16941f95f34f02cbadc91d703ecd57a376	40615	644	APPLICATIVI/Palmare/web-frontend/public/assets/allergen-lupini.png
dd38699c612fc613aebd1ec9557232be88ea884e3e48bd832b60728f6bd5d9f6	40902	644	APPLICATIVI/Palmare/web-frontend/public/assets/allergen-molluschi.png
43afba1338b44b3904c2bc3d87c15d06b7deda226473e1790d88652256e128ba	19797	644	APPLICATIVI/Palmare/web-frontend/public/assets/allergen-pesce.png
3a26fe3f2aba9cf6865ad5e656b89b4d0f6a3366e41e71fa6463d6d912e4577e	60334	644	APPLICATIVI/Palmare/web-frontend/public/assets/allergen-sedano.png
e3932adc5b7c6a3eb7b115cdeb7ba6c50148fbd8635a479320f5a05ba44dc315	22521	644	APPLICATIVI/Palmare/web-frontend/public/assets/allergen-senape.png
d00d4d3398bf3728debe08a32a285e70b0551e9c393fe1d7ee781b395228eed6	34865	644	APPLICATIVI/Palmare/web-frontend/public/assets/allergen-sesamo.png
1b6c9846229fdb468947f9845def483c023a361074e00b21b622acd9ad405111	47431	644	APPLICATIVI/Palmare/web-frontend/public/assets/allergen-soia.png
3c8a36251bc6f9b532ff737a45ecbf9cf0737cbccc79f8bdef5d104793ccbe69	33431	644	APPLICATIVI/Palmare/web-frontend/public/assets/allergen-solfiti.png
a357b319f1dbe9eb5e187a6b0431c404d3494431f689ed22b0add3ce5f667dea	11583	644	APPLICATIVI/Palmare/web-frontend/public/assets/allergen-uova.png
8d3a0a8f395d5ecb91a25de463796300bcd2f489a92b992fdff281fdd8c3fa9e	41074	644	APPLICATIVI/Palmare/web-frontend/public/assets/arrivati.png
addfc17dbd34fea6044bbede7e360247653e2977f34b59122265ae1acbe222a5	11556	644	APPLICATIVI/Palmare/web-frontend/public/assets/brokenglass.png
dcb19b32be8f2a6d52ee6e332d1a3e22c7e0e09daeb137269470ce25170ddfcd	8994	644	APPLICATIVI/Palmare/web-frontend/public/assets/cancel.png
066793ac1d1cbb6b79736d976d1812a28d039793fc63bdc1e74a3d212a2547c5	3735	644	APPLICATIVI/Palmare/web-frontend/public/assets/menu-back-indietro.png
39e07c231090b84f5ff78a55ddaaf6a1aa7e0540a8f98c94a5864af1d8ef108c	3074	644	APPLICATIVI/Palmare/web-frontend/public/assets/mobile-battery-widget.css
1ae9fb50d1ae3fcfefa3b8cafdf5af7fe00c22ea540b111037dc16ff633b7fe8	12600	644	APPLICATIVI/Palmare/web-frontend/public/assets/mobile-dropdown-overrides.css
01ace0327b3f34993723cfe4cbffa101251ce47fc0ce27467dbe1f6d315fc64b	631	644	APPLICATIVI/Palmare/web-frontend/public/assets/mobile-menu-category-badge.css
47866d332883875db9aaebc4b4ba0b102bb17708c6697f9d0e965bc6b983915e	860	644	APPLICATIVI/Palmare/web-frontend/public/assets/mobile-menu-department-badge.css
0b757ec01e4283052af478dfa16a7abbfd6b8dd736047318f6bdd1ebe7cca144	1423	644	APPLICATIVI/Palmare/web-frontend/public/assets/mobile-menu-section-dividers.css
911a2d3382f93915757f9f030ad9bfa77affd304ca894a48deabf908e11b9e1e	14166	644	APPLICATIVI/Palmare/web-frontend/public/assets/mobile-night-modal-overrides.css
da46779d1b82a440ed1759de2579f7ed7126c5be956a22acd437fc9044efe61f	1760	644	APPLICATIVI/Palmare/web-frontend/public/assets/mobile-order-history-contrast.css
ec663e6be17c5321c486e4c56c521f5afd9a91d3a06878187e159d256a834fb0	58225	644	APPLICATIVI/Palmare/web-frontend/public/assets/mobile-order-service-recovery.css
dbf9b9145b031223479f1ffc2f8c2088a6ef6ea6067ebed22af95b4482c79598	474	644	APPLICATIVI/Palmare/web-frontend/public/assets/mobile-order-touch-interactions.css
57f6e852ae0c0075bd7909c12917e1bd9e5ad2f0a0ca40426c2d6e4b0d50729c	858	644	APPLICATIVI/Palmare/web-frontend/public/assets/mobile-product-image-overrides.css
0486e8098c3b888d4ed646ac779a8d2598b53e4f89b87d7499c2ab07f827d228	2109	644	APPLICATIVI/Palmare/web-frontend/public/assets/mobile-product-press-feedback.css
4a7aa5be5ee590a748319335ceb954ffbce2d576e49656bc4e5a6fc58dce410d	3812	644	APPLICATIVI/Palmare/web-frontend/public/assets/mobile-reservations-header-overrides.css
e80822afdfd7b7cf86e91686e5ddf0698751ce38633453e49e6e776124963758	16238	644	APPLICATIVI/Palmare/web-frontend/public/assets/mobile-table-groups-overrides.css
d4dcf3c24cbc8aa58f0804bebd186a9b797c12c732ea14ccee7e0b05a3ffc829	2866	644	APPLICATIVI/Palmare/web-frontend/public/assets/mobile-table-lock-modal.css
c0d01f42c6d03274cde26fdae79b07c4fbb9fb9891442d3c20a126f8299a3c8d	7663	644	APPLICATIVI/Palmare/web-frontend/public/assets/mobile-user-menu-overrides.css
fdd6d173a439a9da9b408a9f37df4ab18ededb6334b9f4985323ef3de44f6353	2197	644	APPLICATIVI/Palmare/web-frontend/public/assets/noshow.png
066793ac1d1cbb6b79736d976d1812a28d039793fc63bdc1e74a3d212a2547c5	3735	644	APPLICATIVI/Palmare/web-frontend/public/assets/payment-back-indietro.png
89834e93413f28e46a70b6af1a1930b9821997c84d42ec5fc73d0344817fc1bc	264	644	APPLICATIVI/Palmare/web-frontend/public/config.json
a7b63a8fc1d02f1c5ff0244b3910a9eb2e236e1766248909a0f05a3b0f56b2a5	251	644	APPLICATIVI/Palmare/web-frontend/public/favicon.svg
19e5dcfa10b33c697c77ab9ebcb52a9487fb89ef2a267ac35c895714f09b47a3	2950	644	APPLICATIVI/Palmare/web-frontend/public/mic-test.html
43d543a552a94edc04536bf6b78f1c1e1795623e596484c3e25378a111931969	1618	644	APPLICATIVI/Palmare/web-frontend/public/radio-capture-worklet.js
0e3fa1f178af4b63f462f3a3b5f0ff0e9c381a624e8fba967835eba02154ddbf	5720	644	APPLICATIVI/Palmare/web-frontend/public/radio-playback-worklet.js
3c28e10b88f27f5e4e8783de505af80e3a396d9e73a962896c21f4936688f8a4	4107	644	APPLICATIVI/Palmare/web-frontend/scripts/create-lan-cert.mjs
871ad41e23a07a4c2175d1c1ad4b095e741d56612718d5704f8c9ea1223f06c1	6936	644	APPLICATIVI/Palmare/web-frontend/src/App.tsx
1267061facf8ab7963d1320a9e835dbfa2f41bd899cce79e8eda77b71f24b39a	26886	644	APPLICATIVI/Palmare/web-frontend/src/api/analyticsPaymentMovementModel.ts
94dd02f4c92959abaa5ab2ee39504fd741adf5f0f3573453bc7d43765a62f37e	2304	644	APPLICATIVI/Palmare/web-frontend/src/api/analyticsPaymentMovementTypes.ts
00a4d8f76705d2556d7db87a378f3ca606d5a01c8e7171d3a8200f82c3cdd970	10454	644	APPLICATIVI/Palmare/web-frontend/src/api/analyticsPaymentMovements.ts
14dadf342d3fee9c0ad23e53e5bafa888542afd6c4c56876de6b2eefb3966e53	12411	644	APPLICATIVI/Palmare/web-frontend/src/api/auth.ts
47046fb19caea8b482e963c2a948542ec62f0d770d4636dac8355b0806e25a6b	19045	644	APPLICATIVI/Palmare/web-frontend/src/api/automaticCash.ts
f345f9e4f7031d0e8cdc24a7d2864676630178681978b462bbe3e0f66c2ea1e8	246	644	APPLICATIVI/Palmare/web-frontend/src/api/baseUrl.ts
add2fe7643fe990ee704b10da010983cccdfbdf1863af67bd273632bb9121a77	4518	644	APPLICATIVI/Palmare/web-frontend/src/api/cashExchange.ts
d3b57600798f92a403801bed392537f69a521238cbd46ccc7e31fb3ee1accccd	5047	644	APPLICATIVI/Palmare/web-frontend/src/api/commercialBenefits.ts
79d9dd0ef30f71a72a6942a77966e0d4baae32479502a092073a329dd2780c18	1171	644	APPLICATIVI/Palmare/web-frontend/src/api/company.ts
73b89bf7bc083239343a6d8527d4ba89e70e1ece797c76840dd1426306d209ba	2061	644	APPLICATIVI/Palmare/web-frontend/src/api/invoice.ts
3a492491db4e9af2367be44e0fcb7b6d3c78fb9a8fbc73244e0f9a9cee76c9df	12723	644	APPLICATIVI/Palmare/web-frontend/src/api/locations.ts
6f3f7517b93fec0f1000148eb9f5573cb21d029824a7a9c0d1424c54a58c4c60	31333	644	APPLICATIVI/Palmare/web-frontend/src/api/menu.ts
a2f222d8d4f49b4b8090a886c5c2503332516594b463966a04512ec55f1bb443	966	644	APPLICATIVI/Palmare/web-frontend/src/api/menuDedupe.ts
7ee611b57426ca52eb62eb436093bb023f4da5eb4d7b3193f95b7ed112e26f40	2203	644	APPLICATIVI/Palmare/web-frontend/src/api/menuTypes.ts
d5c02f3eb1c63e3db4a46ebfa172d184249a9a6800e50bfb2cec3e5415b458b5	13950	644	APPLICATIVI/Palmare/web-frontend/src/api/notifications.ts
23ac0de2769fb43f0077cf9f5e10c33e1021fc2be4931cfd9eb28965f465424e	812	644	APPLICATIVI/Palmare/web-frontend/src/api/offlineConfigurationScope.ts
0dff920b58ac10095966af3aef2806feabac0281e0f0c301f9a0554e4ae84bf5	21007	644	APPLICATIVI/Palmare/web-frontend/src/api/orderServiceRecovery.ts
967454aa08f3ce2b4b57ade3445837b2d757ca88cbede35bc6865f6dba7367d6	3475	644	APPLICATIVI/Palmare/web-frontend/src/api/orderWorkflowSettings.ts
09dbc44fbf7d1038c2bdd26894badd8d9f6fb4644b6630fbe46d73e874c4fb8a	1024	644	APPLICATIVI/Palmare/web-frontend/src/api/paymentOverview.ts
32c3609addf6a7dc1bbab1ad388459d9cb3a18f3ba0e0299220c6dd105127c64	475	644	APPLICATIVI/Palmare/web-frontend/src/api/paymentSettlementEndpoints.ts
337a0beb92da2f4a07aaba4c56dec0f888f67f9cca8ef731214d59c674af9c9e	5000	644	APPLICATIVI/Palmare/web-frontend/src/api/printing.ts
1ed53a8ad123415c58f137e19cd9540092cb6e3e52d72d0f127af2b9f83df0a8	1781	644	APPLICATIVI/Palmare/web-frontend/src/api/radio.ts
883264cc1d6fd200cffd3886a20d1bd303f16bc5d6e2ec03e4d4246645925570	9625	644	APPLICATIVI/Palmare/web-frontend/src/api/reservationModel.ts
43163ebd74763a1e08806ea0c607aad37da2211cdd78de626553b2c0966a7543	29549	644	APPLICATIVI/Palmare/web-frontend/src/api/reservations.ts
dd1f3c582802c0ba2c868462f32408de4cab46efc3747f2a555b90ae32ef9adc	1606	644	APPLICATIVI/Palmare/web-frontend/src/api/stations.ts
ef8efd27fa1bb473d3979086d72ec300b9cf882ced13f9c0a6203f06d8762531	1135	644	APPLICATIVI/Palmare/web-frontend/src/api/systemStatus.ts
5d426e914750163bac13ff5ff3313660b66017c84cd42c7c0e2fdb2f232e1c95	16735	644	APPLICATIVI/Palmare/web-frontend/src/api/tableGroups.ts
13ea16a092a07973b1fc919ed46da2925648c8c549bbbfc27c68c9e7510d4b20	14651	644	APPLICATIVI/Palmare/web-frontend/src/api/tableLocks.ts
60b6611d3cb9ac3e3f9be5dbd4d94ec2f50b2da8e3d58cec777c59b8fa8cee68	9399	644	APPLICATIVI/Palmare/web-frontend/src/api/tableReservationWindow.ts
f6c7bc030b6efe5a51817c898a58b16317c7d0b9d208e26253fdee33816999fe	93371	644	APPLICATIVI/Palmare/web-frontend/src/api/tables.ts
0b7b3097d0bec12df969aa2f7db981494fc573b3900e70bc1867eb0e5d545285	5067	644	APPLICATIVI/Palmare/web-frontend/src/api/tables/counter.ts
ad4c720e48175b3510a971d7538f9d5812472d63ab97440032117c2b330aadf8	604	644	APPLICATIVI/Palmare/web-frontend/src/api/tables/inputSanitizers.ts
c58fdb1ae826768fcbbd1235609ea72453d0699c8d92b5fb248b1ce0f7328b8b	16516	644	APPLICATIVI/Palmare/web-frontend/src/api/tables/integrationClient.ts
78fea908e0ed235b04c669163467f23f39aeee8e2a33e5b3df1eaa6a391e1932	1984	644	APPLICATIVI/Palmare/web-frontend/src/api/topSoldProducts.ts
f1ffd543edc9fb2f0f137af1391796fe7b0519c4dc3b37b2a9116832279ae983	1308	644	APPLICATIVI/Palmare/web-frontend/src/api/waiterPause.ts
669928e8d05980f429ace887a84ddf99e93ab0d74c4d6f06063d2744ad14c5aa	2013	644	APPLICATIVI/Palmare/web-frontend/src/app/AppRuntime.tsx
8cc052e11a844b2d76e1d77256653ddbc5af9b216575a168fdabc1c8ca1c03aa	2745	644	APPLICATIVI/Palmare/web-frontend/src/app/runtime/BatteryStatusContext.tsx
b4619a543f3779a9145a72d44fcdf3870192568a4dd1b16e7d8c26fe9b11ab88	2388	644	APPLICATIVI/Palmare/web-frontend/src/app/runtime/OfflineQueueStatusBanner.tsx
f0ef9ef3006a6ed13f764177b648d376ac3a1ecbae950c24a782d94942b267e1	1140	644	APPLICATIVI/Palmare/web-frontend/src/app/runtime/SettingsSyncBanner.tsx
768545e9e1dea283e1138029c3f42606cdf1324ab1d80e8a3f3f040968e2a319	4117	644	APPLICATIVI/Palmare/web-frontend/src/app/runtime/SystemConnectionStatusContext.tsx
41f7e4044ccdff68f7d443171e6be13bef30a5f6a909213a1f1ab35e37ed1d62	5691	644	APPLICATIVI/Palmare/web-frontend/src/app/runtime/batteryStatusService.ts
0c51a5a0799993fedb23845dec1df191a07f7b8905b170d55bdcfe6caae1192b	4330	644	APPLICATIVI/Palmare/web-frontend/src/app/runtime/bluetoothDiagnosticConnectivity.ts
93e9fb783a9d4388eef048a61d905a72a2a9946332d64d20130dcd4f7a0dad1c	6867	644	APPLICATIVI/Palmare/web-frontend/src/app/runtime/documentInteractionGuards.ts
9dae1bd230f0b37c84afcd6d0a9f0d0c2b06924f971d6c02d66a364de6e6cb8d	5184	644	APPLICATIVI/Palmare/web-frontend/src/app/runtime/documentTextEncodingFix.ts
8ad70a48b85203d4ea073dfdbe7187c22cd45ab087de997d4e665ed76afef0f6	11424	644	APPLICATIVI/Palmare/web-frontend/src/app/runtime/offlineConfigurationRefresh.ts
de4fa57e92f5e60107ec6ff9ad7379694d8493b714f66f6f952cb327ff7d88c4	1889	644	APPLICATIVI/Palmare/web-frontend/src/app/runtime/realtimeTransportStatus.ts
9af1ac90afd11ad16814cef4bc601335e71ae8f0faebd975c4005a0cfe34bb0e	574	644	APPLICATIVI/Palmare/web-frontend/src/app/runtime/systemConnectionStatus.ts
add73cdf9b4cad0bca6214184393e8b529dcdc7c1e839d5504d328d06d09ab2d	750	644	APPLICATIVI/Palmare/web-frontend/src/app/runtime/useGlobalDocumentGuards.ts
d6990d4edeb285d240a1c851cb84bc04c853f6461e1c50c7ba3202b63037b38a	3280	644	APPLICATIVI/Palmare/web-frontend/src/app/runtime/useInactivityAutoLogout.ts
95b518188b71d61831dac0ffc50c9daf64c8f647e7a01e4908329bfd1b1a247c	7099	644	APPLICATIVI/Palmare/web-frontend/src/app/runtime/useOfflineConfigurationSync.ts
e0da1df04472594ec1281c4d5b1bc237e811d48d3da75cac22e14a0f02839a65	649	644	APPLICATIVI/Palmare/web-frontend/src/app/runtime/usePaymentSessionRuntime.ts
39ea8c4ca047c636bd285ffc32bfa42ab5d5c18572286b2384f5b761deca07d3	7693	644	APPLICATIVI/Palmare/web-frontend/src/app/runtime/useSettingsLiveSync.ts
908eb833793a4d1c30d029055c237f7ecd76d146bae3fadd13281b12552edb32	2234	644	APPLICATIVI/Palmare/web-frontend/src/app/runtime/useThemeModeRuntime.ts
1b6c39a7aa9fea2355987649af154f1d8617a24a25e857e05b9e50e1c623e9de	1081	644	APPLICATIVI/Palmare/web-frontend/src/app/session/endSession.ts
9e2398f2dabff406497a78ffd8c30ce1fe2f20479eacf6cea645de0cf1fd4b28	515	644	APPLICATIVI/Palmare/web-frontend/src/app/session/sessionLifecycle.ts
d96b796f8d6befa655d2df929ed3df7486086d76a3d128bbe2678109e5063e4e	252082	644	APPLICATIVI/Palmare/web-frontend/src/assets/feedback/angry.png
f2b85f9c44c7f5821e262c77347b27edb9aac418e109d3b01d9cfce363913ef3	259135	644	APPLICATIVI/Palmare/web-frontend/src/assets/feedback/happy.png
f3cfd905d90d97a74517304c2a94f5c42b5977c866c7be7b660a51e3baf38622	346	644	APPLICATIVI/Palmare/web-frontend/src/assets/feedback/index.ts
96d3e5087f30c4ed9e58ebacc7ed6ab4e31dd14f344a00ffcfa9bd43b159db14	271985	644	APPLICATIVI/Palmare/web-frontend/src/assets/feedback/sad.png
7641df0a5482cea7241072a7802d9481fce71516a92ff60ba83b181896654eca	253	644	APPLICATIVI/Palmare/web-frontend/src/assets/icons/README.md
c002797b0269403c09543a41d89176724041405abd157be1ef568804a96b871f	6111	644	APPLICATIVI/Palmare/web-frontend/src/assets/icons/banco.png
97440a345948c14fc3def09d484d5750255a45c97a8df6d10d5d28a611d8a2e1	15382	644	APPLICATIVI/Palmare/web-frontend/src/assets/icons/bookings.png
05f6e9d88eaa43355249a687bab59e51e7b480a4411776de87edb9233f597401	91044	644	APPLICATIVI/Palmare/web-frontend/src/assets/icons/fiscal/agenzia-entrate.png
6c72345e23658af23230220c4c4603dc94115fd715b684028963c9fc7f061161	6259	644	APPLICATIVI/Palmare/web-frontend/src/assets/icons/home.png
066793ac1d1cbb6b79736d976d1812a28d039793fc63bdc1e74a3d212a2547c5	3735	644	APPLICATIVI/Palmare/web-frontend/src/assets/icons/indietro.png
59825ff8a9b78c9501c34d6477d9e33d192d203440f1582e927541566a9a690e	85134	644	APPLICATIVI/Palmare/web-frontend/src/assets/icons/logout.png
374ec20f2e983f686b7ac1234f642e868f9aae2c84775a79ca62f09265b68221	7190	644	APPLICATIVI/Palmare/web-frontend/src/assets/icons/menu.png
7fcb9fe40d7ff2f58ac6892288ae9a1565c6b532b0f7791d1484488d779b51b7	5263	644	APPLICATIVI/Palmare/web-frontend/src/assets/icons/notifications.png
bbf993d412f3d13e3a17c670a0c09da8f896f96b9053f838af0fa281d48d39a2	69269	644	APPLICATIVI/Palmare/web-frontend/src/assets/icons/payment-modes/articolo.png
d57f61cadba8821ddccfa557580f3872e41adcc0fbb424f168a531c6d4075002	65201	644	APPLICATIVI/Palmare/web-frontend/src/assets/icons/payment-modes/contounico.png
ec15885b4a46ee66747c18250473c160c3581d0df62cdecd86f86b94cb374d69	61253	644	APPLICATIVI/Palmare/web-frontend/src/assets/icons/payment-modes/importolibero.png
b706ba69be011a11dd282421f9acbb8866484176797db766dc8a17ee4b2e6e55	71185	644	APPLICATIVI/Palmare/web-frontend/src/assets/icons/payment-modes/romana.png
f6c979703a5e535b0c638ba4adfbbd82df63f9a4f00e8a882e144ef574d1c27f	8634	644	APPLICATIVI/Palmare/web-frontend/src/assets/icons/profile.png
919a0c5b87816aba855ec5becbf5532fc21f94b16aafaa428a582a31c42345ca	1363	644	APPLICATIVI/Palmare/web-frontend/src/assets/icons/radio.png
0be4b7163bbf95985a97ad6212362152b6826ded80178d50647dd160dc6b6915	2704	644	APPLICATIVI/Palmare/web-frontend/src/assets/icons/service-bell.png
166909e22fea8ba5c3ee98f2330e9f8fb0ad7b859f55c105230aa4f48ef699de	7506	644	APPLICATIVI/Palmare/web-frontend/src/assets/icons/settings.png
3b99e619626bff6a7f84277aa14187b7f361bcdca542d1ae6bebb02bf3c943d4	6459	644	APPLICATIVI/Palmare/web-frontend/src/assets/icons/stats.png
7827d4ef0e51ea10e29c79c1768bfd7af70e505250776caa7841d07c952382b0	971	644	APPLICATIVI/Palmare/web-frontend/src/assets/icons/table.svg
ebdfea5aafd96f3ee710d7b719331b048566d23b6766d9dd42d800c0e56144a7	1759	644	APPLICATIVI/Palmare/web-frontend/src/assets/icons/waiter.png
e412a57921809b94df770db02c3bdeab1cf63609702c218fd3dd38b596f80b48	975	644	APPLICATIVI/Palmare/web-frontend/src/components/AppIcon.tsx
1cbe65c7b934447ece5609b27ecb198239fc1ff0453db479b863d335fb138227	297	644	APPLICATIVI/Palmare/web-frontend/src/components/GlassCard.tsx
919e03ea1a4f71f8f1ef3d3ab8753242c18beed5d5328d401a65d3c2b8900546	4130	644	APPLICATIVI/Palmare/web-frontend/src/config/runtimeConfig.ts
cf96c1eb76fbaba3b9c40674026e663b659186292cddce16bfd6cb1c1e3be7d6	1416	644	APPLICATIVI/Palmare/web-frontend/src/domain/allergens.ts
2a95aaca8d6244a2c0cc02d5b394c42a321374cc478d3fac975ebb97814ed0bc	1459	644	APPLICATIVI/Palmare/web-frontend/src/domain/offlineConfiguration/keys.ts
498fafed8c8236bb39f0ce97dc74edb26b712212692dc6853899f70fcad4dc4e	6083	644	APPLICATIVI/Palmare/web-frontend/src/domain/offlineConfiguration/reconciliation.ts
68223621472fb989441ea06d7373c3276c133de364b8e895be18009199864f58	10388	644	APPLICATIVI/Palmare/web-frontend/src/domain/offlineConfiguration/repository.ts
e967a9fcb306f8d70bbaeed28ece626ff11fc1943e966478eb284f1db5ba0e6d	1956	644	APPLICATIVI/Palmare/web-frontend/src/domain/offlineConfiguration/types.ts
28bd4e66807963b5310aa165dfa4c41edddb6480dec4f702839edbfab71ec1c8	307	644	APPLICATIVI/Palmare/web-frontend/src/domain/payments/fiscalAuthorization.ts
e8d2a42e1ba0d12a9040de8c6d4f53d938be9f5a0501387ad0fbf396945b4a78	2069	644	APPLICATIVI/Palmare/web-frontend/src/domain/payments/fiscalOutcome.ts
0168f31b66b041bcedc432f00202ad2795eaedd5b30ade041c395b3f58aa4d52	643	644	APPLICATIVI/Palmare/web-frontend/src/domain/tables/capacity.test.ts
d806997cee4917a9f5b1944062aea09a6c7fcdc4944ea556fea3768532bbd2c3	794	644	APPLICATIVI/Palmare/web-frontend/src/domain/tables/capacity.ts
c8f00a5ee99916367a230d895b7bc688d6d5586958d2d1b20acae8da02c1014e	684	644	APPLICATIVI/Palmare/web-frontend/src/domain/tables/derivations.ts
7b33ebdfbf29490d8ca811d9e76c7b93cdff6b23431b7ee7c5c510f50bc07268	5615	644	APPLICATIVI/Palmare/web-frontend/src/domain/tables/integrationOrderTransforms.ts
a200d594813658c9c8d219848dd70ac9106b0079fcc04b2d12b327bf2204c45e	1188	644	APPLICATIVI/Palmare/web-frontend/src/domain/tables/integrationParsers.test.ts
3f751ff3700ae60f233704135161732d2b347dff21805e40ea003092db774603	8504	644	APPLICATIVI/Palmare/web-frontend/src/domain/tables/integrationParsers.ts
ae38d1fb8dd4395b0fab73b482a872e7b2fe8074dda607634d82e8dc92cf88a2	5474	644	APPLICATIVI/Palmare/web-frontend/src/domain/tables/integrationQueueStorage.ts
e08e719a1c66f8de482536a7cac1d3bf96e12009b72208954536b28acc02e7a4	2959	644	APPLICATIVI/Palmare/web-frontend/src/domain/tables/integrationTypes.ts
e10e6b04963e8f35b99c23e1e6a13de98d1d6a40f0dfcb5252b9efba5b87e28d	168	644	APPLICATIVI/Palmare/web-frontend/src/domain/tables/queryKeys.ts
0c0e73857584d4816c2a92b302edd465841c8b3915cd4177312bee095d2804de	4267	644	APPLICATIVI/Palmare/web-frontend/src/domain/tables/types.ts
69ffef974aa67f1fc881beec85aef9baaf0c5ceeb406d4ae52ce1fcf271698fb	1553	644	APPLICATIVI/Palmare/web-frontend/src/main.tsx
b46202e2c5a64b7ffe93ce19282fcfad792fa1445fc260e5b50f0c3457c79613	20196	644	APPLICATIVI/Palmare/web-frontend/src/pages/HomePage.tsx
a344028c190e91449478ec0c91aaa38c180c919a8daa77313e8de01c818ed888	3026	644	APPLICATIVI/Palmare/web-frontend/src/pages/LoginPage.tsx
4ff7f2e5b61239cc47706d2eae814a00e2a7778955ee858e0d0d95a928a414a2	39624	644	APPLICATIVI/Palmare/web-frontend/src/pages/PaymentsPage.tsx
8c1c3cfc05aa0cb5f00b83f70aa07fcc6c096983e954befed453af30119ff5c6	11151	644	APPLICATIVI/Palmare/web-frontend/src/pages/ProfilePage.tsx
d4ec2a1aca1be4aa8cb3550c858e8518ccaa218eb0bfa2512469c842b2e7e2bf	25504	644	APPLICATIVI/Palmare/web-frontend/src/pages/RadioPage.tsx
6897d7654024bdf226d81a49ae2b9854ef056865708f6bc34b2487335b31616d	25371	644	APPLICATIVI/Palmare/web-frontend/src/pages/SettingsPage.tsx
6dde5efba3b163cc40b9aa95d58d9cd74f6847d88e364d1df0ae845e0ddcbede	41892	644	APPLICATIVI/Palmare/web-frontend/src/pages/home/analytics/AnalyticsWorkspace.tsx
e0fb80e6b593a62576083acc870e11ebaa7a07749f68834ac6123a60bb89b025	8701	644	APPLICATIVI/Palmare/web-frontend/src/pages/home/analytics/CashMovementsView.tsx
c8911067f55b879575376318ca3100cf4358b777bfa52379b3a809ae06389df5	2214	644	APPLICATIVI/Palmare/web-frontend/src/pages/home/analytics/FiscalVoidConfirmDialog.tsx
9b310aa6708b5c1058b958472b04618a381b249c0f35090d4b86893b2b44db5f	2071	644	APPLICATIVI/Palmare/web-frontend/src/pages/home/analytics/analyticsPrintState.ts
c407b378b35440b3cb4b7b74507bb46ba5906909f15d280fc05001032b40e6e2	4756	644	APPLICATIVI/Palmare/web-frontend/src/pages/home/analytics/paymentDetailLines.ts
daa393e374c0a0490b3fdd676fbf56cc0ab292658760595e81060506afde0267	7491	644	APPLICATIVI/Palmare/web-frontend/src/pages/home/components/AvatarMenu.tsx
535ef758acf2de57f66328e34b4693944234d9de7c0b11c17a9e2785c83f121c	1944	644	APPLICATIVI/Palmare/web-frontend/src/pages/home/components/BluetoothDiagnosticBadge.tsx
47d232e6fb29865b1341bb7e2dcea3faca269e9156bdfc51682d4affbebee3ad	26247	644	APPLICATIVI/Palmare/web-frontend/src/pages/home/components/BottomBar.tsx
15b703e58506257653b3f48e55d998e29a3c2354d0be2f947e2083ff2b4552a4	1322	644	APPLICATIVI/Palmare/web-frontend/src/pages/home/components/CallAlertOverlay.tsx
73562125657a15ed803778564a9b84004fa8063b2e0a57d49a759e7834f12d34	10563	644	APPLICATIVI/Palmare/web-frontend/src/pages/home/components/CallHistoryMenu.tsx
0f24a46ca168dc268bc0c2fdf3afc2fc206e2f4a9fb916d7cae99c4498493a10	17794	644	APPLICATIVI/Palmare/web-frontend/src/pages/home/components/HomeCard.tsx
cd65dfcdbed4ee0938f57a81eba281c3b563ece72d7c4520e6d5af5fc21843fb	4253	644	APPLICATIVI/Palmare/web-frontend/src/pages/home/components/HomeWorkspace.tsx
3d4ab61c0a9fc4efb6c9d946c5e28e3c9e6afd4f8d7c4284df9de217f500fa95	644	644	APPLICATIVI/Palmare/web-frontend/src/pages/home/components/LedButton.tsx
7d4bf9a3d8a23a176a7ea3f4480ae013ba8466a3001092d1b7be68cda7acd1a9	1995	644	APPLICATIVI/Palmare/web-frontend/src/pages/home/components/LogoutConfirmDialog.tsx
d04cd52fa26a397e4b0b03a74333038742eb2c38b654942952cdff2fd1a1a5aa	2173	644	APPLICATIVI/Palmare/web-frontend/src/pages/home/components/MobileBatteryWidget.tsx
5eefd07b1cfd996d65183e9dbaf0abdc1b8e86e9b14c06ac80750c6ace672c84	2231	644	APPLICATIVI/Palmare/web-frontend/src/pages/home/components/NotificationClearAllConfirmDialog.tsx
0cea6a544f9e050db8cec589165a206fb954296c6c16623a7b3c55c13bc439ee	16507	644	APPLICATIVI/Palmare/web-frontend/src/pages/home/components/NotificationsMenu.tsx
84576704600e5d762a9db511cfc6a86737c9843b4107cca979a15381b1218c9c	6727	644	APPLICATIVI/Palmare/web-frontend/src/pages/home/components/SystemRow.tsx
71dea4b132802b037cb1185025d482757896806472cfa062e7db0000d42da7f2	4490	644	APPLICATIVI/Palmare/web-frontend/src/pages/home/components/TopBar.tsx
00dc63977274886eb5595a0803bc7abb7310d42ce46e3d61f976ba244ab27e4f	2949	644	APPLICATIVI/Palmare/web-frontend/src/pages/home/components/TopbarLeft.tsx
04bdf9fff301c3b6aba8cbfc03fb718f207e37309b5c5b87d9cc44e728a071fe	3123	644	APPLICATIVI/Palmare/web-frontend/src/pages/home/components/TopbarRight.tsx
99f8feabd87dce4fc802c6de56b76c78fcb29db5f0cec2bafe9781c2f2addee1	8475	644	APPLICATIVI/Palmare/web-frontend/src/pages/home/components/WaiterPauseCard.tsx
46ccb80c2656c0b00e89886eb77e2950aa4f03f9ce18bea351175a1965e54732	810	644	APPLICATIVI/Palmare/web-frontend/src/pages/home/context/NotificationCenterContext.tsx
021c6a6a691387753d1ce6a4d749c91779a984b53d93659698eda515d8b93085	4616	644	APPLICATIVI/Palmare/web-frontend/src/pages/home/hooks/callNotificationDisplay.ts
ab7bb74ac3f9dc6f8b74da996ca9653381167473c0e1da9653b55c182eeea784	1059	644	APPLICATIVI/Palmare/web-frontend/src/pages/home/hooks/notificationDedup.ts
62ca18d133daf2973e8a1700eb3b66b082118740a9cb075ed112bc41850431af	570	644	APPLICATIVI/Palmare/web-frontend/src/pages/home/hooks/notificationSessionPolicy.ts
a1860d3231eeb78acdeb97234e64b1e43b71a19870752e1829d23a9f2b6c2bcc	739	644	APPLICATIVI/Palmare/web-frontend/src/pages/home/hooks/notificationTransportPolicy.ts
b552b17aadfa9deac97f868ac651278d0d728c09cfdf376c601e1a8588fc5642	1477	644	APPLICATIVI/Palmare/web-frontend/src/pages/home/hooks/reservationReleaseWarnings.ts
9340260451a2940ac662052e472fa4aec85c0cf595b12ae69d853acda0b7366d	4613	644	APPLICATIVI/Palmare/web-frontend/src/pages/home/hooks/themeModeCore.ts
8fbd07f962197f9717605ada2765c400b9b64f6663edd5499cd6d6e0347a9648	5401	644	APPLICATIVI/Palmare/web-frontend/src/pages/home/hooks/useNotificationAudio.ts
8a1f04dc5e47ea2490fe68400a11f4649e5f5ad478dfc8a0af10c4bf0dc110b6	23192	644	APPLICATIVI/Palmare/web-frontend/src/pages/home/hooks/useNotificationCenter.ts
c022a7d5e42fbfcda5a15c030d19b001328ee144d207af8f7c7a9a34701d0c8d	15544	644	APPLICATIVI/Palmare/web-frontend/src/pages/home/hooks/useNotificationTransportSync.ts
564739ea5beb07fda1abd822566495742e7e3d1caa0ff04c1cb2258f885c6134	864	644	APPLICATIVI/Palmare/web-frontend/src/pages/home/hooks/useSystemTime.ts
0ffec417350545c985d4b181da74e4a0e587744dab2b417b12577c32399677ad	14149	644	APPLICATIVI/Palmare/web-frontend/src/pages/home/hooks/useThemeMode.ts
772ff30b46c1cd412cc110482ddf3cd2752105f9bc344143a19c8a45d095c2ee	17191	644	APPLICATIVI/Palmare/web-frontend/src/pages/home/menu/MenuWorkspace.tsx
4fab7838a3e8a812e4f9503206952b142431e4b15104a441d299b98792f5d730	1565	644	APPLICATIVI/Palmare/web-frontend/src/pages/home/menu/components/MenuCategoryList.tsx
4bde6651a9e0dcdb96e847618dd8ccd4d7b1c40edff4c374587eca9b97544732	1198	644	APPLICATIVI/Palmare/web-frontend/src/pages/home/menu/components/MenuFeatureBadge.tsx
9b3ab20438b2005d56ec3566bfe6b11f17b16b0491495a6fbb3fcb149163f88f	6720	644	APPLICATIVI/Palmare/web-frontend/src/pages/home/menu/components/MenuFilterBar.tsx
6c78e2b01eecc087ccd2c49e62381b966e49af2ba836c13fcaf9af0acc4cf94f	4706	644	APPLICATIVI/Palmare/web-frontend/src/pages/home/menu/components/MenuProductDetail.tsx
f3d59050971bcd14510e9ee9579fd51eb9a7c776ce47e0231d494561452d8591	4353	644	APPLICATIVI/Palmare/web-frontend/src/pages/home/menu/components/MenuProductList.tsx
29576ec827547ac63da3765f354aba326bce85e038de8c3cf9aabbc08efd083a	2892	644	APPLICATIVI/Palmare/web-frontend/src/pages/home/menu/hooks/useMenuEdgeBack.ts
84adea7c1890d9a8521a4e6884641272906444f1c468acfb9acff042221da875	4242	644	APPLICATIVI/Palmare/web-frontend/src/pages/home/menu/hooks/useMenuSessionSync.ts
4af8b42ff6a74e43defd111bd08c7eb042d6cecc9418446042aed32a63dcf87d	2013	644	APPLICATIVI/Palmare/web-frontend/src/pages/home/menu/hooks/useTimedPricingRefresh.ts
d53f90bca79375d5bd58c661f06203a0d25e363707a6a107a5cd0e94bbdcb10e	905	644	APPLICATIVI/Palmare/web-frontend/src/pages/home/menu/utils.ts
bb3a547f98a768ed6c766e8bb783bfdc66f9c77e22bee84f3b23a61a963aefe0	732	644	APPLICATIVI/Palmare/web-frontend/src/pages/home/menu/utils/stationBadge.ts
6c300023ae546cb750dff37af817bb4637792f8dd4b2ecd4805203d249c6854f	80105	644	APPLICATIVI/Palmare/web-frontend/src/pages/home/reservations/ReservationsWorkspace.tsx
56006cc566eafbe80dc46241e5eba8ae5f8e56a6aca72be38a028728b1980986	1822	644	APPLICATIVI/Palmare/web-frontend/src/pages/home/reservations/components/ReservationCustomIntoleranceModal.tsx
5456e5f3fbad039b3a5ec86496163c39a00749b737cb464dc7ac13f566d625de	1744	644	APPLICATIVI/Palmare/web-frontend/src/pages/home/reservations/components/ReservationIcons.tsx
4fe26e624497639ac9878f2989aff8683b49b36872a436d98577dfa886f02696	966	644	APPLICATIVI/Palmare/web-frontend/src/pages/home/reservations/components/ReservationIntoleranceBadge.tsx
b3a3a06aa1e814a02bbed90967edcb5d3daac72c6cb40c1862052083d1f30b43	110378	644	APPLICATIVI/Palmare/web-frontend/src/pages/home/tables/TablesWorkspace.tsx
2563f6edce424b8cae33b98a89fb947597bb0da56456f64dfdc3d8b23bce21e8	21089	644	APPLICATIVI/Palmare/web-frontend/src/pages/home/tables/components/AdminPaymentAdjustmentDialog.tsx
67ad11f76873077b5db8657ee3e64d903912cbdddf925e9f30e074270f671d9b	3859	644	APPLICATIVI/Palmare/web-frontend/src/pages/home/tables/components/GlassDropdown.tsx
9ad8edc2764f4ead30d580ca3106220984e2c28f7410b2cd64db14ea90d6b2a9	2051	644	APPLICATIVI/Palmare/web-frontend/src/pages/home/tables/components/TableConfigurationRemovalDialog.tsx
9bb86b56c9427ea0817697f38d6c6b256216d83497a2614f9faf488706ca01e1	7999	644	APPLICATIVI/Palmare/web-frontend/src/pages/home/tables/components/TableDetailAnagraphicFields.tsx
e109e64862ca1768e0e53d323b9d232137f8cbde143a3244014c0187ef262b87	63787	644	APPLICATIVI/Palmare/web-frontend/src/pages/home/tables/components/TableDetailPanel.tsx
842c6e840230bfc27a3bf5addae1f86807e991ab59e9f221e75311b2e264ecfa	27655	644	APPLICATIVI/Palmare/web-frontend/src/pages/home/tables/components/TableGroupsDialog.tsx
5b82f2ce8e089b14f88cdba78c5e1c415b795d309a19ebeed3dd9740ef8e2938	1103	644	APPLICATIVI/Palmare/web-frontend/src/pages/home/tables/components/TableIntoleranceBadge.tsx
34335ad793e95eca1c0a7ae7b50fd208d6cf495dc7f4ff4be01c154cbe74b593	4443	644	APPLICATIVI/Palmare/web-frontend/src/pages/home/tables/components/TableMergeConfirmDialog.tsx
bb89894e4625d293900c016a217f24739c33bf4d1f3d1dcf0f28f890b21a52f7	66942	644	APPLICATIVI/Palmare/web-frontend/src/pages/home/tables/components/TableOrderComposer.tsx
ac895838358fe75d5ef017b5ae46002776308655abd969bf09f775560e95ff0d	134607	644	APPLICATIVI/Palmare/web-frontend/src/pages/home/tables/components/TablePaymentWizard.tsx
19b1ef604fd75615364ad164398c9035c6c30ad6c50a3f2ed3e32d813d8c15af	12248	644	APPLICATIVI/Palmare/web-frontend/src/pages/home/tables/components/TableReservationQuickManager.tsx
3423f91027f374f20b483da4d5e739cd88665b955bfd7288368fd3d2c091a9eb	1885	644	APPLICATIVI/Palmare/web-frontend/src/pages/home/tables/components/TableReservationReleaseDialog.tsx
ba53d4256330b6e9c6646aa7693f1a7781281fa176c9baa434d4e6f563097af2	3649	644	APPLICATIVI/Palmare/web-frontend/src/pages/home/tables/components/TableServiceRecoveryChoice.tsx
101911a529e69d62ef8f17c78e64212a4e826b32ac9b812610ca4a5b1adb243f	34245	644	APPLICATIVI/Palmare/web-frontend/src/pages/home/tables/components/TableServiceRecoveryDialog.tsx
de90893b08e30cd2f14f4695666495e3832407b7a7eeca1a793379cb3c30d376	5939	644	APPLICATIVI/Palmare/web-frontend/src/pages/home/tables/components/TableServiceRecoveryModel.ts
4c604f316fa858a06604002e129af7f53c9db1e6bebfbef3d33f146ac320c573	8044	644	APPLICATIVI/Palmare/web-frontend/src/pages/home/tables/components/TableServiceRecoverySupplements.ts
68f5cf38c094a1ef1ab9450e82df7326f4076ec35e2eb349b83b5db00deba216	6048	644	APPLICATIVI/Palmare/web-frontend/src/pages/home/tables/components/TableTile.tsx
dab953076b599e4755dc9aea0f9dfdb10cc326c4ee4e25effcab52ea4f9ade91	849	644	APPLICATIVI/Palmare/web-frontend/src/pages/home/tables/components/beverageApericenaCategory.ts
5117b3da676945db4108e11a4fe36b273ea8b86e350240d7d064bb23e91d9f79	3181	644	APPLICATIVI/Palmare/web-frontend/src/pages/home/tables/components/menuSupplementPricing.ts
e33ec96abd8f8e685275967845642f50cd1137f9353644b3420b7bb5900fda5d	1752	644	APPLICATIVI/Palmare/web-frontend/src/pages/home/tables/components/orderComposerProductPolicy.ts
d5e8392493a5775f8254865b1fbdbe85132ac02cae4d7782a83ac95242bd98d3	2655	644	APPLICATIVI/Palmare/web-frontend/src/pages/home/tables/components/useSubmitLongPressAction.ts
dfbe21a0164a43eccc3751279c5b46a75bb8a37c26cdc3eac3cf1f5f71d2ae7d	214	644	APPLICATIVI/Palmare/web-frontend/src/pages/home/tables/constants.ts
dd42938d74eb66f17d61b9821e00240bfa77f1a6bcc96505170a8aa502dd79bc	12074	644	APPLICATIVI/Palmare/web-frontend/src/pages/home/tables/counter/CounterWorkspace.tsx
e3b90abf41363929fb3297ff70f371b3d6266295e6861b0a3eb0e057a8a584b5	615	644	APPLICATIVI/Palmare/web-frontend/src/pages/home/tables/counter/counterModePermission.ts
093dd74adbd1380d75ccf9f155c7e217257ca48f45e64239a4365738e044158f	1916	644	APPLICATIVI/Palmare/web-frontend/src/pages/home/tables/counter/counterVat.ts
3a6ce6a073837b1b5ff233ae6df4f074c6b51132bfe02cbdbe3f0871226a1543	2002	644	APPLICATIVI/Palmare/web-frontend/src/pages/home/tables/counter/counterVirtualTable.ts
4f104e4a45568bd27749b3f91f387d5554bab1d372070b0dcbcdadf9cae951ac	826	644	APPLICATIVI/Palmare/web-frontend/src/pages/home/tables/counter/operatorReceiptName.ts
a4dc65fc79acca67f042090560090d9ab7f844e090c37d00e0e7b73958d87e31	2638	644	APPLICATIVI/Palmare/web-frontend/src/pages/home/tables/hooks/useReservationReleasePrompt.ts
f16ead449d7652e4cf4e65e13be2ff028426eea22a5aad45b373cc0fa3638c32	3120	644	APPLICATIVI/Palmare/web-frontend/src/pages/home/tables/hooks/useStationAvailabilityRecovery.ts
c6c64378714650827790c0c15b3ba6bc6f430fbb574a1f2a8af441206b663c92	4276	644	APPLICATIVI/Palmare/web-frontend/src/pages/home/tables/hooks/useTableLock.ts
b587bec2efa31587980de43586ef62f17e4a905ff7624b43ef0a870ff6431550	8048	644	APPLICATIVI/Palmare/web-frontend/src/pages/home/tables/orderDraftPricing.ts
c7dfaf5e740f992f54e7cbd8d288b107e069dc59cbe153bc6d3019acd61db18c	619	644	APPLICATIVI/Palmare/web-frontend/src/pages/home/tables/payment/articleSplitLockStorage.ts
538a6a9112d33c1926cbcd47cf1984dcbe76325c6b0d078ef3488a4f63215098	7841	644	APPLICATIVI/Palmare/web-frontend/src/pages/home/tables/payment/paymentAdjustmentDistribution.ts
6fa8c4263d1bb5d125242924bd36bf3aa770c7cc58cf1601bf00777324ae840d	5132	644	APPLICATIVI/Palmare/web-frontend/src/pages/home/tables/payment/paymentArticleUnits.ts
2482b7d276fb27ab6e02a435d5ad9551d03d2a260014e9c27b2ca35472c2cfb7	2420	644	APPLICATIVI/Palmare/web-frontend/src/pages/home/tables/payment/paymentInvoice.ts
6910a0ee4e94ce4f386021dac6947ecbeed0093c46807c1c83498761634b88af	1305	644	APPLICATIVI/Palmare/web-frontend/src/pages/home/tables/roomMoveAvailability.ts
b24ae5145efcfdb65255c3e4768af6493635736db2038392da1d654e9428623c	2189	644	APPLICATIVI/Palmare/web-frontend/src/pages/home/tables/utils.ts
9eee6673cda01d21eed3ff7ae5741cf0c3a1201a5f0e81cd57e889d32e45eb0b	16236	644	APPLICATIVI/Palmare/web-frontend/src/pages/home/tables/workspaceRuntime.ts
552c01150c5a115e904c7787b0323c1aec61e0bce9573c2e345c0251d958c2ff	407	644	APPLICATIVI/Palmare/web-frontend/src/pages/home/types.ts
75789694207bb008d4188f6395940a4db74ccaa97c314817e035cc817114f9de	84	644	APPLICATIVI/Palmare/web-frontend/src/pages/home/utils/format.ts
82f3388155e4a21820c04c143588b627a82e514d6a7dd85f8aef15f48cf05d33	1580	644	APPLICATIVI/Palmare/web-frontend/src/pages/home/utils/mockMessages.ts
bf65ced32c81f1955481a47c261b69b0d138534e434d60337552461d95dd2424	374	644	APPLICATIVI/Palmare/web-frontend/src/pages/home/utils/time.ts
71daf786e957546e7dc0711ef8fff08d6fa93b96d57861dfb4aa0a760b3b7a31	1720	644	APPLICATIVI/Palmare/web-frontend/src/pages/hooks/edgeSwipeBackPolicy.ts
d53ca2561a7ce0d4012335bfd0aaef3a7ab7410378f208318a54416243f8894b	3628	644	APPLICATIVI/Palmare/web-frontend/src/pages/hooks/useEdgeSwipeBack.ts
10ce0dea9c156c5278c2cf3c5b7eccfe08014682ad73eb5ed6d3574c0225f8df	20715	644	APPLICATIVI/Palmare/web-frontend/src/pages/payments/AutomaticCashFloatModal.tsx
e812ef8f6ac45a221a174b7106391bce9c40866a0940bc2bd127aebf252eef11	12014	644	APPLICATIVI/Palmare/web-frontend/src/pages/payments/AutomaticSettlementWizard.tsx
03d95ef78d599d993e8b2f9fd3f60d4d04e494daca857a99110edbbe3adbdd97	4718	644	APPLICATIVI/Palmare/web-frontend/src/pages/payments/CashExchangeDenominationSelector.tsx
752f9307b508cd8e5d16374b29279fbabed429671b46682a149bf2937641b8dd	15306	644	APPLICATIVI/Palmare/web-frontend/src/pages/payments/CashExchangeWizard.tsx
f3cc22d697f934fd67f57fcb071d090373a2d858827cca433a2d17eeb200e44a	2000	644	APPLICATIVI/Palmare/web-frontend/src/pages/payments/CashFloatLoadChoiceModal.tsx
a12ff562b831d40b8329fc95a274a34aa6b43ed544265289b1b83caa757d27b4	5218	644	APPLICATIVI/Palmare/web-frontend/src/pages/payments/CashFloatTicketModal.tsx
f1811cc22e8795c96b41c589d83725699968232c7b0deaa399ea1a0268b47d50	27544	644	APPLICATIVI/Palmare/web-frontend/src/pages/payments/CashMovementModal.tsx
f552b6c543ee8c15f720aa88d246d8d8da912c5a7a757cac7471fc4e4ae9ea99	4785	644	APPLICATIVI/Palmare/web-frontend/src/pages/payments/ManualCashFloatModal.tsx
445a02729edd3d9bf4d3bead09edec704c53ef84845ed29a9561c81f3a5d12f6	12392	644	APPLICATIVI/Palmare/web-frontend/src/pages/payments/PaymentOverviewProvider.tsx
e27aaf88b6ac8003f3ee4838c8c15bde7396224fafbeabe9268bdeab44328735	90482	644	APPLICATIVI/Palmare/web-frontend/src/pages/payments/PaymentSettlementSection.tsx
bd66a89b53ab5eab74497c13263a8da85c0c918d292adb5e80a185d73963d42c	5781	644	APPLICATIVI/Palmare/web-frontend/src/pages/payments/QrCameraScanner.tsx
f32ec2ecd0e4ada917f561aea1fffb31a83b1210470eff891f475b453aae1002	738	644	APPLICATIVI/Palmare/web-frontend/src/pages/payments/automaticSettlementModel.ts
4d0e72711db65f13379e375e16624a1c22d024922d60556db8e597676c29b64c	2973	644	APPLICATIVI/Palmare/web-frontend/src/pages/payments/cashExchangeDenominations.ts
021ecad63f2841b076e8f3cd1d24a1f119dcf982092bb559a0e64287b23285f3	4171	644	APPLICATIVI/Palmare/web-frontend/src/pages/payments/cashFloatTicket.ts
2cbd89a766d855388c8e392c9fb3b76258210426ad73f74d4d17a2db885b2fe8	352	644	APPLICATIVI/Palmare/web-frontend/src/pages/payments/qrPayload.ts
25d0d7a1f0cee72dcb5afb9d1213c1623d3ba0db6479907c8a556cc4de6a0dd3	10362	644	APPLICATIVI/Palmare/web-frontend/src/pages/payments/settlementLedger.ts
68c67a9d4f883d8827b24581d9da50607f111a155be9d79c3bc2c455eedfd0a3	1513	644	APPLICATIVI/Palmare/web-frontend/src/pages/settings/components/NotificationSettingsSection.tsx
612e702e0b14a0fdbf3179972f5b0debe3108b766bfb37847a8535f326f82548	5786	644	APPLICATIVI/Palmare/web-frontend/src/pages/settings/components/RoomAssignmentSection.tsx
e7f04633ee5dd33db7f6776a8b7852290259d2dcb6582fadd4476f2ed8600ca0	2402	644	APPLICATIVI/Palmare/web-frontend/src/pages/settings/components/RoomChangeApprovalModal.tsx
e913e6dc15134a05c707896f0767544f880a3e7812f1db1b0145af4dd3fbb5e5	685	644	APPLICATIVI/Palmare/web-frontend/src/pages/settings/components/SettingSwitch.tsx
debc2fdf7ee69c1ced7bbf22bc81dcf3f8d9e75d773f2796d1989035f47483dd	454	644	APPLICATIVI/Palmare/web-frontend/src/pages/shared/HomeBackButton.tsx
3fd107ad75388a4993b74b35f82941b5a4e549e1d917d20fbbe2c5ad2c2544e6	1955	644	APPLICATIVI/Palmare/web-frontend/src/pages/shared/SwipeBackHomePreview.tsx
a726d428045044f816a6dad875a61701c549926cf99cba8da4bbc8ca719874b7	31877	644	APPLICATIVI/Palmare/web-frontend/src/radio/RadioProvider.tsx
abbc688c3f27552e85db52bff50c263feef2925d82656c7d19916695e527b312	1628	644	APPLICATIVI/Palmare/web-frontend/src/radio/mulaw.ts
39bc6197944b4b8ff7f20c2853eb52b130ac4941ce0d7a48bc6e1db350535a12	17319	644	APPLICATIVI/Palmare/web-frontend/src/radio/radioAudioEngine.ts
2c83ffbe7b8d072aa7691125174d1d6e744ec91b194d23e72f96c184f95d827a	995	644	APPLICATIVI/Palmare/web-frontend/src/radio/radioContext.ts
e0d9139644bee1c4ae7a6adc2d3eeee84ec3c863ad87584a91ccef9ce1cdc96d	2627	644	APPLICATIVI/Palmare/web-frontend/src/radio/radioGesture.ts
4ed72c2852ea0de18739a436f9c9ecb9d68c910605cf0f1becabaa08e28372fe	11683	644	APPLICATIVI/Palmare/web-frontend/src/radio/radioPlaybackEngine.ts
390c1b6fd0d47fba7ebe12d40cd973929ef1972cf8f8b6204a30707b8e531d26	996	644	APPLICATIVI/Palmare/web-frontend/src/radio/radioPriority.ts
f3b93f9e87a17da5316d60726eedd48c668b51fca047e627cca87fc533e65c8d	3534	644	APPLICATIVI/Palmare/web-frontend/src/radio/radioProtocol.ts
b841cd2bf7a93bc9e6d36fe45a3cac4c81c8062ccd36d9d98f14c48e746b4b36	4593	644	APPLICATIVI/Palmare/web-frontend/src/radio/radioTypes.ts
3b4e8f62185fd9cf778a1268d5bacc850fb0aa61b01881d91a31cf14bc84d8d3	1359	644	APPLICATIVI/Palmare/web-frontend/src/radio/radioUi.ts
1e2f93fb8c8d68b59c975f8a9364fc54598339e020943c44226e243f47db2661	10800	644	APPLICATIVI/Palmare/web-frontend/src/radio/radioWsClient.ts
4e2e3934a0cec2c7f22a642494cf7539b0f62d9f38b53a7df8607a2aa79d751a	1459	644	APPLICATIVI/Palmare/web-frontend/src/radio/resample.ts
697b9d7c07e9ea5b316e2fbe4ee2c2c8b38b179c0dbb9b8e0e779dfbf75c5ea9	2730	644	APPLICATIVI/Palmare/web-frontend/src/radio/useNativePrimaryPtt.ts
e5367ffba258d0a989fa1965370c262567f579cabb307887f41ad6e62da36bd9	341	644	APPLICATIVI/Palmare/web-frontend/src/radio/useRadio.ts
db6976223eeec7356ba68579056d92159131c7ebe310cbe7a8cabfab3242ab79	1616	644	APPLICATIVI/Palmare/web-frontend/src/shared/allergens/AllergenIcon.tsx
add580a51087c011fc007fd1f66fcf108ad57de77f38264830f4c2533d47006c	18722	644	APPLICATIVI/Palmare/web-frontend/src/shared/api/apiClient.ts
f43f2ad40d41d02ed9e21f98f1de15af00d85d2a08db871367c9e51d28157fd3	3099	644	APPLICATIVI/Palmare/web-frontend/src/shared/errors/ErrorBoundary.tsx
67933cac25654b99c0a59b8aeea8fbef59c3c051b02633599d6c8bd6082b7f3b	178	644	APPLICATIVI/Palmare/web-frontend/src/shared/format/currency.ts
791dfc9ed2062d97c4c42e70d9b0c0d449a6dfd03c60040a2d0f76f4aa05d7f4	2377	644	APPLICATIVI/Palmare/web-frontend/src/shared/menu/productSections.ts
a9d9c4606c414a77aa30941570c19d8011d135e6fe3ba8870076dca1c9f06e56	2663	644	APPLICATIVI/Palmare/web-frontend/src/shared/native/nativeNotificationSession.ts
12af940a8d7c4024d2a9becd1c765f075ea2f634a170dac805fe455b3d953676	3234	644	APPLICATIVI/Palmare/web-frontend/src/shared/offline/configurationSnapshotStore.ts
d8dc12c53d6f5a91a05a2cf778b17bf10735dacefa6bf2b3ada08fb6014a081f	6775	644	APPLICATIVI/Palmare/web-frontend/src/shared/offline/offlineReplayState.ts
6d249995eecb03325de211c4bacf223f833facd7e74c4ab6e6e5091a7c88399c	3670	644	APPLICATIVI/Palmare/web-frontend/src/shared/offline/offlineRequestPolicy.ts
222d961a7a44732a2f4524064ff62211f614fbac64a3e39d3b3e9d1690997070	10876	644	APPLICATIVI/Palmare/web-frontend/src/shared/offline/offlineRuntime.ts
b3d9c5a75f5afc37d63e3a0bd93fa3395557aa326e7d17f3e3b528e2fd2294dd	6683	644	APPLICATIVI/Palmare/web-frontend/src/shared/offline/offlineStore.ts
07b4b6da925a17e4fb8044f4394f24b60895dcd72af5af4915e506351ca7a00c	676	644	APPLICATIVI/Palmare/web-frontend/src/shared/optimistic/clientOptimisticActions.ts
fb36c715df82ac75ad2a67bcabd25972be5f0dc23058182419d31108dbcccb6a	3126	644	APPLICATIVI/Palmare/web-frontend/src/shared/pricing/orderEmissionPricing.ts
54397fef184d998736d0edb10f7399d90d323aadf1cec35546f267602b13120e	10558	644	APPLICATIVI/Palmare/web-frontend/src/shared/pricing/productPricing.ts
9f3ea269a5148df76d6f5aae9c935a616fd41a3d6ab477a5c5ec88e377a57a24	275	644	APPLICATIVI/Palmare/web-frontend/src/shared/query/createAppQueryClient.ts
ec74bea7cf82d05487f4f839f1590e360ffe20b7f324f10cd194084a9a5f0f9c	2566	644	APPLICATIVI/Palmare/web-frontend/src/shared/realtime/realtimeEventEnvelope.ts
5282a403c6607c3f447162d3382c0e8d0f090627033e029245c3aa5a73982cce	826	644	APPLICATIVI/Palmare/web-frontend/src/shared/settings/settingsVersionEvents.ts
65f2fb9b529a762117d586c63fd50ff75845aa4cdcc8a0335aed810ff0e4ea49	1245	644	APPLICATIVI/Palmare/web-frontend/src/shared/storage/authStorage.ts
f0e60ce9c780c0c3618f86f81dd743b6dcd1dc8a3657662f6996d96b455558c3	1834	644	APPLICATIVI/Palmare/web-frontend/src/shared/storage/paymentSessionStorage.ts
31a461d45637b97b9c29a9c51fe81a5eea419a421179327038b78c932d7ddf27	1044	644	APPLICATIVI/Palmare/web-frontend/src/shared/storage/preferenceStorage.ts
420199ec29c7e6d4c1ff3af91500cb425fb9d0ca47c438128b5a5fb62e7b4980	538	644	APPLICATIVI/Palmare/web-frontend/src/shared/storage/reservationReminderStorage.ts
ae2c49f75dcebfc4ce2d49e41898a7cf505764413105aeedaaa48376e6cab9f2	1283	644	APPLICATIVI/Palmare/web-frontend/src/shared/storage/roomPreferenceStorage.ts
2f142653ad645bb9868d36cbef5d22151332b0ac8b2ece7e35df2a80eda967a6	3442	644	APPLICATIVI/Palmare/web-frontend/src/shared/storage/storageAdapter.ts
80b6530325d4d10278190df3d925d3c29f60a4516a49c190a12767e5dbd6a49c	496	644	APPLICATIVI/Palmare/web-frontend/src/shared/storage/tableFilterStorage.ts
a0cfd7f4362dfbb1f121c2bdc0c99671365e1e5d4cde6355a8b6c1a517e6e130	8101	644	APPLICATIVI/Palmare/web-frontend/src/store/authStore.ts
20bc990a44bb9032c378a39f7ab672cd1319fe9035698120218d95614f20215a	7670	644	APPLICATIVI/Palmare/web-frontend/src/store/paymentSettingsStore.ts
13aa9c383d4e71b12d8afe7312d61dcd4f9025f140ad720079441823d624a718	234488	644	APPLICATIVI/Palmare/web-frontend/src/styles/glass.css
25627e8d16cc542b8adcc9addc3391ea7b09ce14139ebe12e4bf59c737769ef6	20701	644	APPLICATIVI/Palmare/web-frontend/src/styles/menu.css
e88d8460edc8905a35ad923f0af9787ba042c1ba895d435c7a077f2a51c50edb	46259	644	APPLICATIVI/Palmare/web-frontend/src/styles/reservations.css
56f89a6cf367ecf313422092a846d6b932cfcf0271f16c204b0843a6beece598	259909	644	APPLICATIVI/Palmare/web-frontend/src/styles/tables.css
0ac8195d51dbc9568d78be21e198c50bd5bee80d82f64b82ab04be115ef47536	698	644	APPLICATIVI/Palmare/web-frontend/src/types/auth.ts
215138d82425a69ac3f38d200e5f78be837c646bbc26a17ae8bf0dc493eaac94	15071	644	APPLICATIVI/Palmare/web-frontend/src/types/automaticCash.ts
8d4f328d9d6ecd2f5dfa8b82510312f52105689e8e44af22803806557432c8d5	2129	644	APPLICATIVI/Palmare/web-frontend/src/types/cashExchange.ts
f3b6a9b80d603f959cd4e7d4e91eceb4eeca31b5590db854ecb70c835befafab	8677	644	APPLICATIVI/Palmare/web-frontend/src/utils/analyticsTransactions.ts
2073b7fdd948e7ef716786a4e21e40d90cae03bad9ab384db167372ee5df8bcd	5754	644	APPLICATIVI/Palmare/web-frontend/src/utils/automaticCashConfigValidation.ts
3c6102645cdb1d9c9980224ed35f129f78861ec906268a16a1ee89b1cd57acd5	6571	644	APPLICATIVI/Palmare/web-frontend/src/utils/automaticCashErrors.ts
c44c611330569e4e809e30caf9a1bbbdb371454461a8223c8b614f727b787af7	4277	644	APPLICATIVI/Palmare/web-frontend/src/utils/automaticCashPaymentPreferences.ts
946c101ea56c78f079848445a451de4683f6a7351df1b5e3f7af9060ea9c6ccc	3217	644	APPLICATIVI/Palmare/web-frontend/src/utils/automaticCashReserveConfigValidation.ts
0f875c25a3695166cd345f2edee5d51c6244e6b2fa1aa8c5255ebdc0c6825b81	6923	644	APPLICATIVI/Palmare/web-frontend/src/utils/automaticCashSettlementArchive.ts
4e380736d3a8a0dd3c53671dc1bb0836526bce6d606f9886cc9b7bd7583c5e87	5071	644	APPLICATIVI/Palmare/web-frontend/src/utils/automaticCashTicketRegistry.ts
234f51d7b8a25552d8a11a1f80ba5995aff842547bcfa1cdd499a8bd1d99f258	643	644	APPLICATIVI/Palmare/web-frontend/src/utils/device.ts
00d1297975c53cd7c9777d0e0fdae1e0d013cfb8547f81f09239fbbec3c16c9a	1164	644	APPLICATIVI/Palmare/web-frontend/src/utils/haptics.ts
8c3d3d99b904264df5477c66aadb1fe3bb7647c3ff1bb14e7618142b7c44208a	931	644	APPLICATIVI/Palmare/web-frontend/src/utils/intoleranceTokens.ts
8e4f54b88467316952370d127c96ba3403cae0ca8ee0ab73823340574630b9af	1127	644	APPLICATIVI/Palmare/web-frontend/src/utils/menuStationBadgePreferences.ts
ba4582abd36b6bc9673d5cc4cf4daa739019c4416efa0543bdf88509315cd18b	1070	644	APPLICATIVI/Palmare/web-frontend/src/utils/orderBestSellers.ts
d36b0252ffd19c2315d1c5003c1a64087d1f2db4312e5ac6c8b7db685f3a1326	1972	644	APPLICATIVI/Palmare/web-frontend/src/utils/orderPreferences.ts
b59bdc6ea9f7f3bf9149d7cead6c5a3b8bf90b7ba59b99c381f32d93f3664235	1588	644	APPLICATIVI/Palmare/web-frontend/src/utils/paymentConfigReset.ts
05008dbf45d59ffd51a5b6babc9cdbdb9f66390176adbefd78910a1e272d69c2	23626	644	APPLICATIVI/Palmare/web-frontend/src/utils/paymentSessionRuntime.ts
8288ec78cc4bb3a8874d0691835a0ad506064d4f3ddf7e92cc5b5183357f4a7e	1270	644	APPLICATIVI/Palmare/web-frontend/src/utils/productSearch.ts
f35d7048e590076e42510859f274786b69e2f1ee7c1703ca379b4bc7f9b78259	2683	644	APPLICATIVI/Palmare/web-frontend/src/utils/reservationReminderPreferences.ts
4b0ffe4ead31d723872d6890afcd69e7e4532faeed7992e18e0c703da17097ef	4464	644	APPLICATIVI/Palmare/web-frontend/src/utils/roomPreferences.ts
573147d3c353787046457d9556ccd910ba432bf7649086c4a6b9ae20772bf6db	917	644	APPLICATIVI/Palmare/web-frontend/src/utils/rooms.ts
6d09a8b902cf8f9e69782c2c8e70ecfa043c42223d18922c61387cb2da07c12a	76	644	APPLICATIVI/Palmare/web-frontend/src/utils/sleep.ts
10121883c379089790b98933bdc88649ca11968732b895a30652dc56a1be2f43	1038	644	APPLICATIVI/Palmare/web-frontend/src/utils/tableFilterPreferences.ts
91ab03be7c2674b901988b18bcbbb84a6ef115e6cf834b94778bb909ec569f8b	7671	644	APPLICATIVI/Palmare/web-frontend/tests/adminPaymentAdjustmentDialog.test.tsx
3349263985168dcdf320f9d9ac4e566f10037f6012e2cb5d00c298ae23c81994	949	644	APPLICATIVI/Palmare/web-frontend/tests/allergens.test.ts
e991762c983d9a73d4b2057acd4f20518cc3f7f429cd47601f5c7dd368361cf6	7373	644	APPLICATIVI/Palmare/web-frontend/tests/analyticsFiscalActions.test.ts
3a19a7fe56f34da0d16d7982f94f8c05c9a7d1cf78a20f0d3164283288f3d517	3700	644	APPLICATIVI/Palmare/web-frontend/tests/analyticsPaymentMovementModel.test.ts
7440e2ee871444a6f53a90371830e1b51f637ccb79293e5f9e216f51d1764a3d	3665	644	APPLICATIVI/Palmare/web-frontend/tests/analyticsPrintState.test.ts
e8124b4cb041812cc56402cba34ccad38fdce6ed1e8c411259b41d475cac02bb	1624	644	APPLICATIVI/Palmare/web-frontend/tests/apericenaBeverageCategory.test.ts
df28ecd986c4d09ac3f962f8ea71b759873ac2539a588aa41989f21742e31591	8213	644	APPLICATIVI/Palmare/web-frontend/tests/apiClient.test.ts
8ed62beb21f2a87a45d0060fcc57c460dc4dc2eba8a6b8d87ba876a5edea1877	14650	644	APPLICATIVI/Palmare/web-frontend/tests/automaticCashApi.test.ts
5632be1a333025ca427a2d59c140095101379e3ee34363c6d8c402b98c5c6d1f	2064	644	APPLICATIVI/Palmare/web-frontend/tests/automaticCashConfigValidation.test.ts
86401110ad0c7ef9e736d049010b2a35b0a97a4758000e5bdb750bc42cb0db17	2288	644	APPLICATIVI/Palmare/web-frontend/tests/automaticCashErrors.test.ts
a914589428d248f25488a42a6d419e17826f5653f7ac9df2507f6a63738a8dd6	1298	644	APPLICATIVI/Palmare/web-frontend/tests/automaticCashPaymentPreferences.test.ts
0eb14b7f98947cc907cd69db76053a7f49db447d89f9aab134e05c20dab1ecf3	6780	644	APPLICATIVI/Palmare/web-frontend/tests/automaticCashSettlementArchive.test.ts
281fe2df27bde667da314662c29a2d3ebf7a8c59dd1b476bc55e42908c66c5a0	2860	644	APPLICATIVI/Palmare/web-frontend/tests/automaticCashTicketRegistry.test.ts
2f36b2c6d6e668985d524e582b383854a7717fc6fd30fc545c2a479a7a9409e3	1764	644	APPLICATIVI/Palmare/web-frontend/tests/batteryStatusService.test.ts
1b9432d00c0ca2ec24f7e31a42ce8d640bc140f2ba517d8cea2c9024b607e6ae	5746	644	APPLICATIVI/Palmare/web-frontend/tests/bluetoothDiagnosticConnectivity.test.tsx
7a919175e83a249a616fa89534a1eeab74b443aa6392a404ee3b4ac4b68ad77a	3455	644	APPLICATIVI/Palmare/web-frontend/tests/cashExchangeApi.test.ts
214d2c22c50c57acde521543583d784904bcd70e50d7db52c25d7d858ce3641f	1658	644	APPLICATIVI/Palmare/web-frontend/tests/cashExchangeDenominations.test.ts
2948ff8ed09401477293b19dade3d3ea906bb63f7f5b455a0a51e4862ba4c514	2226	644	APPLICATIVI/Palmare/web-frontend/tests/counterMode.test.ts
17b7b1764d5f1afdecbdef43f1c2d4d56475f613857eca42253e0e4371c64ccd	4353	644	APPLICATIVI/Palmare/web-frontend/tests/edgeSwipeBack.test.tsx
05ed93c03f0a06f483aea2448ec31084968814efbdeb9fc82261b5e92364f183	887	644	APPLICATIVI/Palmare/web-frontend/tests/fiscalOutcome.test.ts
00f622d308e2e89f39b7c1e06b5e0b73411595517393de6bb316637d3cd1c75b	2131	644	APPLICATIVI/Palmare/web-frontend/tests/frontendAuditFixes.test.ts
d17d3f02b349ba0d60249a1a8f45c0b448726f167e4cd1e35d2356d17d786494	12071	644	APPLICATIVI/Palmare/web-frontend/tests/frontendV2RuntimeContracts.test.ts
b4581027701281eaa53afca8c7a04610bd245a1c641184c95f8f37a812b1537d	6143	644	APPLICATIVI/Palmare/web-frontend/tests/integrationClient.test.ts
cd4076ced48466e5561789bac9bc015485ac0f17b22ab0c7eb66d177e137e45b	4825	644	APPLICATIVI/Palmare/web-frontend/tests/integrationOrderTransforms.test.ts
0509361401e869885bd2f049f835a81013c5b874b2bc6fd9b2bbf84ad026579b	4645	644	APPLICATIVI/Palmare/web-frontend/tests/integrationParsers.test.ts
6ebc5829da0cc929c823d9ff5494dcb9abdbcc2ba9b0c49900a1ca14d013a7df	3726	644	APPLICATIVI/Palmare/web-frontend/tests/integrationQueueStorage.test.ts
828f593bd28da23a37bf4831995d709fe26c16ce72446391c1ba9b0ef83caafb	742	644	APPLICATIVI/Palmare/web-frontend/tests/intoleranceTokens.test.ts
0aec2acad2e1a07ce08635c5275f94abef70dac737850dca67f14617295869df	4773	644	APPLICATIVI/Palmare/web-frontend/tests/locationsRoomsCache.test.ts
1efdc8f5964d27e932e5f80e3e858cd4991eaf7c0205ad0de61a6d5f45917bfa	2642	644	APPLICATIVI/Palmare/web-frontend/tests/loginDeviceStatus.test.tsx
e7717866084c391f8c6b06422aedc2e7bdd5f6c46a30aed5ef96476ca37ff74f	1557	644	APPLICATIVI/Palmare/web-frontend/tests/logoutConfirmation.test.tsx
207113f960fae0c04f96306c5af55f61ae988f0a6711166aaf36d8651805ea30	5213	644	APPLICATIVI/Palmare/web-frontend/tests/markDiningOrderServed.test.ts
2030d8f803cac3c06605b1fc3c72fa35d4a5e6216e45fb183d534093d8bd9520	3927	644	APPLICATIVI/Palmare/web-frontend/tests/menuAuthoritativeEmpty.test.ts
1cea057145d2e36fdc49b745a2ba1ebcbf529690900d78461724ae4715d839fc	1425	644	APPLICATIVI/Palmare/web-frontend/tests/menuCatalogDedupe.test.ts
d0e1a5c24aed5f2bac4d0f50cfd9b788d3787310b2199a31a60e7ff8eb1fdba8	2384	644	APPLICATIVI/Palmare/web-frontend/tests/menuSingleCharacterSearch.test.tsx
e1666ea8d9a2c0f7345254c340fc36a3cc0498b456821b8b55f13c3b180b6ba4	960	644	APPLICATIVI/Palmare/web-frontend/tests/mobileBatteryWidget.test.tsx
cea4a4c02765e264b66c4c4e25fa7d9080a097aff74b94deccd6cfe762add2ee	996	644	APPLICATIVI/Palmare/web-frontend/tests/mulaw.test.ts
c8a7b22c3cec167ebd25a9bb2193729a020bdb4919f0401e1e4f630aee96cd8e	17793	644	APPLICATIVI/Palmare/web-frontend/tests/nativeBridgeFunctionality.test.tsx
f3806294143944d23f74266c81ac64a97427bddb6b02e8135e41e25cd6a92b5b	2070	644	APPLICATIVI/Palmare/web-frontend/tests/notificationAudioLogout.test.tsx
dcb7305308bca186fc94f93dfb01c836781032dd5ad57745530c5d8f1c47af01	13542	644	APPLICATIVI/Palmare/web-frontend/tests/notificationCenterSession.test.tsx
1697f25171547ada279c38c0e2933297269471cbbddc1d508c4c31370c758416	855	644	APPLICATIVI/Palmare/web-frontend/tests/notificationStreamScope.test.ts
f32bc3dfe65d6cf1f26bf0353d9f43d2314cf2c8e2586797097e15c1da8e0387	1800	644	APPLICATIVI/Palmare/web-frontend/tests/notificationTransportPolicy.test.ts
026c8254ebf93450ddad62c94453e313aec826e4f64af20b17fe26d85162235a	3757	644	APPLICATIVI/Palmare/web-frontend/tests/notificationsMenuLongPress.test.tsx
3d21f9c9639a2ac17cd29b27bb264db6d78abd5c4bc6f504c9ac7aa73c6ba7b2	7826	644	APPLICATIVI/Palmare/web-frontend/tests/notificationsTargeting.test.ts
aaeb1ef415b1acc682cea3db79ff34e0f9139b9636d4578fd698cef5a74e70d6	982	644	APPLICATIVI/Palmare/web-frontend/tests/offlineActionsRemoved.test.tsx
c15a290df83e50aa2090013a9dfe82746af0c9dcd2ebf125b317f6e480020338	12050	644	APPLICATIVI/Palmare/web-frontend/tests/offlineConfigurationReconciliation.test.ts
83dc7cb6341d38f5320fc2a875862227581b8634632b22b16c0d7e61fa694e0f	5754	644	APPLICATIVI/Palmare/web-frontend/tests/offlineConfigurationRefresh.test.ts
4853e9ccaba98d7078207bf0ea85fa5e41556c348f7cfcbe7ec1a90ad138937f	2036	644	APPLICATIVI/Palmare/web-frontend/tests/offlineQueueStatusBanner.test.tsx
3ccca3c25314c181461407756f1493f99c02cc5fadc638981f80de56677e39a0	8173	644	APPLICATIVI/Palmare/web-frontend/tests/offlineReplayState.test.ts
224727cfa6f475c30d396bcd6dce608b0686701c7b6447b2559e8f4b6af3b0ab	3779	644	APPLICATIVI/Palmare/web-frontend/tests/offlineRequestPolicy.test.ts
510803a33571897d66343236c45f46c99ed9a3444779e731186ca1a4323ce8be	3784	644	APPLICATIVI/Palmare/web-frontend/tests/offlineRuntimeLogout.test.ts
1192b6fad6939890a30a1ac7e68e2e34b9ddba271cb0c72e9e17e1746d36d89a	6785	644	APPLICATIVI/Palmare/web-frontend/tests/offlineTableWorkflow.test.ts
9f4f03d4d39046cdfc71d414c3ec6c0ce2626b40ddc6a1568df2278d3be09c51	2953	644	APPLICATIVI/Palmare/web-frontend/tests/orderBestSellers.test.ts
a67a1c1dd1ca794af7b20423882b2e7f3d09460c848b1df59326491b675ec307	2091	644	APPLICATIVI/Palmare/web-frontend/tests/orderComposerProductPolicy.test.ts
d1b630785b5d47b3cd7b007e18c94da5b08409aed83f4fe26cc1a5ec3cd15053	1937	644	APPLICATIVI/Palmare/web-frontend/tests/orderComposerSingleCharacterSearch.test.tsx
15b2086a0f4c8eac1162756b06f9c9df1ef76dabe18a569c6d452897d332e504	4524	644	APPLICATIVI/Palmare/web-frontend/tests/orderComposerSwipeDelete.test.tsx
108e0b81d798793233f6a760755d3367af1fa3a91949f75ade00f0dfea08ee08	7791	644	APPLICATIVI/Palmare/web-frontend/tests/orderDraftPricing.test.ts
f785826b0bd0747d7780f915760965a6647039d4e9315a598a8d76755196d89b	2353	644	APPLICATIVI/Palmare/web-frontend/tests/orderEmissionPricing.test.ts
db434d25cc59ed0555492e0572f10a553491adc8a8376df3abcfbec5d88fac8c	2154	644	APPLICATIVI/Palmare/web-frontend/tests/orderServiceRecovery.test.ts
10c66b41da48204b0885688a50899fe197396aeabc19dabff9f4267cc4036b22	6395	644	APPLICATIVI/Palmare/web-frontend/tests/paymentAdjustmentDistribution.test.ts
ed8c6cc32642adcf81c257eb47fdffdad6902af2260e681f5da14084aaee98ee	2447	644	APPLICATIVI/Palmare/web-frontend/tests/paymentArticleUnits.test.ts
b5ef52e0ee7546209a4b7b9dc9c78039edbae6c623fe992839cb4768260975a3	6388	644	APPLICATIVI/Palmare/web-frontend/tests/paymentBackendPayload.test.ts
9bb1f2057415f9136c3dc14d03ae2a933477d0ca0adf4269ad04404cd5a67866	1369	644	APPLICATIVI/Palmare/web-frontend/tests/paymentInvoice.test.ts
750ec273d63479e729dfe8f803c66c50744fdfb21b1905198bec279ce314db43	8378	644	APPLICATIVI/Palmare/web-frontend/tests/paymentOverviewProvider.test.tsx
253fb495725fb768414e23b794b12f0c85d5c1d4c8797f1f18aadf9e12bdf82c	9434	644	APPLICATIVI/Palmare/web-frontend/tests/paymentSettlementLedger.test.ts
2c2a72e14331b73f8478ab2ab662d7457a75672e665fe411026c547573761c68	2264	644	APPLICATIVI/Palmare/web-frontend/tests/productPricing.test.ts
f9cfc41a485b31eafb089aed44b30089f765bc9bfa262fab1922007f98ff3e1a	875	644	APPLICATIVI/Palmare/web-frontend/tests/productSearch.test.ts
2ee63c01db191377e5f79fcba72d4cdb0a605b011806c0978c1829a413e5cebd	1474	644	APPLICATIVI/Palmare/web-frontend/tests/productSections.test.ts
c1c3ef63911dca30a26e1ea5064489bd2688f31d95f776cfd499c907ccf9075e	1298	644	APPLICATIVI/Palmare/web-frontend/tests/queryClientOffline.test.ts
ff7a64f5052fc03942fb171518726fa344338bfbd708852ea0c40b090796c2f6	14105	644	APPLICATIVI/Palmare/web-frontend/tests/radioAudioContextCompat.test.ts
ba9380fda8a3a95420f4ef034a3c81fd23fbf0667d67944d382fa7197bafe642	934	644	APPLICATIVI/Palmare/web-frontend/tests/radioAudioEngine.test.ts
0f54ae65b32934aed1c015def2e51af4a653099473d4c4952c00c30b07951372	12181	644	APPLICATIVI/Palmare/web-frontend/tests/radioBottomBar.test.tsx
d1918a2718f4be66704b52668db5b03e34d74980807af7a748e13231c030386c	2358	644	APPLICATIVI/Palmare/web-frontend/tests/radioGesture.test.ts
062ba9a6ae9d21084ff87517617941797b646c0012df2f3be56d36ac6c66586c	5653	644	APPLICATIVI/Palmare/web-frontend/tests/radioPage.test.tsx
d9d92471a175e4b30f52b0df1c6375ec956f185909cf86557fed321edcd7e3b6	5760	644	APPLICATIVI/Palmare/web-frontend/tests/radioPriority.test.tsx
80a1a9147ad67a0c59923dd9f99758d7ccd3c903589c7e62f0172a876497ce40	1880	644	APPLICATIVI/Palmare/web-frontend/tests/radioProtocol.test.ts
16541658c309f5615545e52dbe76468fcdfbda61f73ff8dc66dff3b65484ebc6	8201	644	APPLICATIVI/Palmare/web-frontend/tests/radioTopbar.test.tsx
a0ae5b35520ed9ae837e3645c0bc19404a005f4b67ccae42417516848a064c99	1745	644	APPLICATIVI/Palmare/web-frontend/tests/radioUi.test.ts
9b2d7118695fdaae8a23ab814ccaea47cbbe176a92e642228b547670b7f559e7	6670	644	APPLICATIVI/Palmare/web-frontend/tests/radioWorklets.test.ts
7d7292df33a91f97fd4f73d72e652904ff71d091ed0224255625b4db1e815267	1901	644	APPLICATIVI/Palmare/web-frontend/tests/realtimeEventEnvelope.test.ts
0ad157dbaba9ee1be2794d58dfd24f3b1a0ca187b6ab9e6335d137e49537da55	864	644	APPLICATIVI/Palmare/web-frontend/tests/resample.test.ts
d67fbab58d86b1029b0864641bc556789361f459fdfe40b098d2def29b32f368	2013	644	APPLICATIVI/Palmare/web-frontend/tests/reservationModel.test.ts
b3f6adf16a6197553a4e81ec5a7392325ad7caf49701041b64fe1024bf6114e6	3852	644	APPLICATIVI/Palmare/web-frontend/tests/reservationWindow.test.ts
c11e41676cfe28eb867acbeed926c36de03b1d1b42d2ce458b4891f802f58d81	10212	644	APPLICATIVI/Palmare/web-frontend/tests/reservationsOfflineState.test.ts
4468cb33daa3f1a936c6fad19790caf6a8c44d959d7bc8fd9783041ecfffbafb	1699	644	APPLICATIVI/Palmare/web-frontend/tests/roomMoveAvailability.test.ts
395eef6f9cc77c57a4db8665b45b919351b37ed28fde97e03bed9c95dbeb78e1	6392	644	APPLICATIVI/Palmare/web-frontend/tests/sessionLogout.test.ts
cf1d373869f53386f4906de3f230d78ea38bced94dcd339a90c3901aa13e61c5	4888	644	APPLICATIVI/Palmare/web-frontend/tests/settingsLiveSync.test.tsx
7775cb345f9d7cac6fa8e78bc2e66e2340baba1f7455a9b2fa8347a0e9fc7593	1032	644	APPLICATIVI/Palmare/web-frontend/tests/setup.ts
0097e6223d3c4a5fa26df4f3020039495ca3290fb311c548dbdd269795c1f62a	3071	644	APPLICATIVI/Palmare/web-frontend/tests/static/analyticsPaymentDetailModal.test.ts
866ff2a85d4e903726c07e6e85d90e57a991e53becf8420a69d8320976592a24	1729	644	APPLICATIVI/Palmare/web-frontend/tests/static/analyticsWorkspaceContainment.test.ts
349f10af0960e1a9e79dcff36b92022cd7d53514d6b786658569ad434944a6fc	9268	644	APPLICATIVI/Palmare/web-frontend/tests/static/architectureRules.test.ts
4a92ed1d863db53c006f219da62cae8438c9745b0e5f8a79a7a7cb169635b060	2461	644	APPLICATIVI/Palmare/web-frontend/tests/static/counterCollectButton.test.ts
c61fb20a91a11532fdc13e498aba03e2599069123c28d34156bd1a88d32e1514	1562	644	APPLICATIVI/Palmare/web-frontend/tests/static/counterModeTransition.test.ts
784393b6ecdef1e81e6f3ebf733ac2f0216817f0963706f59ed9bb8c3555638e	1596	644	APPLICATIVI/Palmare/web-frontend/tests/static/counterWorkspaceContainment.test.ts
6375085e80df4c332d1de739666f606f542553248b25ec2ee52e92168b1948dc	643	644	APPLICATIVI/Palmare/web-frontend/tests/static/dashboardDarkMode.test.ts
66bdcedc8505b63b80f939959d2b3682c37478f24bc785e906b8b1a83e5c8ad0	4984	644	APPLICATIVI/Palmare/web-frontend/tests/static/dashboardQuickFilter.test.ts
45af7619b6e317a9a57a4cf7c375a2475a48c6b4cc83651ee75ed9db6131c1d0	977	644	APPLICATIVI/Palmare/web-frontend/tests/static/errorBoundaryReload.test.ts
bc9377f0eab554c5dfe1a323e8919f10de4005832dbd0888986edc5e66338b59	3647	644	APPLICATIVI/Palmare/web-frontend/tests/static/menuCategoriesNavigation.test.ts
92d05b83e686e6b893fd20042a2c9e8cf6e6341ab9dcfa1bd01c1b1c24dcffae	752	644	APPLICATIVI/Palmare/web-frontend/tests/static/menuNoHorizontalScroll.test.ts
db7ca23ad81fb18a0728f0e3b8860a0e06ad381b02626404447ad8aa2b7fa9a5	600	644	APPLICATIVI/Palmare/web-frontend/tests/static/menuProductListNoSku.test.ts
0057f0678f0285bc1476d28a47002f193155543cf7e789aca453432716fb7580	1683	644	APPLICATIVI/Palmare/web-frontend/tests/static/mobileLegacyBridgeAssets.test.ts
20bf6e8bc7319274369dd9283fed456a944e4d58804688be4c45b6ce8e55498b	1859	644	APPLICATIVI/Palmare/web-frontend/tests/static/noRuntimeMockCopy.test.ts
fd004d244cfcd7c44eabdd6b792dc21eef9d3707fd9f5d55e83c6ea308e89aae	2502	644	APPLICATIVI/Palmare/web-frontend/tests/static/orderBestSellersComposer.test.ts
0ed079e69d59838cf7ee802e01ef74ae9a185c5a8a8b15d36e5674c19eb40997	2027	644	APPLICATIVI/Palmare/web-frontend/tests/static/orderComposerSearchSubcategory.test.ts
19618e327ddb7762493d543a80130c72ab50fdafaa0fa4c025afccda27ac8251	10429	644	APPLICATIVI/Palmare/web-frontend/tests/static/paymentActionButtonsVisual.test.ts
323f6b7c0ca024b984ce18b10b8cf9383bf169812c93ff5779c9310da0935692	3253	644	APPLICATIVI/Palmare/web-frontend/tests/static/paymentBenefitInputModes.test.ts
af190d6915c16e752fb08f1b19872b54f0c45d95e3755cd200ac20c0e6ca5533	1210	644	APPLICATIVI/Palmare/web-frontend/tests/static/paymentMethodPermissionsNative.test.ts
83513e69d452f0c2ac2200a1c168a5376a0b7609a12c26dc2ee1a1ab9c27d873	22623	644	APPLICATIVI/Palmare/web-frontend/tests/static/paymentsAutomaticCashUi.test.ts
ca2b7390db59362d38645c1c1507495899e3b7e32e8b71dfd7ac8e7994861e7e	1849	644	APPLICATIVI/Palmare/web-frontend/tests/static/premiumDrinkVariantModal.test.ts
07c585a7df4231261c8b29b10e0fa1a1c5ef337ea02db30680b405fd924780c8	7157	644	APPLICATIVI/Palmare/web-frontend/tests/static/radioContrastVisual.test.ts
3a394c0eee799f0153d63f2038c767377e2452d8b693318f89c22ca483ed73d5	1766	644	APPLICATIVI/Palmare/web-frontend/tests/static/reservationReleaseDecisionPrompt.test.ts
aed5ae8300f19dfa00fd90d4dff4d63f63a8369cdd66ca01510f10497313bd65	10589	644	APPLICATIVI/Palmare/web-frontend/tests/static/reservationsMultiTable.test.ts
0baa6eb0541ed3e816ab6a6b93e8f43e3b87640d7a98a3c3922e602715c9bcd5	2834	644	APPLICATIVI/Palmare/web-frontend/tests/static/reservationsTableSelectionVisual.test.ts
9a9f1da52989746e3ae3d4df9df7fea0642ae338238ba6b062fc1fa71fc381cc	6062	644	APPLICATIVI/Palmare/web-frontend/tests/static/serviceRecoveryAndFiscalFlows.test.ts
e7af2f8125fa836f17bfc4142b489e105df637eaeeffb49ef6205d3070acdcbb	11127	644	APPLICATIVI/Palmare/web-frontend/tests/static/serviceRecoveryModalVisual.test.ts
fe3d0d81ecddd67c788d22369f9e2df1d25b5a414bd6d5496b61ee0c9c5bcbd2	1159	644	APPLICATIVI/Palmare/web-frontend/tests/static/settingsHomeBackIcon.test.ts
d8925f4627545a737f4603a1a8ceabc6b3031ff0d57b22010c9eaef3fb800207	1389	644	APPLICATIVI/Palmare/web-frontend/tests/static/settingsThemeControls.test.ts
433f05923d5687a83505e896749f462ac338607213d9ceb7b515406aa97081bd	2517	644	APPLICATIVI/Palmare/web-frontend/tests/static/stationAvailabilityModal.test.ts
b24eb78b21b7e2e0e0b7b974a71ef41598b44f28bb702cc1e92fd340bcda18e1	1081	644	APPLICATIVI/Palmare/web-frontend/tests/static/tableDetailHeaderLayout.test.ts
bf1c40402e12fa0fbd00bb412bffc552feb43cb50ba13afb69d1dd518a88f2f6	4868	644	APPLICATIVI/Palmare/web-frontend/tests/static/tableDetailReservationManager.test.ts
23439d6971db92cdec6568617285f8796bfdf01ba8dba73f8b8995f6648c804a	1690	644	APPLICATIVI/Palmare/web-frontend/tests/static/tableFreeAction.test.ts
e6c76e84aaeff652a70e26ad5fc87241c92a565c73d1e58c57db80498f57d628	6444	644	APPLICATIVI/Palmare/web-frontend/tests/static/tableHistorySync.test.ts
d5590e4e6b779b51e71a7530449ab8da210d924155343e51f1c9f492c3baf5d1	10601	644	APPLICATIVI/Palmare/web-frontend/tests/static/tableMoveModalVisualParity.test.ts
2e543e11f58b9e9854c5ded85230842cafee6bb6e32806bf9248e6d54804743c	2119	644	APPLICATIVI/Palmare/web-frontend/tests/static/tableOrderSupplementAlignment.test.ts
ffdb0f6a165c169b545bc31fb2f4f0e4f9e57379ced7593e07c9461f341866ed	3227	644	APPLICATIVI/Palmare/web-frontend/tests/static/tablesRoomLongPress.test.ts
44579d78f2e91c256ee1b46d85fac362486c7b50dabc1b68897c8e9b75c32b35	1626	644	APPLICATIVI/Palmare/web-frontend/tests/static/tablesRoomsHotRefresh.test.ts
b890436d46c8b54b09199af16092cb5c75c91a7a73ad817b594a0b31b03a8db1	2248	644	APPLICATIVI/Palmare/web-frontend/tests/static/tablesWorkspaceContainment.test.ts
14f4dfb231fbbb079743c1543c096d1206aff64485a654c87330e51e10616587	2547	644	APPLICATIVI/Palmare/web-frontend/tests/static/themeModeBootstrap.test.ts
e65a8ca7515f92e5c19ea9ee97e8baacf01aa0aa2e46466d15c7ca937885bd79	1184	644	APPLICATIVI/Palmare/web-frontend/tests/static/timedPriceBadgeContrast.test.ts
2fa6815afe7908be2f0a929790733a741d7d491a61da6b8956489a42577c3a65	4400	644	APPLICATIVI/Palmare/web-frontend/tests/static/v1BridgeNativeMigration.test.ts
ba893b9d81d712cd3d4c4c57dfb1beace4587ac90ae0a1bf0b6912a1774631d8	1354	644	APPLICATIVI/Palmare/web-frontend/tests/static/waiterPauseCardVisual.test.ts
9d35cec24d9ed736f7a2bd5111238cbc724e74be69c3d23b5f06a26493573d40	2015	644	APPLICATIVI/Palmare/web-frontend/tests/stationAvailabilityRecovery.test.ts
ba2d9470655b65a6f0fbf4855f21773e02f2cf21d5864c4d57c4bbf4c4c97895	759	644	APPLICATIVI/Palmare/web-frontend/tests/systemConnectionStatus.test.ts
36190b59adde09e7cc85d960515197313648982a4150f797a4e0ec80ce04aaf8	852	644	APPLICATIVI/Palmare/web-frontend/tests/systemStatus.test.ts
181db237d36740d22cb445978e6a2cc2f659a719b8636633b94187ac6dd3f01a	6395	644	APPLICATIVI/Palmare/web-frontend/tests/tableGroupsDialog.test.tsx
50d33e3a16f21a6b92218a31508ff91d08341579d47ea7880c1088b76d254147	3914	644	APPLICATIVI/Palmare/web-frontend/tests/tableGroupsOfflineCache.test.ts
c90fa35d74983ae3b1a179d730fe9d88324b4bc3db620881d05dd9593c745614	926	644	APPLICATIVI/Palmare/web-frontend/tests/tableInputSanitizers.test.ts
2d3e5d35fcf8857340e442c8068ee1ba058535e78a628def074f1c41c840ba9a	4980	644	APPLICATIVI/Palmare/web-frontend/tests/tableLocks.test.ts
af490cf17d5f23ff3fd84d50fe96107fb9c36d4685424056cd65eaef07e3c129	4998	644	APPLICATIVI/Palmare/web-frontend/tests/tableServiceRecoveryModel.test.ts
90b65f78d491e35b2d0874e365b7c0f1bc6c523b18f94ae08a8fce672d9d3dfa	5233	644	APPLICATIVI/Palmare/web-frontend/tests/tableSessionHistory.test.ts
b15e07ca53bb6468d58f26b3c2e5a1820acb4a6d66095ab3dc673511d6409285	2005	644	APPLICATIVI/Palmare/web-frontend/tests/tablesRemovedRoom.test.ts
9b33e09fc886f5f3b283fd17d247ed8bcea9a7af071857de26c2a6f4a0534dcd	9982	644	APPLICATIVI/Palmare/web-frontend/tests/tablesWorkspaceOptimistic.test.ts
2aeb512e88eee74b252b4f656f3f460eb88f752cbdf34a0c7940789b3cc62f4e	1712	644	APPLICATIVI/Palmare/web-frontend/tests/themeModeRuntime.test.tsx
fe499d757afa0afc590598db84aa1aa23fee3e3636e8109bf07141f589ca9464	4309	644	APPLICATIVI/Palmare/web-frontend/tests/themeModeSolarLocation.test.tsx
5764e709a92448d263a6e749582d63a58f6064b5026079801cea370854170eea	2438	644	APPLICATIVI/Palmare/web-frontend/tests/topBarLongPress.test.tsx
37fea7569b68f3791a6548ac202a8b7265608dcf77868925072fd567cf4f217b	3427	644	APPLICATIVI/Palmare/web-frontend/tests/useSubmitLongPressAction.test.tsx
2169fc72153e9517e7a2945ee82f56e63f78ccf93b8e63df8de657dca6b8e3a2	2320	644	APPLICATIVI/Palmare/web-frontend/tests/useTableLockOffline.test.tsx
4163b75bc22b86eedf7ffee890b12e4bee5888e45db40c06756868931087523c	1676	644	APPLICATIVI/Palmare/web-frontend/tests/useTimedPricingRefresh.test.tsx
8b2c8fe006345f68cdfb08aa3cbe2bbc3c6bfd026804cc35937857bb8a7c6a6f	2330	644	APPLICATIVI/Palmare/web-frontend/tests/waiterCallDisplay.test.ts
820bf1a449015f82111de1c1dc33608a022dc171766f3eba2dd78ca0b5bd7df9	400	644	APPLICATIVI/Palmare/web-frontend/tsconfig.json
36bbf040442f5b80b22020db5a775ac2946236f114003126c280ad76e2f14f10	6210	644	APPLICATIVI/Palmare/web-frontend/vite.config.ts
f1e0529ca9fa5768a0949570e5c427d13d4e09ee9ce0222762b763fd272376aa	221	644	APPLICATIVI/Palmare/web-frontend/vitest.config.ts
1bad136f098971e0a4f032fd21dab7e1a99b2b284566b6e3deecf4cab1d1dd9a	3567	644	APPLICATIVI/Postazione/README_POSTAZIONE.md
105463d4c0ff2fd8863e6faaae0d951a9fa9b11316f23b4bf86c6955f65c9283	118	644	APPLICATIVI/Postazione/android-app/.gitignore
817cef51fb809d13ec7580e8dcbe1bc24061c3f07b518d217b1170157b2708c8	6598	644	APPLICATIVI/Postazione/android-app/README.md
310e9256f2f6a869b1f250f5e4f318016a10f4c70ed726a72e2e3f92b451ce3d	1156130	644	APPLICATIVI/Postazione/android-app/amalia.png
bd81541d1c5d8f65a5537ea1b69a9abec94eff91ff12ddbea0c17a2970ea30e5	25391	644	APPLICATIVI/Postazione/android-app/app/build.gradle.kts
569934b49c1eef3f74b6e1845a415e6acc81a031d7026cd0763ee7782486cb13	49	644	APPLICATIVI/Postazione/android-app/app/proguard-rules.pro
15d35bfbc7163fcf024e2d7d65128884046634deb9d6c77e8f6358ee58b3ed12	295	644	APPLICATIVI/Postazione/android-app/app/src/api31Compat/AndroidManifest.xml
fbecc0c7f589db136820fadf338cdc098bb1b327f9c2271511a1dbddad929485	5673	644	APPLICATIVI/Postazione/android-app/app/src/main/AndroidManifest.xml
fbcb5cc604b3fe9988d177586f1e13ea268a1483bd5d2b9edcc4765e9f2d120d	285374	644	APPLICATIVI/Postazione/android-app/app/src/main/ic_launcher-playstore.png
ae7b3d26ee6371fa0883e3f398b4b2a156757cff873f20a2496e12bb9eaa1dfb	19732	644	APPLICATIVI/Postazione/android-app/app/src/main/java/com/sentrapa/webkiosk/AlwaysOnService.kt
47ce9046c01be96baa5289d78e8da4e5c351361e446d3c357b482308aec3f870	1311	644	APPLICATIVI/Postazione/android-app/app/src/main/java/com/sentrapa/webkiosk/AppForegroundState.kt
304353b4ec190e89a40bb1f7a2cc6f49482a370963dc040d8b45170f81eeb71f	12580	644	APPLICATIVI/Postazione/android-app/app/src/main/java/com/sentrapa/webkiosk/AudioKeepAlivePlayer.kt
0442b79e6ce66fc7a69b6e6db651802c461e396dedf2d407e925ba3114088296	10499	644	APPLICATIVI/Postazione/android-app/app/src/main/java/com/sentrapa/webkiosk/BatteryReporter.kt
9e3c5382b304b6359e2da455978f27dff1030293c08a1741d7b2409b6931742c	499	644	APPLICATIVI/Postazione/android-app/app/src/main/java/com/sentrapa/webkiosk/BootReceiver.kt
a9acc7b60f6a689c74734cee808964e4dc17d7627dc9bf18a2b06330447f579d	4813	644	APPLICATIVI/Postazione/android-app/app/src/main/java/com/sentrapa/webkiosk/KioskPreferences.kt
9d73cd74e9b839d403be0c333b96cfabb98eece7436f0e3c1694bfd9af6389d0	3335	644	APPLICATIVI/Postazione/android-app/app/src/main/java/com/sentrapa/webkiosk/LocalHttpsTrust.kt
8688121f77aed3752ecf5022cd3dc54e66c1e15bd57eabb3581f9d899cce4e07	52505	644	APPLICATIVI/Postazione/android-app/app/src/main/java/com/sentrapa/webkiosk/MainActivity.kt
dd6f132a90c00f01976f2ba30ab563235a243a4f9ba5c3805ef4e4c89adfafae	15734	644	APPLICATIVI/Postazione/android-app/app/src/main/java/com/sentrapa/webkiosk/NativeBackgroundRadioReceiver.kt
9e27b567754b7baf85908ce85273b54e4bd4d57a7c02611e9cc99c45dfc50ea2	3678	644	APPLICATIVI/Postazione/android-app/app/src/main/java/com/sentrapa/webkiosk/NativeHapticsBridge.kt
6efe58199236ab72043ea354b2d18f48b928006369b9734023cfdf0dd076be5f	10863	644	APPLICATIVI/Postazione/android-app/app/src/main/java/com/sentrapa/webkiosk/NativeNfcController.kt
aa2e1cb7100e2de2ec4dcb1d1159f690b382f413eab48921aabe8351c54d3d5b	14091	644	APPLICATIVI/Postazione/android-app/app/src/main/java/com/sentrapa/webkiosk/NativeNotificationCoordinator.kt
a3b18fbee48220fe36896ae5aead6127b177486b3401589d03593fac47f6a4d1	2294	644	APPLICATIVI/Postazione/android-app/app/src/main/java/com/sentrapa/webkiosk/NativeNotificationEvent.kt
6128e9bff59dc27ef8a7898eb6c711453868e700f7b7837569fe3a1b56ca0524	13087	644	APPLICATIVI/Postazione/android-app/app/src/main/java/com/sentrapa/webkiosk/NativeNotificationPoller.kt
9dedc089cc08d27687bc29acbd0524b4bab6d1a6060a339a5ea1e11d1d9eefb6	10056	644	APPLICATIVI/Postazione/android-app/app/src/main/java/com/sentrapa/webkiosk/NativeRadioPlaybackPlayer.kt
eae73fde9c409f4fd7970c95379d5241a74e52fe1abac87e97e23a53dd8ddd25	3905	644	APPLICATIVI/Postazione/android-app/app/src/main/java/com/sentrapa/webkiosk/NativeSessionContextStore.kt
b6e34e588470f3b7c70a66c69c28135b999d5ee9070e7a49780aa2c3abf32f18	1304	644	APPLICATIVI/Postazione/android-app/app/src/main/java/com/sentrapa/webkiosk/NotificationClientContext.kt
904dccbfd4ff95b1984ff9ed4b2b15ae061c300d9080a42f05131cac5ef40c8f	1068	644	APPLICATIVI/Postazione/android-app/app/src/main/java/com/sentrapa/webkiosk/NotificationTone.kt
00e37210c69ff7842617da01889fd01dc7298ca9d61855ae3982e8612d052f89	3888	644	APPLICATIVI/Postazione/android-app/app/src/main/java/com/sentrapa/webkiosk/PostazioneWebAppAssets.kt
d1ea531edf3105249084546bd77ac74f51a7da0ca5f33c4e23b9c678909b27d0	1453	644	APPLICATIVI/Postazione/android-app/app/src/main/java/com/sentrapa/webkiosk/RadioWifiLatencyLock.kt
ab29a54efa1ea41575b03b832a044bf8ef86ccffd814905355776ac1fda264d9	280	644	APPLICATIVI/Postazione/android-app/app/src/main/java/com/sentrapa/webkiosk/WebKioskApplication.kt
ee1603301d825bf07d2abcbfa668a764f7433bf63de505f6002b568a4d819e7c	11739	644	APPLICATIVI/Postazione/android-app/app/src/main/java/com/sentrapa/webkiosk/bluetooth/AliasKeyEnrollmentV1.kt
05c19abee6586ba6039333f12edf724cc15fac9d6344e07e4b50c12e27a20595	6959	644	APPLICATIVI/Postazione/android-app/app/src/main/java/com/sentrapa/webkiosk/bluetooth/AliasKeyEnrollmentV2.kt
9f94e411e6aea1efc419857da25bf265c61cc8d5e3e6c85f6d0f82f318d6d757	7815	644	APPLICATIVI/Postazione/android-app/app/src/main/java/com/sentrapa/webkiosk/bluetooth/AndroidAndroidRoleElectionV1.kt
2499759075765882051c83e7afd9d445debfe7782026c909117711e4bfcbd749	16821	644	APPLICATIVI/Postazione/android-app/app/src/main/java/com/sentrapa/webkiosk/bluetooth/AndroidBluetoothBackendHealthProbeV1.kt
af8d57b73dbbc2191c3833bc407f2dde88130fe219ff8f98ac4632c2467e2905	19062	644	APPLICATIVI/Postazione/android-app/app/src/main/java/com/sentrapa/webkiosk/bluetooth/AndroidBluetoothTransportRuntimeV1.kt
69ba6125dce92c2e21cfae4510e43a2f5226d2eb4d27cdf39dafb57da2656723	38986	644	APPLICATIVI/Postazione/android-app/app/src/main/java/com/sentrapa/webkiosk/bluetooth/AndroidBluetoothTransportStore.kt
30a7ccb353eff5f5ff0f712bc00248ac10fc4a1bf26ad2746fd482200d82090e	120828	644	APPLICATIVI/Postazione/android-app/app/src/main/java/com/sentrapa/webkiosk/bluetooth/AndroidGattClient.kt
7161fbf6cb08543b200a3b0a3359344bfd0c7828a1dc7c7d5cf51dfed984c338	27899	644	APPLICATIVI/Postazione/android-app/app/src/main/java/com/sentrapa/webkiosk/bluetooth/AndroidGattClientStateMachine.kt
e00bc47da6d06f0ce6f552c82ef3ae38f76ec264cca098a84272951fc6aa0f63	17601	644	APPLICATIVI/Postazione/android-app/app/src/main/java/com/sentrapa/webkiosk/bluetooth/AndroidGattPeerAuthSessionV2.kt
ddb1b7337aeddd1889fd80570da18c378ef3b3503757e77c65d2941478ceadb6	6964	644	APPLICATIVI/Postazione/android-app/app/src/main/java/com/sentrapa/webkiosk/bluetooth/AndroidGattProfileV1.kt
d8bc59a51ec6ffa8603b0082035d5fea6f61f85712acdf5e5755a8c96d971ff5	9035	644	APPLICATIVI/Postazione/android-app/app/src/main/java/com/sentrapa/webkiosk/bluetooth/AndroidGattReliableDataPlaneBridgeV1.kt
5a02022e3327a233409ec9a9e5209916013649dd732e0989d3b459af4cc405ce	5539	644	APPLICATIVI/Postazione/android-app/app/src/main/java/com/sentrapa/webkiosk/bluetooth/AndroidGattReliableEndpointV1.kt
4287eff8fe027baa1a00d10db2d32376bd5070ebe18b0772d430ae4983282e54	10786	644	APPLICATIVI/Postazione/android-app/app/src/main/java/com/sentrapa/webkiosk/bluetooth/AndroidGattReliableOperationQueueV1.kt
405f96538a306d29d18c7c29734f99889aaa0a114ce97a19e35ced050f2657ec	9192	644	APPLICATIVI/Postazione/android-app/app/src/main/java/com/sentrapa/webkiosk/bluetooth/AndroidGattReliableSetupDeadlineV1.kt
7bc0212e1d018558f4b201240618a6b0dade07d2d6378203f15ffc587420547c	49841	644	APPLICATIVI/Postazione/android-app/app/src/main/java/com/sentrapa/webkiosk/bluetooth/AndroidGattServer.kt
e870b48ebd39b62c47b7a84ac012742f19ffc127b25ae1d82315a7c4f257893b	3740	644	APPLICATIVI/Postazione/android-app/app/src/main/java/com/sentrapa/webkiosk/bluetooth/AndroidGattServerSecurePromotionV1.kt
7f39bcb742b7205c16faf3f18a5590732978d82f36b862024b008d71d6b19af3	24394	644	APPLICATIVI/Postazione/android-app/app/src/main/java/com/sentrapa/webkiosk/bluetooth/AndroidGattServerSessionHandlerV1.kt
bd672985c563fba11d5eeadbb6fb4543e830e27f45fc790d069782e1ba553ead	34262	644	APPLICATIVI/Postazione/android-app/app/src/main/java/com/sentrapa/webkiosk/bluetooth/AndroidPeerAuthV2.kt
833a7c0531ca917a34c78dd8b13d55839add4e063ec1c84c832ccf221e5ff718	9017	644	APPLICATIVI/Postazione/android-app/app/src/main/java/com/sentrapa/webkiosk/bluetooth/AndroidPeerTrustDirectoryClientV1.kt
27eb3967b09af45990aa03c3ee9baefbc4cf9d2a46e2c0475ea576d5067867f7	30327	644	APPLICATIVI/Postazione/android-app/app/src/main/java/com/sentrapa/webkiosk/bluetooth/AndroidPeerTrustDirectoryV1.kt
2c25d74c024a588a02e9ce1555a24a7fa668184c92a76e6ea648e14d5b6b7eb5	22146	644	APPLICATIVI/Postazione/android-app/app/src/main/java/com/sentrapa/webkiosk/bluetooth/AndroidPeerTrustRuntimeV2.kt
e273e275b7c6c635292de14ac4d536196b9c5009c98d69100c445eb6af1a7b57	15668	644	APPLICATIVI/Postazione/android-app/app/src/main/java/com/sentrapa/webkiosk/bluetooth/BleAdvertiser.kt
208c104d105d9f023c92c8c179c64c5f21f939e56d75392f0533b0e2a63de73c	8258	644	APPLICATIVI/Postazione/android-app/app/src/main/java/com/sentrapa/webkiosk/bluetooth/BleScanner.kt
1d18802f7b2965a0cc02cc7ad8269ff5efa761f1beb962ccb0b20f0196195432	5288	644	APPLICATIVI/Postazione/android-app/app/src/main/java/com/sentrapa/webkiosk/bluetooth/BluetoothAdvertisementV1.kt
2a29d202662c8426780443192d86dc863deb585cde6de8e0d54802703458f5ff	5244	644	APPLICATIVI/Postazione/android-app/app/src/main/java/com/sentrapa/webkiosk/bluetooth/BluetoothAdvertisingHysteresis.kt
c1bb8a2f38e7195fed060d3acac9e76acc2c1efb813b1aa8979848fda4ede006	6233	644	APPLICATIVI/Postazione/android-app/app/src/main/java/com/sentrapa/webkiosk/bluetooth/BluetoothAgentLabReporter.kt
d8ba4f151582917117a32d0798397ee48f4fd77335f02443d17d49dfb0c63946	4056	644	APPLICATIVI/Postazione/android-app/app/src/main/java/com/sentrapa/webkiosk/bluetooth/BluetoothAgentStateStore.kt
dc4ad7410bd2e74fe5e9983c50e06da7991e061f5bd20f8aa5f2535769e43094	653	644	APPLICATIVI/Postazione/android-app/app/src/main/java/com/sentrapa/webkiosk/bluetooth/BluetoothCallbackOwnership.kt
f62891e16fc478eacd4ddb4c7f0b20b8aa262a3c5ca76c522f206d06ea251f08	9326	644	APPLICATIVI/Postazione/android-app/app/src/main/java/com/sentrapa/webkiosk/bluetooth/BluetoothCapabilityProbe.kt
9a30de5de6387057d715b60e402a2d568a3fd89b326c9d169771b477fb433dd5	2108	644	APPLICATIVI/Postazione/android-app/app/src/main/java/com/sentrapa/webkiosk/bluetooth/BluetoothConnectivityMetrics.kt
df1f7fc93ea2f4da4d95c5c19bbf340053452a784380bcfb2da144ea13233763	11060	644	APPLICATIVI/Postazione/android-app/app/src/main/java/com/sentrapa/webkiosk/bluetooth/BluetoothConnectivityStateMachine.kt
3bde2259af371bcad25a6855939c70e561ec1cd1da988782c19438ef9fc62c0e	3940	644	APPLICATIVI/Postazione/android-app/app/src/main/java/com/sentrapa/webkiosk/bluetooth/BluetoothDiagnosticCommandBusV1.kt
b5cdc55b8ebd6a84e1018c2b61b5120a515db9169f2f481f28a247a12e77ee81	58180	644	APPLICATIVI/Postazione/android-app/app/src/main/java/com/sentrapa/webkiosk/bluetooth/BluetoothDirectControlV1.kt
a19c99283841c91385124c7b74fe88245874030b6a1695cc6c2e22ae3da793e6	44075	644	APPLICATIVI/Postazione/android-app/app/src/main/java/com/sentrapa/webkiosk/bluetooth/BluetoothDiscoveryCoordinator.kt
1c0eb7b9d523f8e7aff2d8f6c32bcf6ee87ac9e9d7a9f7c2883e79ea69a543ac	8440	644	APPLICATIVI/Postazione/android-app/app/src/main/java/com/sentrapa/webkiosk/bluetooth/BluetoothDiscoveryLabReporter.kt
427134faeb7438d74c9c09566ab80a0e4f4a6d8ffe585256d5f671d68b8503fb	4524	644	APPLICATIVI/Postazione/android-app/app/src/main/java/com/sentrapa/webkiosk/bluetooth/BluetoothDiscoveryMetrics.kt
6a41518f2644d1e952f39a6b7dd1da30d5222ff5ad65f645f4e59524c4e6e4cf	6870	644	APPLICATIVI/Postazione/android-app/app/src/main/java/com/sentrapa/webkiosk/bluetooth/BluetoothDiscoveryPolicy.kt
cbe6c9b4def8a3b2491739abed7025691385983bc502b2b961b37dc88f520bf0	2302	644	APPLICATIVI/Postazione/android-app/app/src/main/java/com/sentrapa/webkiosk/bluetooth/BluetoothDiscoveryPrerequisites.kt
4fe1f1a1d5f0514c523696f754b37553b6661287a93f799c32f864b70ea9b4f4	291	644	APPLICATIVI/Postazione/android-app/app/src/main/java/com/sentrapa/webkiosk/bluetooth/BluetoothDiscoveryRuntimeEvent.kt
adfc53d08fd5642ae00e28f860a36c570acea5468577701a508586799cb0b22a	16620	644	APPLICATIVI/Postazione/android-app/app/src/main/java/com/sentrapa/webkiosk/bluetooth/BluetoothDynamicRouteHealthV1.kt
3ca96bcef1762d2fe82c3676646c369b57a807590e4b420ba615f7ed1aa96395	13172	644	APPLICATIVI/Postazione/android-app/app/src/main/java/com/sentrapa/webkiosk/bluetooth/BluetoothEnrollmentClient.kt
6990ea80c345c9d71fb1536f540b2778f64d766ec73cbce9bf7d02a2c520b71c	33093	644	APPLICATIVI/Postazione/android-app/app/src/main/java/com/sentrapa/webkiosk/bluetooth/BluetoothEnrollmentCoordinator.kt
01aab3eba49344ae192c99409e40ae91cd6b8bc421ad050f1b38c5ddd414190d	14718	644	APPLICATIVI/Postazione/android-app/app/src/main/java/com/sentrapa/webkiosk/bluetooth/BluetoothEnrollmentProtocolV1.kt
3d4e660cadb0838af4459654df2e8f0571e634d02f421f67dd9f87e2744fac6f	8521	644	APPLICATIVI/Postazione/android-app/app/src/main/java/com/sentrapa/webkiosk/bluetooth/BluetoothEnrollmentProtocolV2.kt
5aac323ab2be5c3e475ae7db6c3d1d676db6aa1fe271dcfc249a30705bc4af3c	3257	644	APPLICATIVI/Postazione/android-app/app/src/main/java/com/sentrapa/webkiosk/bluetooth/BluetoothFailoverFeaturePolicy.kt
e8596198f2129f65433318ffb2202b8bccf832c8e47fd4e59578dc344c070ef1	31249	644	APPLICATIVI/Postazione/android-app/app/src/main/java/com/sentrapa/webkiosk/bluetooth/BluetoothFailoverService.kt
7cc0510d15ca575544de87ff0032e5aa7db7d9d9939b71b71e5493d258e22f52	426	644	APPLICATIVI/Postazione/android-app/app/src/main/java/com/sentrapa/webkiosk/bluetooth/BluetoothFailoverUiBridge.kt
550fd430dce3c03b048128eb17fb56a55a36a0de38d0a894316a9dcff37c09a8	10139	644	APPLICATIVI/Postazione/android-app/app/src/main/java/com/sentrapa/webkiosk/bluetooth/BluetoothGattClientLabReporter.kt
45ce17d68377ac57c5df67cfc6332caa6ddfb2adacedc9cc8bb992176ef20265	7495	644	APPLICATIVI/Postazione/android-app/app/src/main/java/com/sentrapa/webkiosk/bluetooth/BluetoothGattServerLabReporter.kt
1704c4b9f36bd76851c1ec7b24b9b24e456b036917097135f8f1447fe2b6202c	13721	644	APPLICATIVI/Postazione/android-app/app/src/main/java/com/sentrapa/webkiosk/bluetooth/BluetoothHelloV1.kt
41f2ecffc5820a53ac72cd4a549ca5c6548b12dc69abeb6ae5535de881d8f6b7	17357	644	APPLICATIVI/Postazione/android-app/app/src/main/java/com/sentrapa/webkiosk/bluetooth/BluetoothMutualAuthV1.kt
43bdcbadf077991e05453517bfe4c5f79da2d093094bd8c9bfb3badb348966a8	4552	644	APPLICATIVI/Postazione/android-app/app/src/main/java/com/sentrapa/webkiosk/bluetooth/BluetoothNodeClassifier.kt
c1aa5ca706ad13f9315bdd630026e8e484725cbc9cc507097628ac4026218439	13880	644	APPLICATIVI/Postazione/android-app/app/src/main/java/com/sentrapa/webkiosk/bluetooth/BluetoothPeerDirectory.kt
1ac7861cefe0613db8da6e5ea5aafe019be113c32dda55c9097eb31bf464ad5c	1759	644	APPLICATIVI/Postazione/android-app/app/src/main/java/com/sentrapa/webkiosk/bluetooth/BluetoothPermissionCoordinator.kt
a00a740dec5ff59928c4098dde27bcb1fa90af4b4912410d14377034f210f2f8	1542	644	APPLICATIVI/Postazione/android-app/app/src/main/java/com/sentrapa/webkiosk/bluetooth/BluetoothRadioStartupGate.kt
72550e431747ab7379432628d755d94f00ed2029879b2d8e16cec2f9dfda6c7b	2836	644	APPLICATIVI/Postazione/android-app/app/src/main/java/com/sentrapa/webkiosk/bluetooth/BluetoothScanIngressQueue.kt
d6a40844fee743bb9db3481d974d2b47976b88d4580a4797e5434c4eb6a744fa	3284	644	APPLICATIVI/Postazione/android-app/app/src/main/java/com/sentrapa/webkiosk/bluetooth/BluetoothScanWindowScheduler.kt
7c5e9a1d84f9e2107a32bc9269a893044df666cf7619b71ca2794d3298860163	16771	644	APPLICATIVI/Postazione/android-app/app/src/main/java/com/sentrapa/webkiosk/bluetooth/BluetoothShadowV1.kt
0511361ac1b73b74ec752b1ce8961468e1fa1cbb9975ca240935a4117ee276c9	2482	644	APPLICATIVI/Postazione/android-app/app/src/main/java/com/sentrapa/webkiosk/bluetooth/BluetoothTransportMessageRouterV1.kt
e7999ba3f4e19a8e2477c0f272954d0d25ba653e3ac55071b0e9b5ee121513ae	14552	644	APPLICATIVI/Postazione/android-app/app/src/main/java/com/sentrapa/webkiosk/bluetooth/BluetoothTransportStoreContract.kt
06a97b70f7da9afe0969f54ff88cbc18b8d61720497c1cae116e3aef42b58409	82009	644	APPLICATIVI/Postazione/android-app/app/src/main/java/com/sentrapa/webkiosk/bluetooth/DeviceIdentityManager.kt
d1fdc03dcc35985ccad64646f9ac2fd28b2173af008c7d46523ad598923b6667	26472	644	APPLICATIVI/Postazione/android-app/app/src/main/java/com/sentrapa/webkiosk/bluetooth/FrameCodec.kt
4dec590b062eb97d70c4601e37ecd71c8fe5cf644f131bb81338d88b0b0ddac0	12023	644	APPLICATIVI/Postazione/android-app/app/src/main/java/com/sentrapa/webkiosk/bluetooth/GattReliableDataPlaneV1.kt
d52b96d11b6dccd8e5b3ea62735e998a0b142dfca739a0b0683cfbaaaf69fdb6	669	644	APPLICATIVI/Postazione/android-app/app/src/main/java/com/sentrapa/webkiosk/bluetooth/NativeBluetoothCapabilityBridge.kt
8bc8251b2fdbe9a5cd5b1e376e79cd8e420f4f6dd12450c4563bcc326cafd1ef	8340	644	APPLICATIVI/Postazione/android-app/app/src/main/java/com/sentrapa/webkiosk/bluetooth/P256IdentityV2.kt
ebabd14e86c3fec2d91ee670277d1e0aa4419fba0ca33f1c9a527384c2960b67	24059	644	APPLICATIVI/Postazione/android-app/app/src/main/java/com/sentrapa/webkiosk/bluetooth/ReliableChannel.kt
76d23f4332178583fef66c633b790b69696bd08899601c4080c6af72b89896c0	2586	644	APPLICATIVI/Postazione/android-app/app/src/main/java/com/sentrapa/webkiosk/bluetooth/RotatingAliasV1.kt
e808f4a93f147d4ab42ca6f9a2a2a58e0e9186dc76cc3aff8035d45471765614	17875	644	APPLICATIVI/Postazione/android-app/app/src/main/java/com/sentrapa/webkiosk/bluetooth/RouteAdvertisementV1.kt
417f41fee39a95967295068fd2a08ca442da30564fcd687d3e753704e0cad53e	2552	644	APPLICATIVI/Postazione/android-app/app/src/main/java/com/sentrapa/webkiosk/notifications/AppFirebaseMessagingService.kt
aa32e6b8feef5c0023c611f833451fb5fa94987482113a4bb59678902e26e8bc	3009	644	APPLICATIVI/Postazione/android-app/app/src/main/java/com/sentrapa/webkiosk/notifications/NativeNotificationBridge.kt
7132efc5f49bf050648fd8e111e1375a156df335cda0931d892f16e2abe485b6	13737	644	APPLICATIVI/Postazione/android-app/app/src/main/java/com/sentrapa/webkiosk/notifications/NotificationHelper.kt
310e9256f2f6a869b1f250f5e4f318016a10f4c70ed726a72e2e3f92b451ce3d	1156130	644	APPLICATIVI/Postazione/android-app/app/src/main/res/drawable-nodpi/amalia_logo.png
e32765639e1658427cb9821350571c37859d8a8f0a9d12c0d8f7c15913a20a93	4941	644	APPLICATIVI/Postazione/android-app/app/src/main/res/drawable/ic_launcher_background.xml
27abaca830d3f53bf8a27e6a2b7d21212f2d63a868879216fecbd111fc318a86	396	644	APPLICATIVI/Postazione/android-app/app/src/main/res/drawable/ic_notification.xml
df72602bb30d9708720c28bd5e88f486dd79aad4a9687719e9b0ebf04f8be15b	272	644	APPLICATIVI/Postazione/android-app/app/src/main/res/mipmap-anydpi-v26/ic_launcher.xml
df72602bb30d9708720c28bd5e88f486dd79aad4a9687719e9b0ebf04f8be15b	272	644	APPLICATIVI/Postazione/android-app/app/src/main/res/mipmap-anydpi-v26/ic_launcher_round.xml
033db782db6779ebd81a0e9485a0bb2ada29d5359870b2fe37f6555f0d7913f8	3470	644	APPLICATIVI/Postazione/android-app/app/src/main/res/mipmap-hdpi/ic_launcher.webp
0476457c7ff6d227ac0dbfbfcc5bfefb9a1dece2816296972bfd53dccb5dff21	10430	644	APPLICATIVI/Postazione/android-app/app/src/main/res/mipmap-hdpi/ic_launcher_foreground.webp
ef23b87634f508ed7cde2696122006ed499dee14386588fb749b80a2e5b1a2b0	4380	644	APPLICATIVI/Postazione/android-app/app/src/main/res/mipmap-hdpi/ic_launcher_round.webp
8351a1800140fb4f1c0d19c16085ebd7be68e48f4ce4b5f9d77ddc8bf444e82a	2152	644	APPLICATIVI/Postazione/android-app/app/src/main/res/mipmap-mdpi/ic_launcher.webp
eb761f90b0fe99160dc7a5ca8f33209c13b14702fc9895e5077c72dae93ad87d	5392	644	APPLICATIVI/Postazione/android-app/app/src/main/res/mipmap-mdpi/ic_launcher_foreground.webp
7d89e798ca131bcdfe7241898b0b38f26a05aa016602677eac630def0c3c76cc	2456	644	APPLICATIVI/Postazione/android-app/app/src/main/res/mipmap-mdpi/ic_launcher_round.webp
167a9967eb46022fc848ec2bf2988cb8272f8e2f8453765dbd0c0e25e50da4f4	5326	644	APPLICATIVI/Postazione/android-app/app/src/main/res/mipmap-xhdpi/ic_launcher.webp
5a3e6170abe9f81b3244ff39a1495aa5a75e49ec3016f7a20ecc29a794058ca5	17660	644	APPLICATIVI/Postazione/android-app/app/src/main/res/mipmap-xhdpi/ic_launcher_foreground.webp
a334f356363fb1e3a24fabe4682967ef9edfde4daa1fb9fd442f9c6a86b7d407	7222	644	APPLICATIVI/Postazione/android-app/app/src/main/res/mipmap-xhdpi/ic_launcher_round.webp
2a5a07af1f33d459165fbe7e5abf191f45d3f2c9d99478e66daa8f4c3b1f8605	10236	644	APPLICATIVI/Postazione/android-app/app/src/main/res/mipmap-xxhdpi/ic_launcher.webp
00d3150679f2a733c48849237ce314141a5904253e86b812229cfd5bd5521ca1	40952	644	APPLICATIVI/Postazione/android-app/app/src/main/res/mipmap-xxhdpi/ic_launcher_foreground.webp
5f573ea474bb4de44df9a05d87b4358400f07236d8019eef8cfac9373edba055	13934	644	APPLICATIVI/Postazione/android-app/app/src/main/res/mipmap-xxhdpi/ic_launcher_round.webp
3931b16755dcab503993de8dd553fcba409364f669f6788040671b69f6e6f735	16522	644	APPLICATIVI/Postazione/android-app/app/src/main/res/mipmap-xxxhdpi/ic_launcher.webp
4df44799c58211dfa9fc62a0251c51fb60a064c69fb814dbda92e3601baecf0d	77086	644	APPLICATIVI/Postazione/android-app/app/src/main/res/mipmap-xxxhdpi/ic_launcher_foreground.webp
ef7714fdb65b315a1a5958441ec5a255659f7aef2fe73398063ce56e2d04efa4	21688	644	APPLICATIVI/Postazione/android-app/app/src/main/res/mipmap-xxxhdpi/ic_launcher_round.webp
ece1cf6b901bb7dd3b2f9eaf6bcca760d6b43ef5e5ebeb29ddc1a9c4f2f8b1b9	171	644	APPLICATIVI/Postazione/android-app/app/src/main/res/values/strings.xml
dd196636b5af277191881baf7be95601a9cb78ebf759519f554356ab311e1ac7	778	644	APPLICATIVI/Postazione/android-app/app/src/main/res/values/themes.xml
2c5c697984f4c52b526337ab61113f5843e0bfc6af4722374916ffe6da38dd9a	293	644	APPLICATIVI/Postazione/android-app/app/src/main/res/xml/backup_rules.xml
eda9dddce1e895de1efd716fe75e244187bf8f91a3bb7444c6ea1731e51c74a8	630	644	APPLICATIVI/Postazione/android-app/app/src/main/res/xml/data_extraction_rules.xml
ec0201eca76efaaf98b18dfb1c9ac7cb85d692b97199302c3f43fcce974ff1fb	197	644	APPLICATIVI/Postazione/android-app/app/src/main/res/xml/file_paths.xml
f1b08065411050300367a0ab53bc5f24c40529ae5def1229503c2a8ac9d97817	1079	644	APPLICATIVI/Postazione/android-app/app/src/partial/AndroidManifest.xml
9b7b354ad0479212c30e0eabeac10d78d4419ba28e0cf29e9843043f800ace33	3437	644	APPLICATIVI/Postazione/android-app/app/src/test/java/com/sentrapa/webkiosk/BatteryReportPolicyTest.kt
0934ce18c56a1b0cb5abe679d33fdc6a8fe2317fd5cee8f4dcab781fde2a7b76	1396	644	APPLICATIVI/Postazione/android-app/app/src/test/java/com/sentrapa/webkiosk/NativeAlertSessionPolicyTest.kt
375d4c8832a28725ceeb80b49542a3c51bec81067aa2e42b388fd5affe815e79	2290	644	APPLICATIVI/Postazione/android-app/app/src/test/java/com/sentrapa/webkiosk/NativeNotificationPolicyTest.kt
0fac150121c3648125ab78ab450f6d3ddcc618848744a4a6a68f7597a2491afc	2465	644	APPLICATIVI/Postazione/android-app/app/src/test/java/com/sentrapa/webkiosk/NativeNotificationRequestPolicyTest.kt
5cd3f95010f069ba7cda7a60492c0771beb7af1270e5b3e0344ae6d6a87a89e6	4525	644	APPLICATIVI/Postazione/android-app/app/src/test/java/com/sentrapa/webkiosk/NativeSessionContextTest.kt
db6edcb51073a927d02efa53b4e2bcbc9b95fbf20053395ca2fbeee5d8eaa741	4132	644	APPLICATIVI/Postazione/android-app/app/src/test/java/com/sentrapa/webkiosk/PartialNonGateBuildContractTest.kt
13efade10dfa4996c10f5cb08162ff0a19944d5d5da9a829416ca08f2d9ee648	2282	644	APPLICATIVI/Postazione/android-app/app/src/test/java/com/sentrapa/webkiosk/PostazioneWebAppAssetsTest.kt
de4b09d7114e244b2ebd263058f2ea74277139c1e072ef3f41e81346e3952701	10891	644	APPLICATIVI/Postazione/android-app/app/src/test/java/com/sentrapa/webkiosk/bluetooth/AliasKeyEnrollmentV1Test.kt
3d953d4697463ef40110a93b0af990c176d23a55cfe602215596cbcd6f850afe	13086	644	APPLICATIVI/Postazione/android-app/app/src/test/java/com/sentrapa/webkiosk/bluetooth/AndroidAndroidRoleElectionV1Test.kt
f3bd293cd5bf07bfe3a58c16c677dece0de559e380eae8ebcd1218896d7676bb	7151	644	APPLICATIVI/Postazione/android-app/app/src/test/java/com/sentrapa/webkiosk/bluetooth/AndroidBluetoothBackendHealthProbeV1Test.kt
a2653160f678138cecb84ba8202584e3836ac86beddbbf91bab7aeb5c6ba8b56	5747	644	APPLICATIVI/Postazione/android-app/app/src/test/java/com/sentrapa/webkiosk/bluetooth/AndroidBluetoothReliableRuntimeEndToEndV1Test.kt
daa15d7ac00436beb52cde1f74db8bc001c9f79b0f5c55ac693899390140aec8	15846	644	APPLICATIVI/Postazione/android-app/app/src/test/java/com/sentrapa/webkiosk/bluetooth/AndroidBluetoothTransportRuntimeV1Test.kt
de72ff86a823665d2d1abdc07bd8e29e84c7f7a133f10d34a93f93de5a7bafaf	22579	644	APPLICATIVI/Postazione/android-app/app/src/test/java/com/sentrapa/webkiosk/bluetooth/AndroidGattClientStateMachineTest.kt
eea80696ed5a02561ace3fb59aaf9ecac8e4a149d4f038aa6c7f381664386f89	6974	644	APPLICATIVI/Postazione/android-app/app/src/test/java/com/sentrapa/webkiosk/bluetooth/AndroidGattReliableDataPlaneBridgeV1Test.kt
fb931baf471faec4966c49c7ae4610b6ea69d8246af674602127f4644fe485d0	11417	644	APPLICATIVI/Postazione/android-app/app/src/test/java/com/sentrapa/webkiosk/bluetooth/AndroidGattReliableOperationQueueV1Test.kt
d6bc069f4c071c3ba0c0c8c1bdf5a2230d1b2170f61cdafdd842fb850d5cb42d	5281	644	APPLICATIVI/Postazione/android-app/app/src/test/java/com/sentrapa/webkiosk/bluetooth/AndroidGattReliableSessionLifecycleV1Test.kt
e4bbc7f6c8bcaf70649d40ec1d7506fb764966e2c7903a90d0f66e80ca2c0869	4730	644	APPLICATIVI/Postazione/android-app/app/src/test/java/com/sentrapa/webkiosk/bluetooth/AndroidGattReliableSetupDeadlineV1Test.kt
40888e7113e5f9d2c52708dec076e80e356a383046b1ceb53dc5814f845f090a	3923	644	APPLICATIVI/Postazione/android-app/app/src/test/java/com/sentrapa/webkiosk/bluetooth/AndroidGattServerSecurePromotionV1Test.kt
776ff49d318a16a5fd07ea2a41189735457ea621d8144a820cc8f769a553c5c1	11699	644	APPLICATIVI/Postazione/android-app/app/src/test/java/com/sentrapa/webkiosk/bluetooth/AndroidGattServerSessionHandlerV1Test.kt
05dc09be36fba0214bc3023b83251902b4d9473381d3a6a58a824c75e6f4efb0	41126	644	APPLICATIVI/Postazione/android-app/app/src/test/java/com/sentrapa/webkiosk/bluetooth/AndroidPeerTrustAndAuthV2Test.kt
a622d3519ffb564ab599d8db73fec5c3c566151ab0fb8ba1290ab5a44af91a58	7106	644	APPLICATIVI/Postazione/android-app/app/src/test/java/com/sentrapa/webkiosk/bluetooth/BleAdvertiserStartDeadlineV1Test.kt
34035fe9c52e0ce87c12c31ac130c60805537598e431e48e3c161bc461a166c4	3351	644	APPLICATIVI/Postazione/android-app/app/src/test/java/com/sentrapa/webkiosk/bluetooth/BleScannerCompatibilityTest.kt
03c66b41ef61f62cd33e63bd1ab0cedc30e53e2cb49ede4901dda8530d9a9d6e	5861	644	APPLICATIVI/Postazione/android-app/app/src/test/java/com/sentrapa/webkiosk/bluetooth/BluetoothAdvertisementV1Test.kt
90b34b943c0f8b6225eddd1032e5590033c2de872e2dcb9fd861d596c2848d5f	6776	644	APPLICATIVI/Postazione/android-app/app/src/test/java/com/sentrapa/webkiosk/bluetooth/BluetoothAdvertisingHysteresisTest.kt
199401efe47cac353d23bf8dd244f37dc124047d12f46ba63f9c3c39b0c5696f	1992	644	APPLICATIVI/Postazione/android-app/app/src/test/java/com/sentrapa/webkiosk/bluetooth/BluetoothAgentLabReporterTest.kt
ca7f8fd0bb52f6862935a3e9917ca830011e0ac3dce741163fd6864046643767	3507	644	APPLICATIVI/Postazione/android-app/app/src/test/java/com/sentrapa/webkiosk/bluetooth/BluetoothAgentStateStoreTest.kt
57a93bb00b6d65b3f6b79a7b22c3e8fd804dc2266742c8a0e3e33225edbd38a2	3053	644	APPLICATIVI/Postazione/android-app/app/src/test/java/com/sentrapa/webkiosk/bluetooth/BluetoothCallbackOwnershipTest.kt
75a80e37ca6b6a15b6168dc022ded4a4a37c9858948aa92e19b9f36f5f084e6f	2987	644	APPLICATIVI/Postazione/android-app/app/src/test/java/com/sentrapa/webkiosk/bluetooth/BluetoothConnectivityMetricsTest.kt
20b4b7867b0422b0aa7ed9f412ce962360e3e0cf13a4258883786469c87ef85f	6562	644	APPLICATIVI/Postazione/android-app/app/src/test/java/com/sentrapa/webkiosk/bluetooth/BluetoothConnectivityStateMachineTest.kt
21ee83a69e823d79089f6243944d81add790bb1ecaf144413fb1a5285d6ac095	1949	644	APPLICATIVI/Postazione/android-app/app/src/test/java/com/sentrapa/webkiosk/bluetooth/BluetoothDiagnosticCommandBusV1Test.kt
9c711427e7ddd98a3403652fdad9bc27911e99e2bf57564313df94e999092f37	29877	644	APPLICATIVI/Postazione/android-app/app/src/test/java/com/sentrapa/webkiosk/bluetooth/BluetoothDirectControlV1Test.kt
5e26e86261808da1eceec054af37c2ae5850c1f40ae3b49270106e3c55581162	2544	644	APPLICATIVI/Postazione/android-app/app/src/test/java/com/sentrapa/webkiosk/bluetooth/BluetoothDiscoveryClosePolicyTest.kt
6cb79bfa1d99b5bcd4077eed42324b5901db25d15627daab93779f15d21e2d60	6322	644	APPLICATIVI/Postazione/android-app/app/src/test/java/com/sentrapa/webkiosk/bluetooth/BluetoothDiscoveryCoordinatorTest.kt
61088c2686a6bd7e4563c990f125741a7382299e1d761333ba568f8a6d151710	4116	644	APPLICATIVI/Postazione/android-app/app/src/test/java/com/sentrapa/webkiosk/bluetooth/BluetoothDiscoveryLabReporterTest.kt
43af628dcd8262f946c18c417e5e978849d25c36d8f04462113935094b3115a4	4155	644	APPLICATIVI/Postazione/android-app/app/src/test/java/com/sentrapa/webkiosk/bluetooth/BluetoothDiscoveryMetricsTest.kt
9a7bcbd19086504e869cd3dca272445d1330f13d5e73ea05033dba6dd952f33e	6224	644	APPLICATIVI/Postazione/android-app/app/src/test/java/com/sentrapa/webkiosk/bluetooth/BluetoothDiscoveryPolicyTest.kt
b70c9571913be0452027f8a03fab12d14b98ee2e655e63d5a468e1f380b8101a	4572	644	APPLICATIVI/Postazione/android-app/app/src/test/java/com/sentrapa/webkiosk/bluetooth/BluetoothDiscoveryPrerequisitesTest.kt
764816e8273947032ac6a54ca83f3b576fb01539f1884f65e3fc0ad7fd4e3ab6	7474	644	APPLICATIVI/Postazione/android-app/app/src/test/java/com/sentrapa/webkiosk/bluetooth/BluetoothDynamicRouteHealthV1Test.kt
a85055dbae26db77103078053c7e75022e3b5a51ae9b4e0f762438862a0d4eb8	18700	644	APPLICATIVI/Postazione/android-app/app/src/test/java/com/sentrapa/webkiosk/bluetooth/BluetoothEnrollmentCoordinatorTest.kt
8fb3ab5c2bdf0a38f811de75dcf3774da09d4342884938157b219bd7abbce5de	8676	644	APPLICATIVI/Postazione/android-app/app/src/test/java/com/sentrapa/webkiosk/bluetooth/BluetoothEnrollmentProtocolV1Test.kt
3dbc7c219529e8ae8ca0415740f4dbcfbeb18388f2f5e35fc3a275008f40ba4b	10690	644	APPLICATIVI/Postazione/android-app/app/src/test/java/com/sentrapa/webkiosk/bluetooth/BluetoothEnrollmentProtocolV2Test.kt
bab92f4787f5ae82c3d79a008610c42a715bc7ec39fc06b37a577b5f04547daa	14306	644	APPLICATIVI/Postazione/android-app/app/src/test/java/com/sentrapa/webkiosk/bluetooth/BluetoothEnrollmentTlsIntegrationTest.kt
762b59e89fa0eadd6bceb6629a680238e37b372054350d1225d4f877fe086440	5209	644	APPLICATIVI/Postazione/android-app/app/src/test/java/com/sentrapa/webkiosk/bluetooth/BluetoothEnrollmentV2GoldenVectorTest.kt
bcee229f0214205eb94bc75ccf9d3654cc1ef9681636e8e0423e583ec43dacf8	7722	644	APPLICATIVI/Postazione/android-app/app/src/test/java/com/sentrapa/webkiosk/bluetooth/BluetoothFailoverFeaturePolicyTest.kt
925448b20713be91fe48db1ba876ebdb484ebfccf7e51010b6c69a78ad3070b4	1241	644	APPLICATIVI/Postazione/android-app/app/src/test/java/com/sentrapa/webkiosk/bluetooth/BluetoothFailoverSessionPolicyTest.kt
e9d6fe8b3f81cafbe9dd2967577b3b0475f1bc65d2f4cd144c8e966ad838a2c7	2756	644	APPLICATIVI/Postazione/android-app/app/src/test/java/com/sentrapa/webkiosk/bluetooth/BluetoothGattServerLabReporterTest.kt
bf150ed6578ca6a1a12ffe5ee824ea508d598d99625edb7e097fb959a5b4ea6c	6630	644	APPLICATIVI/Postazione/android-app/app/src/test/java/com/sentrapa/webkiosk/bluetooth/BluetoothHelloV1Test.kt
6c9b3d7cddaab170eb7c0e06e8180a94f0a03284f3b954515178663fb70f2ff8	9208	644	APPLICATIVI/Postazione/android-app/app/src/test/java/com/sentrapa/webkiosk/bluetooth/BluetoothMutualAuthV1Test.kt
6f83202767ff5e8df50c6d62a6024b987ed9571147aeb27ab7b2a5e5f65689b2	6226	644	APPLICATIVI/Postazione/android-app/app/src/test/java/com/sentrapa/webkiosk/bluetooth/BluetoothNodeClassifierTest.kt
1b0c80ba07c92c34b7b5399f1ff8680689b0405ab5ea5fcbb5df7f733109560e	8154	644	APPLICATIVI/Postazione/android-app/app/src/test/java/com/sentrapa/webkiosk/bluetooth/BluetoothPeerDirectoryTest.kt
0b0d404ffeac7a2fe96449c089271b6af6178f2d232d8ee3d640e071c09964da	1142	644	APPLICATIVI/Postazione/android-app/app/src/test/java/com/sentrapa/webkiosk/bluetooth/BluetoothPermissionCoordinatorTest.kt
41cef92aef016dd4d8c199665129f273b949ba6b9c837a070cb3551939a55033	2474	644	APPLICATIVI/Postazione/android-app/app/src/test/java/com/sentrapa/webkiosk/bluetooth/BluetoothRadioStartupGateTest.kt
65487cdde2d568d235f6a03fc08f6335a3f1a6180f9f13a04f4af9a687d26792	5230	644	APPLICATIVI/Postazione/android-app/app/src/test/java/com/sentrapa/webkiosk/bluetooth/BluetoothReliableEndpointArbiterV1Test.kt
6f516df3ce7d2c051066ac301d767b687a0cd0baf26910399c9927c48bfa11a0	5439	644	APPLICATIVI/Postazione/android-app/app/src/test/java/com/sentrapa/webkiosk/bluetooth/BluetoothScanIngressQueueTest.kt
e79eed1c196ab4b2104072a18229f56abfd40f4b92d382796178d4bee7eebccb	4754	644	APPLICATIVI/Postazione/android-app/app/src/test/java/com/sentrapa/webkiosk/bluetooth/BluetoothScanWindowSchedulerTest.kt
d4ef2ae5893d99150d9b736c92b2ccb005fdc3c4a32382a2f237647da2c01d5a	8424	644	APPLICATIVI/Postazione/android-app/app/src/test/java/com/sentrapa/webkiosk/bluetooth/BluetoothShadowV1Test.kt
b76ecb30e6ca814ddc6ef5e33a9ad892bfc9c71b90a74623bab5121e327a9aab	3327	644	APPLICATIVI/Postazione/android-app/app/src/test/java/com/sentrapa/webkiosk/bluetooth/BluetoothTransportMessageRouterV1Test.kt
f06e795b0cd45c4e307a9c6a68c896bfe8a70104f33b3437afcfda78ca05e502	14733	644	APPLICATIVI/Postazione/android-app/app/src/test/java/com/sentrapa/webkiosk/bluetooth/BluetoothTransportStoreContractTest.kt
36876745555593cda94e7809341077f03a466c0d5b8743c5880bfd3b11af07fe	3225	644	APPLICATIVI/Postazione/android-app/app/src/test/java/com/sentrapa/webkiosk/bluetooth/DeviceIdentityManagerNamespaceTest.kt
a7d0a0c8f6287242094c84e00e8b7717f7bb8f4aeac1cf9689c94739afdcb1ca	10435	644	APPLICATIVI/Postazione/android-app/app/src/test/java/com/sentrapa/webkiosk/bluetooth/FrameCodecTest.kt
6236d81027d9b7b88d1506cbfce5f3904c0b25001802fcfe36d717dcfc9502d8	9726	644	APPLICATIVI/Postazione/android-app/app/src/test/java/com/sentrapa/webkiosk/bluetooth/GattReliableDataPlaneV1Test.kt
9007eab4fe4030712b39a884ab2f82ec6f960a535941f0101448aec26b1cd520	534	644	APPLICATIVI/Postazione/android-app/app/src/test/java/com/sentrapa/webkiosk/bluetooth/NativeBluetoothCapabilityBridgeTest.kt
4cc581cba1ab25698a17f08bc035006efc56d56f34f867c6df5842a50e48ed34	6706	644	APPLICATIVI/Postazione/android-app/app/src/test/java/com/sentrapa/webkiosk/bluetooth/P256IdentityV2Test.kt
a0537466b0f595cef890615436505eacca5f83be084b050089b769e519ae0464	15846	644	APPLICATIVI/Postazione/android-app/app/src/test/java/com/sentrapa/webkiosk/bluetooth/ReliableChannelTest.kt
338c7c26fec14ee6d52d188a4f91dcb1182e226d8f5faa2a41f97f340fa70088	2837	644	APPLICATIVI/Postazione/android-app/app/src/test/java/com/sentrapa/webkiosk/bluetooth/RotatingAliasV1Test.kt
fe3a9530c0d3a5547c6de1738f62df665ef13e1d64c9cd43932da6eac30fa7b0	11521	644	APPLICATIVI/Postazione/android-app/app/src/test/java/com/sentrapa/webkiosk/bluetooth/RouteAdvertisementV1Test.kt
bdfb5c009641a1f2518c1fd5ea94f283c0c8f02f88b4e767e150d026eb6f3a93	1124	644	APPLICATIVI/Postazione/android-app/app/src/test/resources/tls/tls-server-expired.p12
9918078b009ce248ccbcd1f3f55078e382f2b8084f0752c25a958f52460bdcfb	1108	644	APPLICATIVI/Postazione/android-app/app/src/test/resources/tls/tls-server-valid.p12
9c9f33a1ca855c45f8337afcd690e7b6b44e879af74c02f12ebe8a1d3896e7ca	311	644	APPLICATIVI/Postazione/android-app/build.gradle.kts
62a18807fa8cfd30ed3a6a5f7da22fa9ff192c8fc83ad142ec388f2f45bee2b7	231	644	APPLICATIVI/Postazione/android-app/gradle.properties
ad63ba21fb91e490e0f6fd0ca7d4049241f0f68a454b0b3075c041c4554e611c	56177	644	APPLICATIVI/Postazione/android-app/gradle/wrapper/gradle-wrapper.jar
f1da2d7623b57de31dd95970e88eba2e09ca099ee427c29aaa980ac8b73f2901	200	644	APPLICATIVI/Postazione/android-app/gradle/wrapper/gradle-wrapper.properties
8c4c04dd98db1f00d49456dd162418a39312c5cb13d6865d783deb483bd1ed22	5296	755	APPLICATIVI/Postazione/android-app/gradlew
0008d785920c9ff5cab17403e0270ccc7ceee8e169b6d67a82d96a5475fec5c9	2260	644	APPLICATIVI/Postazione/android-app/gradlew.bat
953b0b24bba13f338bf9d48bffd94122b844398f7efe1e875465770aef229ead	337	644	APPLICATIVI/Postazione/android-app/settings.gradle.kts
ba439980069fd5c84277ab7945d589e62d22530d8f25fe2ee7f61e63bba16b41	1942	644	APPLICATIVI/Postazione/build-postazione.ps1
37b27384a415246d1b776a2e8f589d4d36168e51699e3efab5dc8265d28d0edc	703214	644	APPLICATIVI/Postazione/postazione-2.0.13-installed.png
47a14959604f8e5ab4f28edf5b69a489cfa993d04dde608fdf09ceb733b2aaf2	4767	644	APPLICATIVI/Postazione/tools/inspect-waiter-button.mjs
5f794f0e6cc10ba44857723af17ec7e871e09c5d4410003a8a869aa36226826f	9535	644	APPLICATIVI/Postazione/web-frontend/css/base.css
b1fc4327da21150c37b183e3ee16df1fe8242cd4dd6e5ef67b12f461f0ffe22a	11248	644	APPLICATIVI/Postazione/web-frontend/css/components.css
8ef1c3ba0fb058e79918cf0b0b63f90e5d78a5d2d4e3ce51be071fd513a48166	15576	644	APPLICATIVI/Postazione/web-frontend/css/layout.css
cd8b4817b433946c2f186dffbccc2755bfabfc8db0b72eef7ba32c46f021f8e8	44860	644	APPLICATIVI/Postazione/web-frontend/css/overlays.css
aa6b8484a6e9ac1113f3badb8c9175fa453259e82f01068935d48613ef09a3ed	978	644	APPLICATIVI/Postazione/web-frontend/index.html
48a36bbd59b2911202a625b368b430bd8971ccb2dd073000f08092ceec132cb7	5626	644	APPLICATIVI/Postazione/web-frontend/js/bootstrap.js
d1c11b2a23734b155e7e26418a225209cf13a82e0d8f7e981e78823b14b071ae	36524	644	APPLICATIVI/Postazione/web-frontend/js/core.js
b8eae478e376b8d46c3f81c0c0aa2c91a8e7839a983efa018434c5e7084716dc	13656	644	APPLICATIVI/Postazione/web-frontend/js/login-react.js
745f98092762ef3a47ea29072a0da42d87524e9b7b153b230387e7d18206c3cd	62797	644	APPLICATIVI/Postazione/web-frontend/js/ui.js
f7913f2a387a0f6d8a6be8b09c2e33b0c8463eee5236fd7c2b221a3deb1b3ebe	56043	644	APPLICATIVI/Postazione/web-frontend/package-lock.json
128f98400e18819a87ae1c2c3b48850dc30c06e0c1395d2ebabd87890a9d55e9	408	644	APPLICATIVI/Postazione/web-frontend/package.json
ed40a00e3dc86ca193f998740f3ceb89f036d643d63990b5b5520833855bc51e	9220	644	APPLICATIVI/Postazione/web-frontend/partials/ui.html
1edb1725a9ea8ca4dcf2f5508cee183218aa1685e47c1b23056717f754f58ebf	102025	644	APPLICATIVI/Postazione/web-frontend/public/assets/fontawesome/css/all.min.css
20c4a58bc9d1d69e935d06f1528923646a715be5e218665655cade8f5f1b8c00	187208	644	APPLICATIVI/Postazione/web-frontend/public/assets/fontawesome/webfonts/fa-brands-400.ttf
748332090c4b8e20f95d0ff59f0be20fa9c889359d3b36d4b886d73376054207	108020	644	APPLICATIVI/Postazione/web-frontend/public/assets/fontawesome/webfonts/fa-brands-400.woff2
528d022dce6725f8a0811fd91d8e6513445c81ef33353a5c3234eab932551abf	63952	644	APPLICATIVI/Postazione/web-frontend/public/assets/fontawesome/webfonts/fa-regular-400.ttf
8e7e5ea1b15f62ab14dbd41768e8fbcd21cc859a4ea5da812457ee714299fb35	24948	644	APPLICATIVI/Postazione/web-frontend/public/assets/fontawesome/webfonts/fa-regular-400.woff2
67a65763c7f80903d81603bbeb9049fc2bf28508479b83ed011fe24c71fa950a	394628	644	APPLICATIVI/Postazione/web-frontend/public/assets/fontawesome/webfonts/fa-solid-900.ttf
7152a6933ee3d690ec2af3d09da9d701723d16aa3410a6d80f28ff8866f3b880	150124	644	APPLICATIVI/Postazione/web-frontend/public/assets/fontawesome/webfonts/fa-solid-900.woff2
0515a423f828ce4e6accf92a2ea0b03d19d31cc86d9af0373291e1fd4db5f348	10172	644	APPLICATIVI/Postazione/web-frontend/public/assets/fontawesome/webfonts/fa-v4compatibility.ttf
694a17c3d9d6c05f8aac63c544615552a4b220e9a4de863d87341a6bcfc1bc8d	4564	644	APPLICATIVI/Postazione/web-frontend/public/assets/fontawesome/webfonts/fa-v4compatibility.woff2
049c4f86ffdbc288c221c531da83d6943a736eb095d5ecdba8671be895672a87	6547	644	APPLICATIVI/Postazione/web-frontend/public/assets/postazione-apericena-summary.js
1462effd8a7058e06a8e6ad674cc83575e7674bbbac976fe006689c99f4ff3cc	865	644	APPLICATIVI/Postazione/web-frontend/public/assets/postazione-disable-context-menu.js
438a58f7ecd34beb3573e7fa031e4be28311b3d68ecbdc0eb1b1fe13249d67b6	4613	644	APPLICATIVI/Postazione/web-frontend/public/assets/postazione-dropdown-overrides.css
5a9c363eb90fceb4f57fe21db908157fc203455fe51c148974ad5b0cf8e0927b	17926	644	APPLICATIVI/Postazione/web-frontend/public/assets/postazione-layout-overrides.css
c890b2134d0b102f2c34d6ee67665bbe69b202089612f43073114b930b6e96cb	11596	644	APPLICATIVI/Postazione/web-frontend/public/assets/postazione-order-sound.js
b793c58455e38851ddf8e60fa1d153745993c8fb58e63e56da62d9ae063f4fd3	239558	644	APPLICATIVI/Postazione/web-frontend/src/App.jsx
41b6c25f0869122a4ef04885fce463534d4d47024b23b300eace9bb9c2e1c54f	1676	644	APPLICATIVI/Postazione/web-frontend/src/BluetoothDiagnosticBadge.jsx
88979ec244b9ae67a71d2cc7f967a51b0333687eaa673a4c4e5e8185d9b80afd	3501	644	APPLICATIVI/Postazione/web-frontend/src/bluetoothDiagnosticConnectivity.js
2a7850136c17e00c2d36de5d027adb6ab7e742819925bc512624fc890b247d5f	1357	644	APPLICATIVI/Postazione/web-frontend/src/logoutSession.js
a0314365c72985e3363d83be64fff05537b5198ba97945859a89babf8dfc7970	166	644	APPLICATIVI/Postazione/web-frontend/src/main.jsx
0a5d5eb43e217798caa63c52bb91021399ca4c1e956e7f1644c9fcfddc6df537	898	644	APPLICATIVI/Postazione/web-frontend/src/nativeNotificationSession.js
6c01e45487066a025050b62c10fcc72717d11a1ecf04640d04f1f914839c9fd9	583	644	APPLICATIVI/Postazione/web-frontend/src/personDisplay.js
d1a440c65d6cc44f915504978df15a66854f3f42c3c1a183a1d635cb7dc5f6b7	259	644	APPLICATIVI/Postazione/web-frontend/src/postazioneRealtimePolicy.js
d948ab7aee52852ae2272c8b10de4b5069220450a075fe84a3f806ca4d9e6e43	4083	644	APPLICATIVI/Postazione/web-frontend/src/postazioneSyncCoordinator.js
0e9c9065c6cfffc09a3ae22b82b680d1fab77f63df2f7e7b2a1ffd3b29b365f9	9151	644	APPLICATIVI/Postazione/web-frontend/src/stationRuntime.js
503d5f60186ff2e04da765f1775bb75aeda23e54ec044c3f30d329151e1b0e13	2338	644	APPLICATIVI/Postazione/web-frontend/src/waiterAvailability.js
ec0eca19b0c74812f917e464cf72240dcc93b77da7e1768424bdd95d6370c088	1636	644	APPLICATIVI/Postazione/web-frontend/src/workstationSelection.js
c89502fd4ab39476e5125cbde3ffa8ce8c9b0307df13d3cf52d667658d911aba	159	644	APPLICATIVI/Postazione/web-frontend/styles.css
f830cecef695f175465893c20406b112dab106b6f610cc3c249c524607beba11	4464	644	APPLICATIVI/Postazione/web-frontend/test/bluetoothDiagnosticConnectivity.test.mjs
520f6dd0d6669b7b0fc9f69e2eb9f4edb39a03481724194d3621c07ccf853ecf	2913	644	APPLICATIVI/Postazione/web-frontend/test/logoutSession.test.mjs
9c81cf7bd8d134ba8d6b587007e91212e3b5a26cb29a5f27a5f28bd5a0afd983	1825	644	APPLICATIVI/Postazione/web-frontend/test/nativeNotificationSession.test.mjs
09804f7358d8059c212d3a4d4e9af3e1c7b20a9f3f5c1ae41a505ad5612bb550	4224	644	APPLICATIVI/Postazione/web-frontend/test/postazioneOrderSoundSession.test.mjs
7922ba3a1554742221a07fe9d73175f69cf8da66d3a77e0999c2b7987d4cf2a4	2694	644	APPLICATIVI/Postazione/web-frontend/test/postazioneReactOwnership.test.mjs
75ec5589f8d478734eadba9e4c73df498930a7c32285d10c1f6c9b4e07ff0ff8	736	644	APPLICATIVI/Postazione/web-frontend/test/postazioneRealtimePolicy.test.mjs
4d609536b2bb0601cf51b7194b8b54c2dcf7b8f830d0edc5fe3e6478f61f1b02	10272	644	APPLICATIVI/Postazione/web-frontend/test/postazioneSyncCoordinator.test.mjs
ce6f133513ab46a8934c99a8436f8777dc4a7f5dbe98d6f4568c77e5bda68ef7	5405	644	APPLICATIVI/Postazione/web-frontend/test/stationRuntime.test.mjs
dd5ee4746ceaf00cbf150160a567ea8bcbc027f0ba3e2fcbfa30af41ec565113	1611	644	APPLICATIVI/Postazione/web-frontend/test/workstationSelection.test.mjs
269ffaad364aaa1034d3d42127e63f4eab2b0a00f4036b1d3584991767ac4889	936	644	APPLICATIVI/Postazione/web-frontend/vite.config.js
71a54689bec8818c3adccd0ed3b24847e7ce2137d34235ff9943aac751760d22	53248	644	BASELINE_SERVER_RASPBERRY/database/sqlite/app-state-split.sqlite
8e370904d58d4ccfa9068331920f4de91f2e083484a5fa55fdd7d11bb1f0723e	174292992	644	BASELINE_SERVER_RASPBERRY/database/sqlite/backend-relational.sqlite
33126a29d7114de3441d4628f7602f0fa3f09b844b691af23a4ba7ab543fcf15	952	644	CONTENUTO_PACCHETTO.md
2168266e6957232ee44204a1245aac7f0797577c524c9cfc085233ffa9c88a65	2031	644	DOCUMENTAZIONE/ANDROID_FRONTEND_REFRESH_20260717.md
b90a3974453b02f3a73973565b84d526ca2aab4fce784e7909d4b0fc1f2c9874	2148	644	DOCUMENTAZIONE/ARCHIVIO_PORTATILE_V5BT_20260720.md
31137f4b6baa719a025179c841b100eb510787eb9bba8c18ae5bff90f670d761	8326	644	DOCUMENTAZIONE/FISCAL_GATEWAY_VERIFY_API_CODEX.md
1c075847b4eaa476a1b183b3d211be340d1b26c84d65b8c9453f453eb4e634bb	4798	644	DOCUMENTAZIONE/GUI_ADB_E2E_10MIN_20260717.md
55636e94a4e8a61cd7d15780cc5e0e178d47d3caf82af85fd1eb27ab64186ce7	3410	644	DOCUMENTAZIONE/HANDOVER_MOVIMENTI_CASSA_FISCALE_20260717.md
e91e05153a932e6997c3f14edfe2a8b955a35dd009bcf1bb4a5d53984d1561c8	4886	644	DOCUMENTAZIONE/HANDOVER_V5BT_B5_5_MULTI_DEVICE_20260720.md
72efe330339c55b49bb2938c527fd07fabd16f12c5275a0962fba96c551630a2	5219	644	DOCUMENTAZIONE/HANDOVER_V5BT_B5_6_MUTUAL_AUTH_20260721.md
6d441c4d7a62458cf0353d9061bb906910349a220c8d9efe940dbe92149e62a7	1335	644	DOCUMENTAZIONE/PACCHETTO_V5BT_B5_5_MULTI_DEVICE_20260720.md
e68d4bf9e5c63dd378d366c811d12ea99382af301d74407cc8ee14033ea375c2	2951	644	DOCUMENTAZIONE/PACKAGE_BUILD_INFO.json
7884dc1e41f4645433aa9c1f8dbdf3fc6645b503811201fd7140110202c1bc4d	2260	644	DOCUMENTAZIONE/PACKAGE_INFO.txt
68fed6e34eac117487fad05292b32cbe85886c6b5ef30d492e269af0e3d91e0a	10891	644	DOCUMENTAZIONE/ROADMAP_RIMANENTE_V5BT_20260817.md
3edc7b8667bfc14c3e0b4b2f4e60064763a6934df62046b708cf71e48bc9dc18	5229	644	DOCUMENTAZIONE/V5BT_API31_ENROLLMENT_STAGING_RUNBOOK_20260817.md
6816ec550ea4c8a0b0957b4ae36f487e8e94775f73ea186c05828f83705f6ff3	5083	644	DOCUMENTAZIONE/V5BT_B4_RASPBERRY_LAB_STAGING_20260805.md
955bbf17007d15805c6655fe328fbf26ef54c15089ebb861af8806de41270f4a	17332	644	DOCUMENTAZIONE/V5BT_CHIUSURA_SOFTWARE_BLUETOOTH_20260818.md
46cf7ad55f80cc1812308c733b2aaada55f9ed42a9767751a749ba8ebb74ff9a	5710	644	DOCUMENTAZIONE/V5BT_COMPATIBILITA_CRITTOGRAFICA_API31_20260817.md
6bb4e67badac1b89360b0ebfc34d5990d54d0e8ea36cb4631c40454813244c2c	3525	644	DOCUMENTAZIONE/V5BT_LASTWRITE_COALESCE_CANARY_20260807.md
6bff9908d15dc797eb064f2e8876a85926be82c63ca9e90af107c705464c05f9	4581	644	DOCUMENTAZIONE/V5BT_LASTWRITE_NOWAIT_ABA_20260807.md
3221bb6e0bb6cd2f75a880a2bdc980c53c432c5cc2444af6b92b0c8624f40035	1798	644	DOCUMENTAZIONE/V5BT_OWNER_BATCHING_CANARY_20260806.md
490c4fb2834160e42b667149a1c902c8a8db72a5cd4fc575c9d67327116889a3	3021	644	DOCUMENTAZIONE/V5BT_ROADMAP_PHYSICAL_PREFLIGHT_20260810.md
652d7b5533883e4435bb02cf9b1ae18699c7e128abe0a92f5e659b2b1e45e7c2	4899	644	DOCUMENTAZIONE/V5BT_SMOKE_1200_ISOLATED_20260806.md
094bb465967df863c2243750b252259769aad05ee1747a278dba6f262d1d3e3d	2691	644	DOCUMENTAZIONE/V5BT_STATION_STATE_MARKER_CANARY_20260806.md
a2e423e1e5f366ddbec7d3afb36126945675f0ffd2ab793b57d672e64c48d7f8	8520	644	DOCUMENTAZIONE/V5BT_TEST_FISICI_20260817.md
bca08b7fc93c8453dc0c15f14c6776a3b1dbb1ab4d6474bd05a80c80e3d4a689	8791	644	DOCUMENTAZIONE/VERIFICA_REALE_V5BT_20260720.md
8de820ac995faa63d3f0f05fd2316c36ef534da3bdcce0af4af39569db867ad4	50540	644	DOCUMENTAZIONE/WORKSPACE_ATTIVA.md
e796fa9609af08e5a22d44f173b9fd6b52acd4383d5cafc9e79f066b52164af8	95262	644	DOCUMENTAZIONE/evidenze/20260720/non-certificata-smartphone/v5bt-post-authenticated.png
2f189bbb7a8f74033153de3601aa15e100c350ea66fdb0fff28170d8f68b3cae	95261	644	DOCUMENTAZIONE/evidenze/20260720/non-certificata-smartphone/v5bt-post-restart.png
02deedf672b60ab1627e37b19ceb451794b6756a0565a9d6a9cdda263c6f328c	697774	644	DOCUMENTAZIONE/evidenze/20260720/v5bt-palmare-current-only.png
7d620a0e41764ef532d82841159ae0dd9e2ef13fb89c4de5e3762713d8bce7a5	751163	644	DOCUMENTAZIONE/evidenze/20260720/v5bt-palmare-enrolled-ready.png
d98a3a80810a579925a31823a2b9dfa6469d9206066de0791ea03bcccacc0173	813281	644	DOCUMENTAZIONE/evidenze/20260720/v5bt-palmare-live2.png
44a791cd5b20208a98235a5af52d259630a1013252252a095179d53f14226eeb	669647	644	DOCUMENTAZIONE/evidenze/20260720/v5bt-radio-final2.png
d56a9ee94d49302e117e1a917f194c477a897ed6af241be0d888ac7bc7340f51	95911	644	HANDOFF_V5BT_20260724.md
55636e94a4e8a61cd7d15780cc5e0e178d47d3caf82af85fd1eb27ab64186ce7	3410	644	LEGGIMI.md
766484e4bb4e8b9a66680746fe44ba09e165ed1aae8dfbca3d8accf9814c2722	43950	644	README_V5BT.md
faab2b7fddf90dedcd6ddea2dcc3f8f61b7b2ac595de1e3656fa713b6b8127bc	911	644	ROADMAP_BLUETOOTH/CASSAV4_BLUETOOTH_PROTOCOL_BASE_ROADMAP_20260719/.gitignore
d0d609c0ee9a4927038e7323060663839d10e6468b23cc9373e80151f94bd797	10842	644	ROADMAP_BLUETOOTH/CASSAV4_BLUETOOTH_PROTOCOL_BASE_ROADMAP_20260719/00_INDEX.md
eca779dd832e7a32d18f59ca447bf36c6327a8a807af843153deb3364d739b77	21803	644	ROADMAP_BLUETOOTH/CASSAV4_BLUETOOTH_PROTOCOL_BASE_ROADMAP_20260719/MANIFEST.txt
93264909fb2178eb23e78929ce4e8dff8d40ef7afb42672f22521fb3d16b008d	44023	644	ROADMAP_BLUETOOTH/CASSAV4_BLUETOOTH_PROTOCOL_BASE_ROADMAP_20260719/README.md
0084c8ee22a5daaac7ae41435806de12a9a986a992f5a3f6770e207c5574b8e8	105	644	ROADMAP_BLUETOOTH/CASSAV4_BLUETOOTH_PROTOCOL_BASE_ROADMAP_20260719/VERSION.txt
95e8d8dc48b0580c5af3de11a55958e2a5420197edfe14b12f3c47f3bf252de4	738	644	ROADMAP_BLUETOOTH/CASSAV4_BLUETOOTH_PROTOCOL_BASE_ROADMAP_20260719/android/AndroidManifest.fragment.xml
a7c1c81d1ff6a5efd461943aac454996941df733b188149ae23a0f752a84fa0e	95	644	ROADMAP_BLUETOOTH/CASSAV4_BLUETOOTH_PROTOCOL_BASE_ROADMAP_20260719/android/README.md
537d789d0c9ab837478ae7d858f306c9500061b2b8c8a514e0764fe25fb1d1b5	288	644	ROADMAP_BLUETOOTH/CASSAV4_BLUETOOTH_PROTOCOL_BASE_ROADMAP_20260719/android/gradle-dependencies.fragment.kts
84a0f9db9a5491c375264016b1789fb6e0fad364f4905e88697063b54b890413	98	644	ROADMAP_BLUETOOTH/CASSAV4_BLUETOOTH_PROTOCOL_BASE_ROADMAP_20260719/android/kotlin/com/cassav4/bluetooth/AndroidGattClient.kt
3b194b180a022f8504f34e7a9ea2d10891d3937e3638e606e703dd800280162d	93	644	ROADMAP_BLUETOOTH/CASSAV4_BLUETOOTH_PROTOCOL_BASE_ROADMAP_20260719/android/kotlin/com/cassav4/bluetooth/AndroidGattServer.kt
5ee334e673a9af10ef3a946ae2e7ffbc003a1129e1d35d8a8a227e0f3874b089	95	644	ROADMAP_BLUETOOTH/CASSAV4_BLUETOOTH_PROTOCOL_BASE_ROADMAP_20260719/android/kotlin/com/cassav4/bluetooth/BleAdvertiser.kt
03a6867cf5f2d7ad59ae846d8c441e570d8ada4c04b940908c37b409b3faa4f2	93	644	ROADMAP_BLUETOOTH/CASSAV4_BLUETOOTH_PROTOCOL_BASE_ROADMAP_20260719/android/kotlin/com/cassav4/bluetooth/BleScanner.kt
34677eb11f42649eb7b667d236093be8790f9c07cbc76536718cdc2e328a8f56	350	644	ROADMAP_BLUETOOTH/CASSAV4_BLUETOOTH_PROTOCOL_BASE_ROADMAP_20260719/android/kotlin/com/cassav4/bluetooth/BluetoothCapabilityProbe.kt
ec1d3cd894121d75167554f674a1a542b72d66caa0f4f8deef54bde4b3ba6d66	171	644	ROADMAP_BLUETOOTH/CASSAV4_BLUETOOTH_PROTOCOL_BASE_ROADMAP_20260719/android/kotlin/com/cassav4/bluetooth/BluetoothFailoverService.kt
33cb74406e1059c03695da155ac6e678017eb55e7c1a6caf0c96be56884184aa	129	644	ROADMAP_BLUETOOTH/CASSAV4_BLUETOOTH_PROTOCOL_BASE_ROADMAP_20260719/android/kotlin/com/cassav4/bluetooth/BluetoothMetrics.kt
7cfbe0b5def51c3b168715ec4828c9892352a393cb8f2d6520a73bb1a631e5fc	235	644	ROADMAP_BLUETOOTH/CASSAV4_BLUETOOTH_PROTOCOL_BASE_ROADMAP_20260719/android/kotlin/com/cassav4/bluetooth/ConnectivityStateMachine.kt
6a8bd51eb2ac16e2b9ddb6569ec579837b209020d270c20867123e51ae0c03e0	113	644	ROADMAP_BLUETOOTH/CASSAV4_BLUETOOTH_PROTOCOL_BASE_ROADMAP_20260719/android/kotlin/com/cassav4/bluetooth/DeviceIdentityManager.kt
3e4ea209dddb02f634f9e1d1e1560a4f454eb5eddf2f99f2d7d815557e9e22e4	192	644	ROADMAP_BLUETOOTH/CASSAV4_BLUETOOTH_PROTOCOL_BASE_ROADMAP_20260719/android/kotlin/com/cassav4/bluetooth/DialerElection.kt
8b0b47a5f97f2d6ee99fb7420b50c9fe85992e1d242863346f6abf92c49ddf7e	94	644	ROADMAP_BLUETOOTH/CASSAV4_BLUETOOTH_PROTOCOL_BASE_ROADMAP_20260719/android/kotlin/com/cassav4/bluetooth/FailoverUiBridge.kt
119784811b583cf2cc246cbd7b4143dd14d883c552ea181b24d8d7b9e6de9f5f	92	644	ROADMAP_BLUETOOTH/CASSAV4_BLUETOOTH_PROTOCOL_BASE_ROADMAP_20260719/android/kotlin/com/cassav4/bluetooth/FrameCodec.kt
1d8821d4543fe310711bad1df1bbaf77e7f6992e35bc2acf5c138d9414afe6b6	94	644	ROADMAP_BLUETOOTH/CASSAV4_BLUETOOTH_PROTOCOL_BASE_ROADMAP_20260719/android/kotlin/com/cassav4/bluetooth/InboxDedupRepository.kt
51541814822092c045c95281ccf2d5ba99f87888708843d494e4b8536178097f	93	644	ROADMAP_BLUETOOTH/CASSAV4_BLUETOOTH_PROTOCOL_BASE_ROADMAP_20260719/android/kotlin/com/cassav4/bluetooth/LocalOutboxRepository.kt
19fd49eadaf57783139c7306e0fca68bf373236266a8c52ef5e90929437ef7cd	228	644	ROADMAP_BLUETOOTH/CASSAV4_BLUETOOTH_PROTOCOL_BASE_ROADMAP_20260719/android/kotlin/com/cassav4/bluetooth/PeerDirectory.kt
8227aea698b137e6d0cc7947d482aac7f3a62e51215f16ec8e7b8672b49562aa	106	644	ROADMAP_BLUETOOTH/CASSAV4_BLUETOOTH_PROTOCOL_BASE_ROADMAP_20260719/android/kotlin/com/cassav4/bluetooth/PermissionCoordinator.kt
dbd85e63de14ba3fdd6cb2130db675fa5536167997a90c392cf75cd20aa79d05	89	644	ROADMAP_BLUETOOTH/CASSAV4_BLUETOOTH_PROTOCOL_BASE_ROADMAP_20260719/android/kotlin/com/cassav4/bluetooth/ReliableChannel.kt
d4a67fc1c26187578acf6452c249417858d61815e10ba1468bd6626ce0b9f73e	97	644	ROADMAP_BLUETOOTH/CASSAV4_BLUETOOTH_PROTOCOL_BASE_ROADMAP_20260719/android/kotlin/com/cassav4/bluetooth/SecurityHandshake.kt
e627994ea2db36504c54538685d297e83658dcc2bf5677b431b22c6ddb923fc5	95	644	ROADMAP_BLUETOOTH/CASSAV4_BLUETOOTH_PROTOCOL_BASE_ROADMAP_20260719/android/kotlin/com/cassav4/bluetooth/SessionManager.kt
b6369cc54dbb4f471cff0c38a129c60b01c18a3edad69ddccfaacc187ac7e6ff	115	644	ROADMAP_BLUETOOTH/CASSAV4_BLUETOOTH_PROTOCOL_BASE_ROADMAP_20260719/android/kotlin/com/cassav4/bluetooth/store/BluetoothInboxDedupEntity.kt
fd450525b84c4d674a2d6a6e430e2a6e89397bdc9eae9b07d7ccd63b7b8fd2a7	149	644	ROADMAP_BLUETOOTH/CASSAV4_BLUETOOTH_PROTOCOL_BASE_ROADMAP_20260719/android/kotlin/com/cassav4/bluetooth/store/BluetoothOutboxEntity.kt
50e13aa91d5fff91ddea897a87252e2be8216a76d23d819e915034b8bb5327bb	123	644	ROADMAP_BLUETOOTH/CASSAV4_BLUETOOTH_PROTOCOL_BASE_ROADMAP_20260719/android/kotlin/com/cassav4/bluetooth/store/KnownPeerEntity.kt
8ecde984849e0a37e6bd784d7718a6ccc40607fad9c301349b4c96c902f0729c	145	644	ROADMAP_BLUETOOTH/CASSAV4_BLUETOOTH_PROTOCOL_BASE_ROADMAP_20260719/android/kotlin/com/cassav4/bluetooth/store/SessionHistoryEntity.kt
f8eb5fdda089eaa86ac99c63c4368725cfbf310072e24614dc15c8734afac993	62	644	ROADMAP_BLUETOOTH/CASSAV4_BLUETOOTH_PROTOCOL_BASE_ROADMAP_20260719/android/tests/CapabilityProbeTest.kt
7a76280a6d58754c7935855e566557f2d8ab78b77e9ad7484da51d91cbd0562b	109	644	ROADMAP_BLUETOOTH/CASSAV4_BLUETOOTH_PROTOCOL_BASE_ROADMAP_20260719/android/tests/DialerElectionTest.kt
7b7a859e28d1519e505b5cf1834523aa3defe1057c04150948f14bfd7c6da804	77	644	ROADMAP_BLUETOOTH/CASSAV4_BLUETOOTH_PROTOCOL_BASE_ROADMAP_20260719/android/tests/FrameCodecTest.kt
764dcf376c57f7f86f486630c7ead7bcf763f0df5ef50e28d4cbf8b9b3e5d060	235	644	ROADMAP_BLUETOOTH/CASSAV4_BLUETOOTH_PROTOCOL_BASE_ROADMAP_20260719/architecture/ANDROID_BACKGROUND_MODEL.md
734effe6faa58c98db703cc6e55b7c6ad8154a96975835f1be0d0c60bd7fa00e	340	644	ROADMAP_BLUETOOTH/CASSAV4_BLUETOOTH_PROTOCOL_BASE_ROADMAP_20260719/architecture/CONNECTION_ROLE_ELECTION.md
4dc450d1776db37e374431d5ae66c5ca3ba5b5ef107d11c6c39e0d9d9459b3a2	2286	644	ROADMAP_BLUETOOTH/CASSAV4_BLUETOOTH_PROTOCOL_BASE_ROADMAP_20260719/architecture/DIRECT_SESSION_LIFECYCLE.md
14a5c74ab3a227b204f8c5e01ed551ad2e9a72edaa276d2fa2c60f46c202a5d9	6236	644	ROADMAP_BLUETOOTH/CASSAV4_BLUETOOTH_PROTOCOL_BASE_ROADMAP_20260719/architecture/DISCOVERY_PROTOCOL.md
512687422c30f018758ed986e9b4af9cdef985b518f36c635ed86598ac591c5c	247	644	ROADMAP_BLUETOOTH/CASSAV4_BLUETOOTH_PROTOCOL_BASE_ROADMAP_20260719/architecture/FRAME_PROTOCOL.md
fdb8fa70788a6e780b393503db7e9acd510775689de28d97f303ae02271cbf5e	1142	644	ROADMAP_BLUETOOTH/CASSAV4_BLUETOOTH_PROTOCOL_BASE_ROADMAP_20260719/architecture/GATT_PROFILE.md
36a2a837959ec6802f0661c1a3ec5816a710a123ce89b4afa2babfebac839a73	120	644	ROADMAP_BLUETOOTH/CASSAV4_BLUETOOTH_PROTOCOL_BASE_ROADMAP_20260719/architecture/LOCAL_STORAGE_MODEL.md
411bf7bc1acb9376f21b2617322b2de2524ff8101850f3eb629057e043828fbb	144	644	ROADMAP_BLUETOOTH/CASSAV4_BLUETOOTH_PROTOCOL_BASE_ROADMAP_20260719/architecture/NODE_ROLES.md
d29305307a4ef493431116b06c4f5f0b17e6c29acc376f8e12b08c5e4e43e260	186	644	ROADMAP_BLUETOOTH/CASSAV4_BLUETOOTH_PROTOCOL_BASE_ROADMAP_20260719/architecture/OBSERVABILITY_MODEL.md
f68533d3dc9280081b70c06dd0f782ffbd68f2af16ce0a2426f26c3ab44fbbe6	2286	644	ROADMAP_BLUETOOTH/CASSAV4_BLUETOOTH_PROTOCOL_BASE_ROADMAP_20260719/architecture/RASPBERRY_BLUEZ_MODEL.md
43c0781859cf9170fc4702ccff064ad74671188a87d86d0d7d6342a8f994e805	2784	644	ROADMAP_BLUETOOTH/CASSAV4_BLUETOOTH_PROTOCOL_BASE_ROADMAP_20260719/architecture/RASPBERRY_GATT_SERVER.md
20565b9f02e27596361d2e71c7c7c32bbe636e428295aef052bff5a8cd88fc42	254	644	ROADMAP_BLUETOOTH/CASSAV4_BLUETOOTH_PROTOCOL_BASE_ROADMAP_20260719/architecture/RELIABILITY_MODEL.md
cb86b5006f5b45ebf67a1d268695adc3ccc39d3e1a2cf0b854b7a385ef6135e7	2132	644	ROADMAP_BLUETOOTH/CASSAV4_BLUETOOTH_PROTOCOL_BASE_ROADMAP_20260719/architecture/SECURITY_HANDSHAKE.md
ad865b9f15c5c75dbaa2e76499d72beb5f4fd622befe1bbfe423802c7e39ee80	423	644	ROADMAP_BLUETOOTH/CASSAV4_BLUETOOTH_PROTOCOL_BASE_ROADMAP_20260719/architecture/TARGET_ARCHITECTURE.md
fd4685d45c0ce278de01c1e5ae4396d5a172c1e8287b8d9dc807b17dbeb3cb89	246	644	ROADMAP_BLUETOOTH/CASSAV4_BLUETOOTH_PROTOCOL_BASE_ROADMAP_20260719/architecture/UI_CONNECTIVITY_MODEL.md
aef495244eb66bd4e6198e2cd2aa19e2edd6de78574204961120df4ce2b81933	109	644	ROADMAP_BLUETOOTH/CASSAV4_BLUETOOTH_PROTOCOL_BASE_ROADMAP_20260719/backend/README.md
86607fc53b060a3d0ff764732f5a4c2343a7a8638559a54a54ba9ba94594b5c7	92	644	ROADMAP_BLUETOOTH/CASSAV4_BLUETOOTH_PROTOCOL_BASE_ROADMAP_20260719/backend/config/bluetooth-feature-flags.env.example
831bce9f414b0f30b97be368a20268f9c500d594a50caee87343841dc9dc4d5a	153	644	ROADMAP_BLUETOOTH/CASSAV4_BLUETOOTH_PROTOCOL_BASE_ROADMAP_20260719/backend/src/BluetoothNodeRegistryProjection.ts
545c77beddb47d7ede82db046ace0d5aad12a1df3837f86a20c982f1e49ff06c	71	644	ROADMAP_BLUETOOTH/CASSAV4_BLUETOOTH_PROTOCOL_BASE_ROADMAP_20260719/backend/src/BluetoothShadowIngress.ts
5f13f928f3514e4ee1ca06dd2330b4e179210976fb25f58d5ac0d466b58110a6	5433	644	ROADMAP_BLUETOOTH/CASSAV4_BLUETOOTH_PROTOCOL_BASE_ROADMAP_20260719/checklists/B0_DEVICE_CAPABILITY_CHECKLIST.md
c7d9a75d02a486e45d9c6c06f60ed748786f90bd1c72dddc98b572144c638a1c	2778	644	ROADMAP_BLUETOOTH/CASSAV4_BLUETOOTH_PROTOCOL_BASE_ROADMAP_20260719/checklists/B11_PILOT_CHECKLIST.md
2a9507b143bc3c28e019721e2d8abce594a958432e260941c8dc96ef98f6d866	10629	644	ROADMAP_BLUETOOTH/CASSAV4_BLUETOOTH_PROTOCOL_BASE_ROADMAP_20260719/checklists/B5_PHYSICAL_CAMPAIGN_CHECKLIST.md
333afeeeea0cccba77e9e276b0356abbb3f88f0b8718961c95ed9191533efbd6	905	644	ROADMAP_BLUETOOTH/CASSAV4_BLUETOOTH_PROTOCOL_BASE_ROADMAP_20260719/configs/advanced-certification-targets.json
aeaf5934d71e7b872095fb2953d12eb7e3eefdbc376924f6c61042b2fa2cc9a5	400	644	ROADMAP_BLUETOOTH/CASSAV4_BLUETOOTH_PROTOCOL_BASE_ROADMAP_20260719/configs/android-feature-flags.json
42a2db2f668a106687e3c7048b2bdb3681bf85b2bba947bcea326b9c45276005	663	644	ROADMAP_BLUETOOTH/CASSAV4_BLUETOOTH_PROTOCOL_BASE_ROADMAP_20260719/configs/cassav5bt-bluetooth-enrollment.env.example
144682667a9f237d21d18e7bd9883b1260dcb56413a3745d603a99eea93cd90c	1141	644	ROADMAP_BLUETOOTH/CASSAV4_BLUETOOTH_PROTOCOL_BASE_ROADMAP_20260719/configs/current-roadmap-status.json
8f9a99ee0baba508df5bb948a65329159dbc26223ba9f90c28b8fcb63b28e81a	1127	644	ROADMAP_BLUETOOTH/CASSAV4_BLUETOOTH_PROTOCOL_BASE_ROADMAP_20260719/configs/device-capability-matrix.example.json
7d6153e316885f50b9a5bf54780f6ebc7a5a7fddcfbb8e019f75fceab00759dc	1089	644	ROADMAP_BLUETOOTH/CASSAV4_BLUETOOTH_PROTOCOL_BASE_ROADMAP_20260719/configs/device-capability-matrix.json
0a009eef7759634e9703830a5d6e2b6ecc78808ab796c24333cabc68fc466366	1297	644	ROADMAP_BLUETOOTH/CASSAV4_BLUETOOTH_PROTOCOL_BASE_ROADMAP_20260719/configs/discovery-policy.json
426c783516c1122cf90494966001125893ce680a8ac3d30fa4a76c0b9d0301c0	1026	644	ROADMAP_BLUETOOTH/CASSAV4_BLUETOOTH_PROTOCOL_BASE_ROADMAP_20260719/configs/external-evidence-status.json
800e5ac521f6dc01cfe355cf08e72e29843b854a8240931bf7e6fc1d02b8ab8c	495	644	ROADMAP_BLUETOOTH/CASSAV4_BLUETOOTH_PROTOCOL_BASE_ROADMAP_20260719/configs/gatt-uuids.json
4c91a6bf31c671788cb30fd01f4024a4fe94277a3fb7dcd17abd368dd3376c68	162	644	ROADMAP_BLUETOOTH/CASSAV4_BLUETOOTH_PROTOCOL_BASE_ROADMAP_20260719/configs/observability.json
66f96cd827a14185cc4beae07d06bc8626b9d048f3d9b3b673f0ebc4a745cdef	426	644	ROADMAP_BLUETOOTH/CASSAV4_BLUETOOTH_PROTOCOL_BASE_ROADMAP_20260719/configs/protocol-defaults.json
90b6e3458de3ca5e17aa679cb4f552d8bf29f305a7ea0d52e2023c523afc954c	1677	644	ROADMAP_BLUETOOTH/CASSAV4_BLUETOOTH_PROTOCOL_BASE_ROADMAP_20260719/configs/raspberry.env.example
5342b3ceee39bca2a03aacc457ff5a49ba84e62937b04c0c9d9fadb49f6d4bdb	548	644	ROADMAP_BLUETOOTH/CASSAV4_BLUETOOTH_PROTOCOL_BASE_ROADMAP_20260719/configs/security-policy.json
35a260fd31c95b552d659e146d559bff97823b9ede639e5f5aacd297730e7007	199	644	ROADMAP_BLUETOOTH/CASSAV4_BLUETOOTH_PROTOCOL_BASE_ROADMAP_20260719/configs/timeouts.json
f06d0565797c14954c7aa2c50d0bc0b421e2b422fa30c3c72e4a50a05afa5fa2	1022	644	ROADMAP_BLUETOOTH/CASSAV4_BLUETOOTH_PROTOCOL_BASE_ROADMAP_20260719/contracts/GATT_UUID_REGISTRY.md
7525c9d6e5424683cd1ae2c634a3047dede34d48ecd87147ac5d85b3a46d3d57	7515	644	ROADMAP_BLUETOOTH/CASSAV4_BLUETOOTH_PROTOCOL_BASE_ROADMAP_20260719/contracts/PROTOCOL_TEST_VECTORS.json
72063683ee29c0722539d9b7e7f0a4d38a96bdb7eb6c7864f7bb905d432b3b27	447	644	ROADMAP_BLUETOOTH/CASSAV4_BLUETOOTH_PROTOCOL_BASE_ROADMAP_20260719/contracts/ack-v1.schema.json
14fad74318c1c0b15ce5a5a0ab0d62ecbfa7d8fa171639c338090ff38d77450f	1180	644	ROADMAP_BLUETOOTH/CASSAV4_BLUETOOTH_PROTOCOL_BASE_ROADMAP_20260719/contracts/auth-challenge-v1.schema.json
bf1bf651e1803b887a055dc1a9a843670ddb72c1d9144f42e4d154bae7416d21	744	644	ROADMAP_BLUETOOTH/CASSAV4_BLUETOOTH_PROTOCOL_BASE_ROADMAP_20260719/contracts/auth-finish-v1.schema.json
d4394e66f5b37060802b944d0fe26037333fc2dc5b95dae15d3b87928b5f9db4	941	644	ROADMAP_BLUETOOTH/CASSAV4_BLUETOOTH_PROTOCOL_BASE_ROADMAP_20260719/contracts/auth-response-v1.schema.json
a6044519cc27370f40dd7b1798a33070fc2d55329145b755223866c3642ee4cf	928	644	ROADMAP_BLUETOOTH/CASSAV4_BLUETOOTH_PROTOCOL_BASE_ROADMAP_20260719/contracts/auth-server-proof-v1.schema.json
e7fc7aa6e501110fc3509b60bb2d3bb9d4b97b35c4b1ebc3797fa3c01edea1eb	2772	644	ROADMAP_BLUETOOTH/CASSAV4_BLUETOOTH_PROTOCOL_BASE_ROADMAP_20260719/contracts/b0-device-capability-matrix-v1.schema.json
269c085ebf61bef9f0bc4ae9bf019df66c6576709f3e2a54ec33c28758412662	5173	644	ROADMAP_BLUETOOTH/CASSAV4_BLUETOOTH_PROTOCOL_BASE_ROADMAP_20260719/contracts/b0-device-capability-report-v1.schema.json
1c9bce096fd18a3730333128d6edf4315ae05312ce6f5cfca86a4c7fb7e6b520	17568	644	ROADMAP_BLUETOOTH/CASSAV4_BLUETOOTH_PROTOCOL_BASE_ROADMAP_20260719/contracts/b11-maximum-virtualized-system-non-gate-v2.schema.json
545b47dae7711d3675946881d0442f612d5a9bb4eaae327b6a8c145fb188f1b6	23050	644	ROADMAP_BLUETOOTH/CASSAV4_BLUETOOTH_PROTOCOL_BASE_ROADMAP_20260719/contracts/b11-mixed-physical-attestation-v1.schema.json
8b70d646a45cc89c998275bd0342d17c06c1c9b13c48a7f1906ce7be2bf3f946	15839	644	ROADMAP_BLUETOOTH/CASSAV4_BLUETOOTH_PROTOCOL_BASE_ROADMAP_20260719/contracts/b11-mixed-physical-virtual-non-gate-v3.schema.json
3835adea5dc86f719fd95dc1b512d154ee59be2dee9122384cf060777b5a9a05	3084	644	ROADMAP_BLUETOOTH/CASSAV4_BLUETOOTH_PROTOCOL_BASE_ROADMAP_20260719/contracts/b5-campaign-authorization-v1.schema.json
5ac770b08806406db990f12814ae34c8c4802bb1b0f07cc46db1a56fde0191ed	2639	644	ROADMAP_BLUETOOTH/CASSAV4_BLUETOOTH_PROTOCOL_BASE_ROADMAP_20260719/contracts/b5-review-attestation-v1.schema.json
891e7a004f37762bf9836e3b707232e5f5bcd9f1a457553be035a13330324510	2941	644	ROADMAP_BLUETOOTH/CASSAV4_BLUETOOTH_PROTOCOL_BASE_ROADMAP_20260719/contracts/b5-technical-receipt-v1.schema.json
19c550b5901087ee1a915ebd6bea92318358e8ebe2a5fc55607238fed673ce37	663	644	ROADMAP_BLUETOOTH/CASSAV4_BLUETOOTH_PROTOCOL_BASE_ROADMAP_20260719/contracts/cassav4-bluetooth-base-v1.proto
2a8ff78d426a11c5d76b99d985a114d8a943b6a76ee92b326133b83d645b30d9	329	644	ROADMAP_BLUETOOTH/CASSAV4_BLUETOOTH_PROTOCOL_BASE_ROADMAP_20260719/contracts/connection-state-v1.schema.json
633d24026cb6c360f60dc99b7325ddd6ad2ee77eac27166eff03116f2071934f	3516	644	ROADMAP_BLUETOOTH/CASSAV4_BLUETOOTH_PROTOCOL_BASE_ROADMAP_20260719/contracts/current-roadmap-status-v1.schema.json
ea6981885cfc68875c7f75fd4083e377fb025cc74c3f5997422030500183bc44	4078	644	ROADMAP_BLUETOOTH/CASSAV4_BLUETOOTH_PROTOCOL_BASE_ROADMAP_20260719/contracts/device-registry-v1.schema.json
11699c7fa9419b4ba9cf5b30caf42624a2943ccf9cdda82b988b14677a81f916	3929	644	ROADMAP_BLUETOOTH/CASSAV4_BLUETOOTH_PROTOCOL_BASE_ROADMAP_20260719/contracts/device-registry-v2.schema.json
32e70cf6f2e0c00d071589b7185c2e025be70d813007179c800e7209fa30af38	611	644	ROADMAP_BLUETOOTH/CASSAV4_BLUETOOTH_PROTOCOL_BASE_ROADMAP_20260719/contracts/enrollment-qr-v1.schema.json
76ae881dd80761fd25091fbc4b1bce0c7d9d13c2394e1e60c7889b38a3126525	590	644	ROADMAP_BLUETOOTH/CASSAV4_BLUETOOTH_PROTOCOL_BASE_ROADMAP_20260719/contracts/enrollment-qr-v2.schema.json
0ad3d41141654a3cce021cedd517699b4f0e9a7fe00d516508e67cc6cc1eba99	1402	644	ROADMAP_BLUETOOTH/CASSAV4_BLUETOOTH_PROTOCOL_BASE_ROADMAP_20260719/contracts/enrollment-request-v1.schema.json
06695fb6960bde72aaea5352da165c669695a934c350a5451317c2cc122d3f5b	1433	644	ROADMAP_BLUETOOTH/CASSAV4_BLUETOOTH_PROTOCOL_BASE_ROADMAP_20260719/contracts/enrollment-request-v2.schema.json
5802d0964a934577539a3b8912c11a5abf9f975886be690b23e1a1ce234b8bf4	1589	644	ROADMAP_BLUETOOTH/CASSAV4_BLUETOOTH_PROTOCOL_BASE_ROADMAP_20260719/contracts/enrollment-response-v1.schema.json
a8125377312163ee7cfe952eab5d164cfcfbd3e317b538f349b10cdb663c846d	1496	644	ROADMAP_BLUETOOTH/CASSAV4_BLUETOOTH_PROTOCOL_BASE_ROADMAP_20260719/contracts/enrollment-response-v2.schema.json
1ce2bf50c277b8a45f99f122cce32f7461855564ff69472447e4205f02f558ca	3190	644	ROADMAP_BLUETOOTH/CASSAV4_BLUETOOTH_PROTOCOL_BASE_ROADMAP_20260719/contracts/golden-vectors/android-peer-role-election-v1.json
2e10f606d0a34afa3af36a16f6404659176d9ead5d8b3dc01362e2f55ad08492	1875	644	ROADMAP_BLUETOOTH/CASSAV4_BLUETOOTH_PROTOCOL_BASE_ROADMAP_20260719/contracts/golden-vectors/enrollment-v2-p256-v1.json
f26087d1f90d1ac19c97b2e33f7ff9590add08f09605ce1b229783c175af86e4	4894	644	ROADMAP_BLUETOOTH/CASSAV4_BLUETOOTH_PROTOCOL_BASE_ROADMAP_20260719/contracts/golden-vectors/peer-trust-a2-v1.json
2b9c2fb47826c066b5e8001539c80b4f3ef37fef5669ea4ed4ac56a5fcdc8dbb	1015	644	ROADMAP_BLUETOOTH/CASSAV4_BLUETOOTH_PROTOCOL_BASE_ROADMAP_20260719/contracts/hello-v1.schema.json
ab4ca226e5e389edcc95e50b9199ad2c91c9ec92c1bde10b051ed8568e12395c	1120	644	ROADMAP_BLUETOOTH/CASSAV4_BLUETOOTH_PROTOCOL_BASE_ROADMAP_20260719/contracts/node-advertisement-v1.schema.json
efe87109265726a1915b2524b8dd8dff6a1a490f35710ca942dc064be9a49663	433	644	ROADMAP_BLUETOOTH/CASSAV4_BLUETOOTH_PROTOCOL_BASE_ROADMAP_20260719/contracts/node-capabilities-v1.schema.json
fb2ae282d57c42f7ffcd4b5d5f43f7b81c38fc40b6e58bfb88da9ad2cdc6c9f2	3520	644	ROADMAP_BLUETOOTH/CASSAV4_BLUETOOTH_PROTOCOL_BASE_ROADMAP_20260719/contracts/peer-trust-directory-v1.schema.json
4ca4ae6f183b88e8bf3770307cf9c59e5ab2618407110d81f2c24cff70ccdf7f	400	644	ROADMAP_BLUETOOTH/CASSAV4_BLUETOOTH_PROTOCOL_BASE_ROADMAP_20260719/contracts/protocol-error-v1.schema.json
487bf3b0058152436a87c845eb9859c06fdbb640b8aff1593cb2fc874d6f0d04	519	644	ROADMAP_BLUETOOTH/CASSAV4_BLUETOOTH_PROTOCOL_BASE_ROADMAP_20260719/contracts/route-advertisement-v1.schema.json
929e12694a956ed4af31bccc778208206e9bb8603ed4f30834b996b1c21ba2a9	634	644	ROADMAP_BLUETOOTH/CASSAV4_BLUETOOTH_PROTOCOL_BASE_ROADMAP_20260719/contracts/transport-frame-v1.schema.json
c311f20617582d8fc8c0f85117ba0fa4345cdac1b44ab244a201804069272533	1938	644	ROADMAP_BLUETOOTH/CASSAV4_BLUETOOTH_PROTOCOL_BASE_ROADMAP_20260719/prompts/PROMPT_CODEX_MASTER_BLUETOOTH_BASE.md
5a125e763750bf56fdc556f2df52520b9ee7a320d21b57b8f7d3eac03b39ca8b	235	644	ROADMAP_BLUETOOTH/CASSAV4_BLUETOOTH_PROTOCOL_BASE_ROADMAP_20260719/prompts/PROMPT_CODEX_PHASE_B0.md
3bc0e13451af37f22d077792aea0818b83d3d2bae819060ca0898d1618d17b1b	235	644	ROADMAP_BLUETOOTH/CASSAV4_BLUETOOTH_PROTOCOL_BASE_ROADMAP_20260719/prompts/PROMPT_CODEX_PHASE_B1.md
53b1dc397fe31ff818b7fba58da645c8bd9ccf1287a8638e788c69af0dd584c3	237	644	ROADMAP_BLUETOOTH/CASSAV4_BLUETOOTH_PROTOCOL_BASE_ROADMAP_20260719/prompts/PROMPT_CODEX_PHASE_B10.md
970b4ed47cf12afc42c4b69b10c1607e9415b641b12be647eb55488c99e753bf	2158	644	ROADMAP_BLUETOOTH/CASSAV4_BLUETOOTH_PROTOCOL_BASE_ROADMAP_20260719/prompts/PROMPT_CODEX_PHASE_B11.md
f9658f92eeb2b94736add9f3626272c9a9c332aba79ceb6ce50e2b94a5d16d4f	235	644	ROADMAP_BLUETOOTH/CASSAV4_BLUETOOTH_PROTOCOL_BASE_ROADMAP_20260719/prompts/PROMPT_CODEX_PHASE_B2.md
b4b70d11ade18cd1bbbaa57b2ca25fe31f42c4072e25c3ae3f4b0b287a30aaf6	235	644	ROADMAP_BLUETOOTH/CASSAV4_BLUETOOTH_PROTOCOL_BASE_ROADMAP_20260719/prompts/PROMPT_CODEX_PHASE_B3.md
96449cfc058b699c18e4b4dcb442a08ece88a5ee0ef4ec34a0f2e61ef7d9b1f6	235	644	ROADMAP_BLUETOOTH/CASSAV4_BLUETOOTH_PROTOCOL_BASE_ROADMAP_20260719/prompts/PROMPT_CODEX_PHASE_B4.md
b0612fb46d188f647091ba9c30fe3dc41427c479b4e3cab9201086b93bd19263	235	644	ROADMAP_BLUETOOTH/CASSAV4_BLUETOOTH_PROTOCOL_BASE_ROADMAP_20260719/prompts/PROMPT_CODEX_PHASE_B5.md
6954c7f605483f24a968daeb3bab7061b497a2411fb42af620e157d8fb6cca4a	235	644	ROADMAP_BLUETOOTH/CASSAV4_BLUETOOTH_PROTOCOL_BASE_ROADMAP_20260719/prompts/PROMPT_CODEX_PHASE_B6.md
788fe622fc68659425bf44f89a6a823925cc9f70a2c66f2cb027594e1c39f7a5	235	644	ROADMAP_BLUETOOTH/CASSAV4_BLUETOOTH_PROTOCOL_BASE_ROADMAP_20260719/prompts/PROMPT_CODEX_PHASE_B7.md
c8a10966033a715e3a3697f96e2d5705c9ad6117b042629e3556477141c75c07	235	644	ROADMAP_BLUETOOTH/CASSAV4_BLUETOOTH_PROTOCOL_BASE_ROADMAP_20260719/prompts/PROMPT_CODEX_PHASE_B8.md
84666a0da6f1b6bc2e3046ac31582cd64c3ea340073d510e1126d138ed6a59c0	235	644	ROADMAP_BLUETOOTH/CASSAV4_BLUETOOTH_PROTOCOL_BASE_ROADMAP_20260719/prompts/PROMPT_CODEX_PHASE_B9.md
0f02c1f4467b712430a1aa8bd044716c6dd866bab474a21991002405a0d9d8de	6145	644	ROADMAP_BLUETOOTH/CASSAV4_BLUETOOTH_PROTOCOL_BASE_ROADMAP_20260719/raspberry/package-lock.json
810d3f7aee71055aea47ef6f6d5abdf457dd90dbff398130ecfb759d306bea8c	2341	644	ROADMAP_BLUETOOTH/CASSAV4_BLUETOOTH_PROTOCOL_BASE_ROADMAP_20260719/raspberry/package.json
8e144e14c0782f6dcd1792918ab3a5ad8a99933f507ab33089bf6d89223ad18b	9647	644	ROADMAP_BLUETOOTH/CASSAV4_BLUETOOTH_PROTOCOL_BASE_ROADMAP_20260719/raspberry/scripts/b11-virtual-business-workload.mjs
d0dc3bd0e17ac3849ee0e26f4982fcca0e6fdb0b1d634f973f6dbfbf218475d8	54	755	ROADMAP_BLUETOOTH/CASSAV4_BLUETOOTH_PROTOCOL_BASE_ROADMAP_20260719/raspberry/scripts/capture-btmon.sh
5739b16eaba8086016651244ab5a0f24eddeb33513b838766784019862c1137d	78	755	ROADMAP_BLUETOOTH/CASSAV4_BLUETOOTH_PROTOCOL_BASE_ROADMAP_20260719/raspberry/scripts/check-bluez.sh
d39acee6bfd6623e4ea5858c81c5ecb095730a980551a1c9ea0275690626a83f	113258	644	ROADMAP_BLUETOOTH/CASSAV4_BLUETOOTH_PROTOCOL_BASE_ROADMAP_20260719/raspberry/scripts/collect-b5-direct-control-session.mjs
4693f982c18b95818d546ce54028cf0beefc37a7e8cf31ebadfa0f9405c9dbbc	35201	644	ROADMAP_BLUETOOTH/CASSAV4_BLUETOOTH_PROTOCOL_BASE_ROADMAP_20260719/raspberry/scripts/device-registry.mjs
7d00adcc5442e11a51820dd0b06d61090bb07c5c976f0c9751b4238aed76b145	13664	644	ROADMAP_BLUETOOTH/CASSAV4_BLUETOOTH_PROTOCOL_BASE_ROADMAP_20260719/raspberry/scripts/enrollment-server.mjs
8234fb9a32daa8b50973ea10d7b3d64da7f8a1351c6a54510d599611a5663bac	10421	644	ROADMAP_BLUETOOTH/CASSAV4_BLUETOOTH_PROTOCOL_BASE_ROADMAP_20260719/raspberry/scripts/enrollment-server.test.mjs
06eecc53537f88c5a3ba8e5d1be44506c1eeafcf0c989b07632425d4f9f8fa6a	1601	644	ROADMAP_BLUETOOTH/CASSAV4_BLUETOOTH_PROTOCOL_BASE_ROADMAP_20260719/raspberry/scripts/peer-trust-authority.mjs
8dcaefe8f136799fc3238424ad3adce7cb3858a32fb973e232f61f8aefa5067c	13446	644	ROADMAP_BLUETOOTH/CASSAV4_BLUETOOTH_PROTOCOL_BASE_ROADMAP_20260719/raspberry/scripts/register_advertisement_v1.py
14c9f947a9874eab0ed00d5c536923d04cc12d573c3c0503b0440e4af3e5b38d	57613	644	ROADMAP_BLUETOOTH/CASSAV4_BLUETOOTH_PROTOCOL_BASE_ROADMAP_20260719/raspberry/scripts/run-b11-mixed-physical-virtual-non-gate.mjs
9900e94e65f602e62329ce14681f6b9edfec9d8a67ce096fad694c1bd574ae6c	75070	644	ROADMAP_BLUETOOTH/CASSAV4_BLUETOOTH_PROTOCOL_BASE_ROADMAP_20260719/raspberry/scripts/run-b11-software-non-gate.mjs
57dc437b77eddaea1fba1cb39c5df4b9d8c948cf0ab5d53393497cca42e21c0d	26677	644	ROADMAP_BLUETOOTH/CASSAV4_BLUETOOTH_PROTOCOL_BASE_ROADMAP_20260719/raspberry/scripts/run-b4-raspberry-servicedata-gate.mjs
7b53ecc26a589d9bce8b72c8237c77f3db0b03e8392a63cda9158807a0b79d4f	52887	644	ROADMAP_BLUETOOTH/CASSAV4_BLUETOOTH_PROTOCOL_BASE_ROADMAP_20260719/raspberry/scripts/run-b4-ten-device-gate.mjs
2eb6c95d3c906e7d25288c3c2c5bed42c54cb3c1a4ec0d1383b0e229e06e1eb0	17702	644	ROADMAP_BLUETOOTH/CASSAV4_BLUETOOTH_PROTOCOL_BASE_ROADMAP_20260719/raspberry/scripts/run-b5-android-hello-smoke.mjs
a9b59eebe460927f055380f95fe68fbe9332874da86acdb37f3759ebf5ae87dc	58250	644	ROADMAP_BLUETOOTH/CASSAV4_BLUETOOTH_PROTOCOL_BASE_ROADMAP_20260719/raspberry/scripts/run-b5-campaign-supervisor.mjs
79ee0dcfae2d2cebf74c01ec219247218d8e2be904e98bd12659f4bb57ad5601	29991	644	ROADMAP_BLUETOOTH/CASSAV4_BLUETOOTH_PROTOCOL_BASE_ROADMAP_20260719/raspberry/scripts/run-b5-direct-control-smoke.mjs
dc686f69b0d076518d964990bff9d53234a292c03417d9bcb14742516f8fb410	78959	644	ROADMAP_BLUETOOTH/CASSAV4_BLUETOOTH_PROTOCOL_BASE_ROADMAP_20260719/raspberry/scripts/run-b5-hundred-session-gate.mjs
da3d9b20a4c72eb029cd172c634f6314a4915cb5448fc3b9216e58092df5d33f	19997	644	ROADMAP_BLUETOOTH/CASSAV4_BLUETOOTH_PROTOCOL_BASE_ROADMAP_20260719/raspberry/scripts/run-b5-mutual-auth-smoke.mjs
6338b2e131fb39e675524f271fdd3d24a1fe1184c8242acf87473b393e4fad2b	29538	644	ROADMAP_BLUETOOTH/CASSAV4_BLUETOOTH_PROTOCOL_BASE_ROADMAP_20260719/raspberry/scripts/run-b5-promotion-gate.mjs
3288a2f5d333daf11e3b2cbf7eca15e6b3179dcd6d0fc4ed7aa7f5a19d4005a1	31304	644	ROADMAP_BLUETOOTH/CASSAV4_BLUETOOTH_PROTOCOL_BASE_ROADMAP_20260719/raspberry/scripts/run-b5-raspberry-gatt-smoke.mjs
2310a36003f027cc10319068e972f2f3df10e704dc5ef4a6c76194d44f2846bb	3712	644	ROADMAP_BLUETOOTH/CASSAV4_BLUETOOTH_PROTOCOL_BASE_ROADMAP_20260719/raspberry/scripts/test_register_advertisement_v1.py
fdfe0ce0524c09947443f0529f13deedc6d8195a40c80edeaf6fafcc6398db9d	9187	644	ROADMAP_BLUETOOTH/CASSAV4_BLUETOOTH_PROTOCOL_BASE_ROADMAP_20260719/raspberry/src/backend/BackendHealthProbe.ts
e19f231cbdf33f05b72bf99a9ac2b29c867aecf30f56529782846ef9ae806452	2538	644	ROADMAP_BLUETOOTH/CASSAV4_BLUETOOTH_PROTOCOL_BASE_ROADMAP_20260719/raspberry/src/backend/BluetoothNodeRegistryProjection.ts
1d47e922fb08adedfc3da31e10ccc401054eab32093b6517e75848bb3102af90	10052	644	ROADMAP_BLUETOOTH/CASSAV4_BLUETOOTH_PROTOCOL_BASE_ROADMAP_20260719/raspberry/src/backend/BluetoothShadowIngress.ts
f66e52a17c466472fb6ae349d6af064ecab978981fece4cb2a44e5e1d9e8adbe	3412	644	ROADMAP_BLUETOOTH/CASSAV4_BLUETOOTH_PROTOCOL_BASE_ROADMAP_20260719/raspberry/src/backend/CommandBusShadowAdapter.ts
f6f619e92a36528ffcef6b22ed1cd6a40429781258f15570155ebee17581fb69	10610	644	ROADMAP_BLUETOOTH/CASSAV4_BLUETOOTH_PROTOCOL_BASE_ROADMAP_20260719/raspberry/src/bluez/BluezAdapter.ts
f74bb99d7a10b6749e177d184152a9dd3044f57733cc2c331d44caa7bb409341	5628	644	ROADMAP_BLUETOOTH/CASSAV4_BLUETOOTH_PROTOCOL_BASE_ROADMAP_20260719/raspberry/src/bluez/BluezDbusPort.ts
a4bbe4d5b0401a87c0390cd1839ba085e047c31046d92a9dee4f128087198609	1860	644	ROADMAP_BLUETOOTH/CASSAV4_BLUETOOTH_PROTOCOL_BASE_ROADMAP_20260719/raspberry/src/bluez/BluezGattServerPort.ts
835fcdbc02cdafb26537b3b4a1727beda4465902d1c4fbf95eb70ddb1530fac3	15543	644	ROADMAP_BLUETOOTH/CASSAV4_BLUETOOTH_PROTOCOL_BASE_ROADMAP_20260719/raspberry/src/bluez/DbusNextBluezPort.ts
cefddb8e5f72b8c06926ca5d3aa6404fa1fd12df55f022def5fb3688b5d50f8c	16896	644	ROADMAP_BLUETOOTH/CASSAV4_BLUETOOTH_PROTOCOL_BASE_ROADMAP_20260719/raspberry/src/bluez/DbusNextGattServerPort.ts
fa07a2d16776a3d39693413dd2a0f646ff9be6820ece8a84632b1fd36433d957	21277	644	ROADMAP_BLUETOOTH/CASSAV4_BLUETOOTH_PROTOCOL_BASE_ROADMAP_20260719/raspberry/src/bluez/DbusNextLeAdvertisementPort.ts
cb7c5b9305f77856356e8c5bb28f17c81bc8ac253a59b494b8e7a56df1e7da09	22844	644	ROADMAP_BLUETOOTH/CASSAV4_BLUETOOTH_PROTOCOL_BASE_ROADMAP_20260719/raspberry/src/bluez/GattApplication.ts
2932598b65e902e789c99e43fd4bb51f128122e6132623f79ac4dc28daf8afb0	27884	644	ROADMAP_BLUETOOTH/CASSAV4_BLUETOOTH_PROTOCOL_BASE_ROADMAP_20260719/raspberry/src/bluez/LeAdvertiser.ts
c825f29625b64a959c9c5e2dd3c54f0b431396e91e8691c6b8f66e5360cff3fe	9759	644	ROADMAP_BLUETOOTH/CASSAV4_BLUETOOTH_PROTOCOL_BASE_ROADMAP_20260719/raspberry/src/config/NodeConfig.ts
321061eab0096d7ddaf06fbc19cb6edcbc333a2d996b51c89ab733e5ae7ee149	871	644	ROADMAP_BLUETOOTH/CASSAV4_BLUETOOTH_PROTOCOL_BASE_ROADMAP_20260719/raspberry/src/discovery/PeerRegistry.ts
57e394c626295a644091c5b8d3f05c8b9eb190ab5951c415f95d93380a692387	3020	644	ROADMAP_BLUETOOTH/CASSAV4_BLUETOOTH_PROTOCOL_BASE_ROADMAP_20260719/raspberry/src/discovery/PeerScanner.ts
688501d8dc5d7fd82d378484f021cee0d6e6aafbd3d1b5aad28097783b7d5867	2103	644	ROADMAP_BLUETOOTH/CASSAV4_BLUETOOTH_PROTOCOL_BASE_ROADMAP_20260719/raspberry/src/gatt/CassaGattService.ts
bf933e4ced69381264a41d04dfe242158ec61ad85233ab8cc3dcb8ee727bb750	9763	644	ROADMAP_BLUETOOTH/CASSAV4_BLUETOOTH_PROTOCOL_BASE_ROADMAP_20260719/raspberry/src/index.ts
317c4850958c245df38bd6fd4f7467eb0933916bad379ab2a6ef90024995cfcd	11606	644	ROADMAP_BLUETOOTH/CASSAV4_BLUETOOTH_PROTOCOL_BASE_ROADMAP_20260719/raspberry/src/metrics/BluetoothMetricsReporterV1.ts
1de7308fe02fede75e7fbceb6c34b50e5e70fcaf37ba5ea83f6320095f8582cc	3777	644	ROADMAP_BLUETOOTH/CASSAV4_BLUETOOTH_PROTOCOL_BASE_ROADMAP_20260719/raspberry/src/metrics/MetricsRegistry.ts
f42f1913f8fea764b6b6934edcdace30f72350ae589986da1b8059b0375e62bf	16230	644	ROADMAP_BLUETOOTH/CASSAV4_BLUETOOTH_PROTOCOL_BASE_ROADMAP_20260719/raspberry/src/node/BluetoothTransportRuntimeV1.ts
8b594c88d232b2f40487d9d9a8b1a717579d4bf529045afce9a26c9384eef94b	9111	644	ROADMAP_BLUETOOTH/CASSAV4_BLUETOOTH_PROTOCOL_BASE_ROADMAP_20260719/raspberry/src/node/BluezNode.ts
ca45e3467ac1e0401398eff08ecea03e6bf18d11b6ef755e1e343b61cb0c727f	18581	644	ROADMAP_BLUETOOTH/CASSAV4_BLUETOOTH_PROTOCOL_BASE_ROADMAP_20260719/raspberry/src/protocol/FrameCodec.ts
15b9a0a284ee936a55186a6fb29f87420cf288a856b24f2d032e325487c2078a	22805	644	ROADMAP_BLUETOOTH/CASSAV4_BLUETOOTH_PROTOCOL_BASE_ROADMAP_20260719/raspberry/src/protocol/ReliableChannel.ts
41608b2706d243367f89882ab66b1a4e5884d55c689612ba95d416e7075e3fe7	9013	644	ROADMAP_BLUETOOTH/CASSAV4_BLUETOOTH_PROTOCOL_BASE_ROADMAP_20260719/raspberry/src/routing/RouteAdvertisementV1.ts
a02255e595ae9bc2de270fa305114fa5cf50c449c5b27e1858dc0822825f34f0	790	644	ROADMAP_BLUETOOTH/CASSAV4_BLUETOOTH_PROTOCOL_BASE_ROADMAP_20260719/raspberry/src/routing/RouteHealthBudgetV1.ts
fb8548c9813562ad35cc755587063b3f7d5e97879a0852614f29d2b6f85faf98	131	644	ROADMAP_BLUETOOTH/CASSAV4_BLUETOOTH_PROTOCOL_BASE_ROADMAP_20260719/raspberry/src/security/DeviceRegistry.ts
15ffaf3ac8464010649272956541e46124c9f5744ea6e47c9fae3d2b392e4e7f	26976	644	ROADMAP_BLUETOOTH/CASSAV4_BLUETOOTH_PROTOCOL_BASE_ROADMAP_20260719/raspberry/src/security/DirectControlHandshakeV1.ts
59b2979b6560f66a9155f5a78d8331804daa194400fb22524ad961cf9b717c78	6259	644	ROADMAP_BLUETOOTH/CASSAV4_BLUETOOTH_PROTOCOL_BASE_ROADMAP_20260719/raspberry/src/security/Handshake.ts
3d8857296febaca997b569853296a5bb22282a252f324a20ec4b8526c2cc7b4f	4708	644	ROADMAP_BLUETOOTH/CASSAV4_BLUETOOTH_PROTOCOL_BASE_ROADMAP_20260719/raspberry/src/security/PeerTrustAuthorityKeyFileV1.ts
28ea87775fcf9407d418b56118130ab8d8b0ea54211054d7084d3116074ff7ae	5052	644	ROADMAP_BLUETOOTH/CASSAV4_BLUETOOTH_PROTOCOL_BASE_ROADMAP_20260719/raspberry/src/security/PeerTrustDirectoryPublisherV1.ts
e7ae0362f0c2a8f996b38c3df5d9d842a96ad9d69ccae21cd9d76d07735fdf66	4739	644	ROADMAP_BLUETOOTH/CASSAV4_BLUETOOTH_PROTOCOL_BASE_ROADMAP_20260719/raspberry/src/security/PeerTrustDirectoryRuntimeV1.ts
e6e33625846591d7dca8ea51e6140f4398c11260d69dd8ca2a117ce6de1ec49e	3798	644	ROADMAP_BLUETOOTH/CASSAV4_BLUETOOTH_PROTOCOL_BASE_ROADMAP_20260719/raspberry/src/security/PeerTrustPublishedDirectoryStoreV1.ts
6df8b1af222cf557bbf5fc1f6ec76a0f02ac50ddb1bfdcebec0c677ab06bfb89	63443	644	ROADMAP_BLUETOOTH/CASSAV4_BLUETOOTH_PROTOCOL_BASE_ROADMAP_20260719/raspberry/src/session/GattHelloExchangeV1.ts
38329f37d2c95e3e1d9f3c5fc666ab264809026570cc0d4ceca352fefc0681e1	10229	644	ROADMAP_BLUETOOTH/CASSAV4_BLUETOOTH_PROTOCOL_BASE_ROADMAP_20260719/raspberry/src/session/GattReliableDataPlaneV1.ts
c77fdcea3a0f96ae4b3cf3548ff8da6e0a5f0b3eec001f1baf981b04909b5a9d	68	644	ROADMAP_BLUETOOTH/CASSAV4_BLUETOOTH_PROTOCOL_BASE_ROADMAP_20260719/raspberry/src/session/SessionManager.ts
5e5cd3b15c165bd793084d5ccd1e18c1dede4b517a126f9cf00abd51f70fcda7	26760	644	ROADMAP_BLUETOOTH/CASSAV4_BLUETOOTH_PROTOCOL_BASE_ROADMAP_20260719/raspberry/src/storage/BluetoothTransportStore.ts
f3c421f792258321b7ac12a01e9057f3cbe8e66b67038d77f2893130635fa0ec	1172	644	ROADMAP_BLUETOOTH/CASSAV4_BLUETOOTH_PROTOCOL_BASE_ROADMAP_20260719/raspberry/systemd/cassav5bt-bluetooth-enrollment.service
49b80a15e5c7e4a9f1f6288372c93b710d506895453907329a61ee6b40ff6381	1756	644	ROADMAP_BLUETOOTH/CASSAV4_BLUETOOTH_PROTOCOL_BASE_ROADMAP_20260719/raspberry/systemd/cassav5bt-bluetooth-node.service
5b6bd26426b9cb78b11c8ce96227e4dc1cf2f0966b9f7fd80ce5770bb01e8ad2	6614	644	ROADMAP_BLUETOOTH/CASSAV4_BLUETOOTH_PROTOCOL_BASE_ROADMAP_20260719/raspberry/test/b11-hybrid-report-validation.test.mjs
6712c1d63df4eb75cba88ad0841379d407e1b053232721f4f78934f6074d0c85	25890	644	ROADMAP_BLUETOOTH/CASSAV4_BLUETOOTH_PROTOCOL_BASE_ROADMAP_20260719/raspberry/test/b11-mixed-physical-virtual-non-gate.test.mjs
1fe27610f63bc12d7f7989c0c63fe8c93b7eb86da7a6df3ba08515e4a3660375	15127	644	ROADMAP_BLUETOOTH/CASSAV4_BLUETOOTH_PROTOCOL_BASE_ROADMAP_20260719/raspberry/test/b11-software-non-gate.test.mjs
ac042645ffcf86a65d21e05ef2c67428b42a9ba0a766c9501c3e614c43009542	3688	644	ROADMAP_BLUETOOTH/CASSAV4_BLUETOOTH_PROTOCOL_BASE_ROADMAP_20260719/raspberry/test/b11-virtual-business-workload.test.mjs
15fc3bab12c0fc75b6bb040983bfab4839ee860fc36ddbd7fea3f6db5ff486b1	11340	644	ROADMAP_BLUETOOTH/CASSAV4_BLUETOOTH_PROTOCOL_BASE_ROADMAP_20260719/raspberry/test/b4-physical-servicedata-gate.test.mjs
f1af9663f0b9ad8b17cf66d28a15872e414792889b8da003b9e87aaaf4688a6e	21363	644	ROADMAP_BLUETOOTH/CASSAV4_BLUETOOTH_PROTOCOL_BASE_ROADMAP_20260719/raspberry/test/b4-ten-device-gate.test.mjs
f15368748d75007d545c174dedffb55b093b7fa34db454f8fd48a3388d1c61e2	5511	644	ROADMAP_BLUETOOTH/CASSAV4_BLUETOOTH_PROTOCOL_BASE_ROADMAP_20260719/raspberry/test/b5-android-hello-smoke.test.mjs
ac354c72aea570b5e656e9cf5cdc5e5a8d66319b1bc6170ac1d4a9eab7c40202	26219	644	ROADMAP_BLUETOOTH/CASSAV4_BLUETOOTH_PROTOCOL_BASE_ROADMAP_20260719/raspberry/test/b5-campaign-supervisor.test.mjs
a96e77ad97a217e68b482bd1f0675c89294644c286a7bce88e9068c9292ce205	59891	644	ROADMAP_BLUETOOTH/CASSAV4_BLUETOOTH_PROTOCOL_BASE_ROADMAP_20260719/raspberry/test/b5-direct-control-session-collector.test.mjs
201f23f8b02818fb1452d4f303c1b1abbd79e910ad1ab95d78ecf4fe9f4a7c92	13810	644	ROADMAP_BLUETOOTH/CASSAV4_BLUETOOTH_PROTOCOL_BASE_ROADMAP_20260719/raspberry/test/b5-direct-control-smoke.test.mjs
0fc245749ba6c61b1293d29be25c73d2ed36bf1aa2524a45d746d26a9fff7910	17154	644	ROADMAP_BLUETOOTH/CASSAV4_BLUETOOTH_PROTOCOL_BASE_ROADMAP_20260719/raspberry/test/b5-gatt-physical-smoke.test.mjs
77fbac191e99124f2a75b5311570a8b2125609348243a5c1040f283f4a1a705b	49435	644	ROADMAP_BLUETOOTH/CASSAV4_BLUETOOTH_PROTOCOL_BASE_ROADMAP_20260719/raspberry/test/b5-hundred-session-gate.test.mjs
e4fb68291b5f3b9c767addcfca1a5cd8be89e4a799dc289648240fb40811c761	2335	644	ROADMAP_BLUETOOTH/CASSAV4_BLUETOOTH_PROTOCOL_BASE_ROADMAP_20260719/raspberry/test/b5-mutual-auth-smoke.test.mjs
9eda39a978fb7c7101e8349821ed859d7ccb6b126c00ad0631d084996b19774d	30036	644	ROADMAP_BLUETOOTH/CASSAV4_BLUETOOTH_PROTOCOL_BASE_ROADMAP_20260719/raspberry/test/b5-promotion-gate.test.mjs
6e59b8e35c64858887b4f8bfa885ca0e16b92d5eb856d4005782c2e581e380d3	5182	644	ROADMAP_BLUETOOTH/CASSAV4_BLUETOOTH_PROTOCOL_BASE_ROADMAP_20260719/raspberry/test/backend-health-probe.test.mjs
493fa58e8d0e507244aef9c4358eb43b499b72100da85c1b0ac7a99ec1e3019f	8380	644	ROADMAP_BLUETOOTH/CASSAV4_BLUETOOTH_PROTOCOL_BASE_ROADMAP_20260719/raspberry/test/bluetooth-metrics-reporter.test.mjs
e7f383145df4ae69bb9cb0a9a1de013b4ec4b2627fdae24ee39908146a1c65ea	1682	644	ROADMAP_BLUETOOTH/CASSAV4_BLUETOOTH_PROTOCOL_BASE_ROADMAP_20260719/raspberry/test/bluetooth-node-registry-projection.test.mjs
2ebb1b0dfe9f0d8ee54f9da2d5b45cced368ce72ebd99771dd44e7a9c5a8d2a4	8182	644	ROADMAP_BLUETOOTH/CASSAV4_BLUETOOTH_PROTOCOL_BASE_ROADMAP_20260719/raspberry/test/bluetooth-shadow-ingress.test.mjs
dfd99a9b47af12fc258ac8c504be03a6725ea0078d7eeefdfe9aab78a3fa24c5	10555	644	ROADMAP_BLUETOOTH/CASSAV4_BLUETOOTH_PROTOCOL_BASE_ROADMAP_20260719/raspberry/test/bluetooth-transport-runtime.test.mjs
90bfa53653cd4edb534af575178f2bae8f5be0ab8f6d02af1c88ee07f5687c18	14520	644	ROADMAP_BLUETOOTH/CASSAV4_BLUETOOTH_PROTOCOL_BASE_ROADMAP_20260719/raspberry/test/bluetooth-transport-store.test.mjs
7995ed16da5adb0ac70cf10ff6271fbd05f6c72e3d0097e56215e4c34d325dd8	8165	644	ROADMAP_BLUETOOTH/CASSAV4_BLUETOOTH_PROTOCOL_BASE_ROADMAP_20260719/raspberry/test/bluez-adapter.test.mjs
d1d73a5dc3d7237a12aede8f16b1cb4bd7a13cf2c99869576f47d96962889a38	8880	644	ROADMAP_BLUETOOTH/CASSAV4_BLUETOOTH_PROTOCOL_BASE_ROADMAP_20260719/raspberry/test/bluez-dbus-port.test.mjs
2a817e224c0a97b9562c86db83dd063e9f49a9dda2fa6603b52fa526da584124	17103	644	ROADMAP_BLUETOOTH/CASSAV4_BLUETOOTH_PROTOCOL_BASE_ROADMAP_20260719/raspberry/test/bluez-node.test.mjs
717540f259f26cccb60519a5efda388be91e035f842e75f384cad48973b8d096	14408	644	ROADMAP_BLUETOOTH/CASSAV4_BLUETOOTH_PROTOCOL_BASE_ROADMAP_20260719/raspberry/test/direct-control-handshake.test.mjs
63437b8f68107e78789c58250931387e6cc432356e323656987f45271cb587fe	6592	644	ROADMAP_BLUETOOTH/CASSAV4_BLUETOOTH_PROTOCOL_BASE_ROADMAP_20260719/raspberry/test/frame-codec.test.mjs
c857c04e59eb0da7d77a7b6f0c00fd387445058626feec8e01e874cdc0896743	11556	644	ROADMAP_BLUETOOTH/CASSAV4_BLUETOOTH_PROTOCOL_BASE_ROADMAP_20260719/raspberry/test/gatt-application.test.mjs
5d705aeec45cd788a3bcbaff32d91001885e3816e8272cf1e6c00b0f7ef675f8	21935	644	ROADMAP_BLUETOOTH/CASSAV4_BLUETOOTH_PROTOCOL_BASE_ROADMAP_20260719/raspberry/test/gatt-direct-control.test.mjs
c177839b40f3bd33967c9a2fc57efa1fc5de74b647867663735fe02ee0549a6f	8766	644	ROADMAP_BLUETOOTH/CASSAV4_BLUETOOTH_PROTOCOL_BASE_ROADMAP_20260719/raspberry/test/gatt-hello-exchange.test.mjs
46a2009362198e0576c11c677c7c57e0c65780fa9758317ed0c10f27b75a69a6	9019	644	ROADMAP_BLUETOOTH/CASSAV4_BLUETOOTH_PROTOCOL_BASE_ROADMAP_20260719/raspberry/test/gatt-mutual-auth.test.mjs
0331f681fb3ba88151c9b5dad68a1f86f4ef65a5ee64d26d1a456607f87b5f99	7393	644	ROADMAP_BLUETOOTH/CASSAV4_BLUETOOTH_PROTOCOL_BASE_ROADMAP_20260719/raspberry/test/gatt-reliable-data-plane.test.mjs
ef5bca0b483270aef3d2202777a6475d6ffe8f523bed15d83e7f012b7c3dddf0	10471	644	ROADMAP_BLUETOOTH/CASSAV4_BLUETOOTH_PROTOCOL_BASE_ROADMAP_20260719/raspberry/test/gatt-server-port.test.mjs
9a52ee4ee5429cf917906e201c21765c57342308957c7ab7216c5c153463894a	7081	644	ROADMAP_BLUETOOTH/CASSAV4_BLUETOOTH_PROTOCOL_BASE_ROADMAP_20260719/raspberry/test/le-advertiser-dbus-port.test.mjs
5b58c64e401b77ad451540bfa6cb904ef748940008b98aa332b34735460520df	10354	644	ROADMAP_BLUETOOTH/CASSAV4_BLUETOOTH_PROTOCOL_BASE_ROADMAP_20260719/raspberry/test/le-advertiser.test.mjs
69b63fb557dbbb23487a6d65b4b8e4af4b0944e100400ae9765348aaa80556de	7063	644	ROADMAP_BLUETOOTH/CASSAV4_BLUETOOTH_PROTOCOL_BASE_ROADMAP_20260719/raspberry/test/mutual-auth-handshake.test.mjs
7b424f44c3af5ecdc06156a08e4e8c6a6e5e775f2861f3104ee15882db559f34	4069	644	ROADMAP_BLUETOOTH/CASSAV4_BLUETOOTH_PROTOCOL_BASE_ROADMAP_20260719/raspberry/test/peer-trust-authority-key-file.test.mjs
ec38f7237e38e1ba26e3af1f3e90a1b40813a3ef974bf8c2f17bd748d99ada3f	2281	644	ROADMAP_BLUETOOTH/CASSAV4_BLUETOOTH_PROTOCOL_BASE_ROADMAP_20260719/raspberry/test/peer-trust-directory-publisher.test.mjs
b8f1bf9f40ce45dcba856943c5c29f739fff2c3ea877e37149e6f9f554ed0565	4628	644	ROADMAP_BLUETOOTH/CASSAV4_BLUETOOTH_PROTOCOL_BASE_ROADMAP_20260719/raspberry/test/peer-trust-directory-runtime.test.mjs
e55eaad9f30bd4b5031d6c8fe2fa44139f5410462178542e8a88fc76285a2a4d	12051	644	ROADMAP_BLUETOOTH/CASSAV4_BLUETOOTH_PROTOCOL_BASE_ROADMAP_20260719/raspberry/test/reliable-channel.test.mjs
b19ddee17486fbe7553422039031a647bc08b41306bb357eb133f89d3f24ce43	4391	644	ROADMAP_BLUETOOTH/CASSAV4_BLUETOOTH_PROTOCOL_BASE_ROADMAP_20260719/raspberry/test/route-advertisement.test.mjs
ab132c8e5d04c5368deb3625363c865081f2a6139e48fa04522a4d8fad742f86	429	644	ROADMAP_BLUETOOTH/CASSAV4_BLUETOOTH_PROTOCOL_BASE_ROADMAP_20260719/raspberry/tsconfig.json
f954e7d72b865a8583dcd864fc906e6dcc2afefd9e679b02dd9bff10c2df249a	871	644	ROADMAP_BLUETOOTH/CASSAV4_BLUETOOTH_PROTOCOL_BASE_ROADMAP_20260719/references/OFFICIAL_REFERENCES.md
e3b0c44298fc1c149afbf4c8996fb92427ae41e4649b934ca495991b7852b855	0	644	ROADMAP_BLUETOOTH/CASSAV4_BLUETOOTH_PROTOCOL_BASE_ROADMAP_20260719/reports/.gitkeep
f0dccf207228577634d874b913ca1f170e10a12d155bd9acb4896ad13376e46f	2367	644	ROADMAP_BLUETOOTH/CASSAV4_BLUETOOTH_PROTOCOL_BASE_ROADMAP_20260719/reports/B0_ANDROID_CAPABILITY_IMPLEMENTATION_20260719.md
fc014f852d6d2a1713aedc801dfea54ecc317aa5ec91ad1de6a686f32d8b26eb	3461	644	ROADMAP_BLUETOOTH/CASSAV4_BLUETOOTH_PROTOCOL_BASE_ROADMAP_20260719/reports/B0_ANDROID_IMPLEMENTATION_20260719.md
b709b003c9d7d2c7695e4dbf98a48a2c672dab309aff7410370e406f0fbb8e03	4334	644	ROADMAP_BLUETOOTH/CASSAV4_BLUETOOTH_PROTOCOL_BASE_ROADMAP_20260719/reports/B0_RASPBERRY_HARDWARE_INVENTORY_20260719.md
50b6dec3279ba58d82f995c2682c5dd502e52e29a9fdac533e737c4cd8c1204f	5623	644	ROADMAP_BLUETOOTH/CASSAV4_BLUETOOTH_PROTOCOL_BASE_ROADMAP_20260719/reports/B1_ADVERTISEMENT_PROTOCOL_GATE_20260719.md
d9248e0dcdad92838486b2fafe39b4c08300680da4908a0d9ef91008f092d80c	5294	644	ROADMAP_BLUETOOTH/CASSAV4_BLUETOOTH_PROTOCOL_BASE_ROADMAP_20260719/reports/B1_ANDROID_IDENTITY_GATE_20260719.md
962662e7a690020ac7b6c50e4d3512a558abcd56e8082b916ddf3f7170ecfab9	8766	644	ROADMAP_BLUETOOTH/CASSAV4_BLUETOOTH_PROTOCOL_BASE_ROADMAP_20260719/reports/B1_NATIVE_ENROLLMENT_TRANSPORT_20260720.md
31f3c868b2563454b456ed60a7f9bf72794b8c884358347f691829ef7bc13e34	5355	644	ROADMAP_BLUETOOTH/CASSAV4_BLUETOOTH_PROTOCOL_BASE_ROADMAP_20260719/reports/B1_RASPBERRY_CONTROLLER_CAPTURE_20260719.md
d6c4a0c8998f08bc1fcefc0e76dafe4904a0568e6c0a4f26f2a905bb52ac0b39	6915	644	ROADMAP_BLUETOOTH/CASSAV4_BLUETOOTH_PROTOCOL_BASE_ROADMAP_20260719/reports/B1_REGISTRY_ENROLLMENT_GATE_20260719.md
187b98525ed677bdbdef01b590d0c2b7df213e4652a6970891c635329b1947a3	4588	644	ROADMAP_BLUETOOTH/CASSAV4_BLUETOOTH_PROTOCOL_BASE_ROADMAP_20260719/reports/B2_ANDROID_ADB_HARNESS_20260720.md
589aac1705df16ea6a656883b545d55c3637a63c9887c6f65c9e9337b86ad95c	13530	644	ROADMAP_BLUETOOTH/CASSAV4_BLUETOOTH_PROTOCOL_BASE_ROADMAP_20260719/reports/B2_ANDROID_DISCOVERY_IMPLEMENTATION_20260719.md
c7bc293305b5e929a8b95e6efea44cb4178f0dd36e4db32c693ba01ac9d1f744	5865	644	ROADMAP_BLUETOOTH/CASSAV4_BLUETOOTH_PROTOCOL_BASE_ROADMAP_20260719/reports/B2_DISCOVERY_CORE_GATE_20260719.md
9067f933c2c37b9f3ad19ff04448f036dd384d0248c764d1e3c2b1b5c2434e6a	9114	644	ROADMAP_BLUETOOTH/CASSAV4_BLUETOOTH_PROTOCOL_BASE_ROADMAP_20260719/reports/B3_ANDROID_CONNECTIVITY_AGENT_20260720.md
4bf035baf44a0ab92a0577f55e1107b7063b81aa143a918f72a87103ff37438d	3582	644	ROADMAP_BLUETOOTH/CASSAV4_BLUETOOTH_PROTOCOL_BASE_ROADMAP_20260719/reports/B4_3_RASPBERRY_PHYSICAL_SERVICEDATA_20260720.md
d3459d3a924eae571ae0b56ea55222db2a3910ec70e09ca90f712d82df731df7	2438	644	ROADMAP_BLUETOOTH/CASSAV4_BLUETOOTH_PROTOCOL_BASE_ROADMAP_20260719/reports/B4_4_PHYSICAL_COLLECTION_PROGRESS_20260720.md
704e6595ac641c569dffe3c91ca8be6c7015f51e14e968c8706f347135ca89c6	2960	644	ROADMAP_BLUETOOTH/CASSAV4_BLUETOOTH_PROTOCOL_BASE_ROADMAP_20260719/reports/B4_4_TEN_DEVICE_GATE_HARNESS_20260720.md
a259e50b27668a8fc20061fe8dceb35013bb082a11132509071b313d0930c30c	6114	644	ROADMAP_BLUETOOTH/CASSAV4_BLUETOOTH_PROTOCOL_BASE_ROADMAP_20260719/reports/B4_RASPBERRY_BLUEZ_DBUS_ADAPTER_20260720.md
4150ccc4f329be3aa8a8d02f4b5256593f0a4ebfbe4122ee212df9e3fc1ef106	3460	644	ROADMAP_BLUETOOTH/CASSAV4_BLUETOOTH_PROTOCOL_BASE_ROADMAP_20260719/reports/B4_RASPBERRY_BLUEZ_NODE_CORE_20260720.md
aeba4cb9fb4f5dabf0e85f7030c1f6ca9c62fe58f717cd7e41409ce6cb926a92	3141	644	ROADMAP_BLUETOOTH/CASSAV4_BLUETOOTH_PROTOCOL_BASE_ROADMAP_20260719/reports/B5_1_DIRECT_SESSION_CORE_20260720.md
1e6b5b3d6e5879fc51c416390a762538345a916d3495c1cd249da3ad27f1c52e	3021	644	ROADMAP_BLUETOOTH/CASSAV4_BLUETOOTH_PROTOCOL_BASE_ROADMAP_20260719/reports/B5_2_RASPBERRY_GATT_SERVER_20260720.md
5d18b5660b7eece601e16bcb59271f9bd96363565234d9d21fb0da1fab278b3e	2575	644	ROADMAP_BLUETOOTH/CASSAV4_BLUETOOTH_PROTOCOL_BASE_ROADMAP_20260719/reports/B5_3_RASPBERRY_GATT_PHYSICAL_20260720.md
62ca607b91bd2ae23cd6f28883dccaa7ad3756834b8866f6671e25c04d9b40bd	4295	644	ROADMAP_BLUETOOTH/CASSAV4_BLUETOOTH_PROTOCOL_BASE_ROADMAP_20260719/reports/B5_4_ANDROID_GATT_CLIENT_20260720.md
0327db8d9ef0fc9c6180b1f114916ebfdbd9b53d585bf2508b91fee20224bf9e	3907	644	ROADMAP_BLUETOOTH/CASSAV4_BLUETOOTH_PROTOCOL_BASE_ROADMAP_20260719/reports/B5_5_ANDROID_RASPBERRY_HELLO_20260720.md
981c68ce88d1c2be0672c765e8b0db26c78a0a615090bfd657948a858e42a326	3449	644	ROADMAP_BLUETOOTH/CASSAV4_BLUETOOTH_PROTOCOL_BASE_ROADMAP_20260719/reports/B5_6_MUTUAL_AUTH_20260721.md
89172bb01a86094722eac023e0dce56c18b5ed2a24abca756729461c6b65f20e	2895	644	ROADMAP_BLUETOOTH/CASSAV4_BLUETOOTH_PROTOCOL_BASE_ROADMAP_20260719/reports/B5_7_DIRECT_CONTROL_20260721.md
200453e40676bb155d4bfab07108703fa9ff21a9a477492c088df5932141242b	4535	644	ROADMAP_BLUETOOTH/CASSAV4_BLUETOOTH_PROTOCOL_BASE_ROADMAP_20260719/reports/B5_HUNDRED_SESSION_GATE_PREPARATION_20260803.md
9e0f6f077d4f35937eb3191b507c04965f776430ac7a25b9a690e9e4142af588	7171	644	ROADMAP_BLUETOOTH/CASSAV4_BLUETOOTH_PROTOCOL_BASE_ROADMAP_20260719/reports/B5_OFFLINE_CAMPAIGN_GOVERNANCE_20260803.md
df62235b70e61598cf4254285cf629d8eb4d017e24ab5dccfe97108dbbb6f864	4813	644	ROADMAP_BLUETOOTH/CASSAV4_BLUETOOTH_PROTOCOL_BASE_ROADMAP_20260719/reports/B5_OFFLINE_CERTIFICATION_HARDENING_20260803.md
887da7f6fe4efd80ddcb4d4bc0f2131351aae732ebeff88ffdabff1eac49e560	6657	644	ROADMAP_BLUETOOTH/CASSAV4_BLUETOOTH_PROTOCOL_BASE_ROADMAP_20260719/reports/B5_OFFLINE_EVIDENCE_BINDING_20260803.md
f63ef1624226a67de2cf0144bddf73dc18b1f67ecfff1024d48983d5dd9725cc	5575	644	ROADMAP_BLUETOOTH/CASSAV4_BLUETOOTH_PROTOCOL_BASE_ROADMAP_20260719/reports/V5BT_ANDROID_ENROLLMENT_DISCOVERY_BUILD_20260720.md
1b97452757bfe283dd2fd9ba09d03f8ad01b4833b5dacd2240b01caa6d09d4f0	6124	644	ROADMAP_BLUETOOTH/CASSAV4_BLUETOOTH_PROTOCOL_BASE_ROADMAP_20260719/reports/V5BT_B0_B2_TWO_HANDHELD_PHYSICAL_DIAGNOSTIC_20260805.md
39578b482b8ce2bc3d947bbbec9b5e16aa15ab2fadf57f2c0b92d723240bc0f6	2778	644	ROADMAP_BLUETOOTH/CASSAV4_BLUETOOTH_PROTOCOL_BASE_ROADMAP_20260719/reports/V5BT_B0_B3_FORMAL_OFFLINE_READINESS_20260805.md
b509cb32b0a71a61edd8f0f2da73dc4d1f66aafc4788ed4bdcc06f44e90f90e2	4985	600	ROADMAP_BLUETOOTH/CASSAV4_BLUETOOTH_PROTOCOL_BASE_ROADMAP_20260719/reports/V5BT_B11_MAXIMUM_MIXED_PHYSICAL_VIRTUAL_NON_GATE_20260818.json
ef669a50cf45dac839dd3c722a1061972fa39e1c994fd2330cb4826e08ad0346	4341	644	ROADMAP_BLUETOOTH/CASSAV4_BLUETOOTH_PROTOCOL_BASE_ROADMAP_20260719/reports/V5BT_B11_MAXIMUM_MIXED_PHYSICAL_VIRTUAL_NON_GATE_20260818.md
a439a52f1d7b2405359509f7c715a5f68ea7f673b0d86ea1b468f7c02ae0629a	5391	600	ROADMAP_BLUETOOTH/CASSAV4_BLUETOOTH_PROTOCOL_BASE_ROADMAP_20260719/reports/V5BT_B11_MAXIMUM_VIRTUALIZED_SYSTEM_NON_GATE_20260818.json
1f69eb391920d7450adb17ffb8c393e1279013fa6d5d294ff7e0965da8ef1a77	3256	644	ROADMAP_BLUETOOTH/CASSAV4_BLUETOOTH_PROTOCOL_BASE_ROADMAP_20260719/reports/V5BT_B11_MAXIMUM_VIRTUALIZED_SYSTEM_NON_GATE_20260818.md
73225c48e6e864ebbce801fbe1f047762adca0fd6a9c4dfa1f6e68cb7aa7f70d	5618	644	ROADMAP_BLUETOOTH/CASSAV4_BLUETOOTH_PROTOCOL_BASE_ROADMAP_20260719/reports/V5BT_B2_RADIO_HYSTERESIS_20260804.md
50ce2e795aaec1829bbecaf6b6207b12585b5279b6138e02754c34fe01a2a546	3948	644	ROADMAP_BLUETOOTH/CASSAV4_BLUETOOTH_PROTOCOL_BASE_ROADMAP_20260719/reports/V5BT_B4_EIGHT_CHROME_DOM_WORKLOAD_NON_GATE_20260810.md
7e3303e3c77e6cbd282f024f9fb36f5f74634ceb7724e4f326c8a2c7eeb28d15	1928	644	ROADMAP_BLUETOOTH/CASSAV4_BLUETOOTH_PROTOCOL_BASE_ROADMAP_20260719/reports/V5BT_B4_EIGHT_CHROME_GUI_NON_GATE_20260810.md
381c5615bb78148e0501c7744210e0b53d3db88fd7ceb3c578d83a93f8cdba13	3905	644	ROADMAP_BLUETOOTH/CASSAV4_BLUETOOTH_PROTOCOL_BASE_ROADMAP_20260719/reports/V5BT_B4_MATRIX3_LEDGER_INITIALIZATION_20260805.md
90fff7809b76fba8b7ccb4cd9e11f7eda63189321b0654b8ad0241658e916d07	2232	644	ROADMAP_BLUETOOTH/CASSAV4_BLUETOOTH_PROTOCOL_BASE_ROADMAP_20260719/reports/V5BT_B4_MONITORED_PHYSICAL_SLOT_1_20260805.md
26a69b21051ac5ce30d21f20219b8824ae6fc5e43c1c53a3d9fc4b77390ef9db	2523	644	ROADMAP_BLUETOOTH/CASSAV4_BLUETOOTH_PROTOCOL_BASE_ROADMAP_20260719/reports/V5BT_B4_MONITORED_PHYSICAL_SLOT_2_20260805.md
73d18f1b878eca6e3801b891acd90488469d8363475ef5b14f02998d06f924fe	1878	644	ROADMAP_BLUETOOTH/CASSAV4_BLUETOOTH_PROTOCOL_BASE_ROADMAP_20260719/reports/V5BT_B4_TWO_PHYSICAL_EIGHT_SIMULATED_NON_GATE_20260806.md
b1a28b10fa2cf482fb90151338412d48c59a515e11693b1513b0a113d26bfda8	1808	644	ROADMAP_BLUETOOTH/CASSAV4_BLUETOOTH_PROTOCOL_BASE_ROADMAP_20260719/reports/V5BT_B5_WEB_GUI_LOOPBACK_DIAGNOSTIC_20260810.md
f18347d3e590a4c23a9128f0d5dd97540dd7de6e387861ced64758a32cd270ca	16270	644	ROADMAP_BLUETOOTH/CASSAV4_BLUETOOTH_PROTOCOL_BASE_ROADMAP_20260719/reports/V5BT_B6_B11_SOFTWARE_CLOSURE_NON_GATE_20260818.md
f06ecef2b118a6864f0f624d345a26b4b808e3db2222cf268466ce222d81e3a1	4890	644	ROADMAP_BLUETOOTH/CASSAV4_BLUETOOTH_PROTOCOL_BASE_ROADMAP_20260719/reports/V5BT_PALMARE_LAB_RECERTIFICATION_20260804.md
98368fe69b46f12498580135e63db79569e91e04fab6502e77ad38d2b4835906	3081	644	ROADMAP_BLUETOOTH/CASSAV4_BLUETOOTH_PROTOCOL_BASE_ROADMAP_20260719/reports/V5BT_PALMARE_NOTIFICATION_SESSION_PHYSICAL_REGRESSION_20260805.md
e0434f2f191a5c99851feb95866518db4c6dd5053c1ad1ce28a6260e0ae62966	4100	644	ROADMAP_BLUETOOTH/CASSAV4_BLUETOOTH_PROTOCOL_BASE_ROADMAP_20260719/reports/V5BT_PALMARE_NOTIFICATION_SESSION_RECERTIFICATION_20260805.md
7a6ca71489947da722f2c436baa3ee272077206e7e01d10cce55d2b3df9a388f	8055	644	ROADMAP_BLUETOOTH/CASSAV4_BLUETOOTH_PROTOCOL_BASE_ROADMAP_20260719/reports/V5BT_TWO_ANDROID_PHYSICAL_RESUME_20260803.md
5a0b4504a690f8b9fa279c99ec49ca84e6a7902f2500ca34ad713022f0067740	4553	644	ROADMAP_BLUETOOTH/CASSAV4_BLUETOOTH_PROTOCOL_BASE_ROADMAP_20260719/reports/physical/V5BT_API31_COMPAT_PHYSICAL_NON_GATE_20260817.md
90fbadab73e1c62a1557858803de8bdc7f3cfb8fe0b364627aa8d0c1e1a5af4d	4692	644	ROADMAP_BLUETOOTH/CASSAV4_BLUETOOTH_PROTOCOL_BASE_ROADMAP_20260719/reports/physical/V5BT_B0_B2_COOLDOWN_TWO_HANDHELD_PHYSICAL_20260805.md
b57275d16504e7b6a017cd4be38a36883aadb971a665bd46cf71f9c5bbd7c587	7460	600	ROADMAP_BLUETOOTH/CASSAV4_BLUETOOTH_PROTOCOL_BASE_ROADMAP_20260719/reports/physical/V5BT_B11_MIXED_PHYSICAL_ATTESTATION_REDACTED_20260818.json
98229df92e5cf90bdcfe3ee1aab4cd4f46497964cc9c4d09c5ff360fe88ba55d	317	644	ROADMAP_BLUETOOTH/CASSAV4_BLUETOOTH_PROTOCOL_BASE_ROADMAP_20260719/reports/physical/palmare-2-enrollment-discovery-20260720-retry1.json
76f6f6538b3fe8cdbadc1953b41513f98871ee2a73f2e3bbf193b58555ef7ff2	313	644	ROADMAP_BLUETOOTH/CASSAV4_BLUETOOTH_PROTOCOL_BASE_ROADMAP_20260719/reports/physical/palmare-2-enrollment-discovery-20260720.json
90e85edc66d3129786b7f64ef03ac5fa960ac2665391dbb8b2a7d40bfb67e5fd	313	644	ROADMAP_BLUETOOTH/CASSAV4_BLUETOOTH_PROTOCOL_BASE_ROADMAP_20260719/reports/physical/postazione-enrollment-discovery-20260720.json
a714ec498de9a228b2da2433261bfece5cdf872313ff83a6e65d66d99856bac9	5038	644	ROADMAP_BLUETOOTH/CASSAV4_BLUETOOTH_PROTOCOL_BASE_ROADMAP_20260719/reports/physical/v5bt-api31-compat-physical-non-gate-20260817.json
797ecd743e6a1e14c82a8dd22dc6ef463809a4a849d14ff2b340a9436f871474	4022	644	ROADMAP_BLUETOOTH/CASSAV4_BLUETOOTH_PROTOCOL_BASE_ROADMAP_20260719/reports/physical/v5bt-b0-b2-cooldown-postinstall-inventory-redacted-20260805.json
03bc662cecc564e64bb1ffbd9ae73f9271ab4994ba0b3435e7ad7ab9b7acc088	4028	644	ROADMAP_BLUETOOTH/CASSAV4_BLUETOOTH_PROTOCOL_BASE_ROADMAP_20260719/reports/physical/v5bt-b0-b2-cooldown-preinstall-inventory-redacted-20260805.json
1d90de5d816c3cf6b248d34b3020b34f8c45cfe0188e4083b3ba178712eec63f	5275	644	ROADMAP_BLUETOOTH/CASSAV4_BLUETOOTH_PROTOCOL_BASE_ROADMAP_20260719/reports/physical/v5bt-b0-two-handheld-independent-controls-20260804-retry1.json
b7d692a7c35dec0fdb34500ce7d739ed09d10fa371fb4aaae6f27ee6685d4211	5287	644	ROADMAP_BLUETOOTH/CASSAV4_BLUETOOTH_PROTOCOL_BASE_ROADMAP_20260719/reports/physical/v5bt-b0-two-handheld-supplemental-20260803.json
7aac581665ee24cde99dc94577d811868798b67dac4af0d15c94ca0981a8015e	5287	644	ROADMAP_BLUETOOTH/CASSAV4_BLUETOOTH_PROTOCOL_BASE_ROADMAP_20260719/reports/physical/v5bt-b0-two-handheld-supplemental-20260804.json
4969156a14e7ec49364f481d8245666392f1114698054c36838ca4b69b4d02d3	5287	644	ROADMAP_BLUETOOTH/CASSAV4_BLUETOOTH_PROTOCOL_BASE_ROADMAP_20260719/reports/physical/v5bt-b0-two-handheld-supplemental-startup-fix-20260804-retry1.json
f3b4a3216cbaf86889f9979394b513b4e7f60bdcd8adc566642c55cce5d5d4d3	5281	644	ROADMAP_BLUETOOTH/CASSAV4_BLUETOOTH_PROTOCOL_BASE_ROADMAP_20260719/reports/physical/v5bt-b0-two-handheld-v1038-redacted-20260805T054729Z.json
d896e8ecb6433dcb7e47d85e8bfe580351ef59a285dbef78fdbaacb02d58a3e2	5395	644	ROADMAP_BLUETOOTH/CASSAV4_BLUETOOTH_PROTOCOL_BASE_ROADMAP_20260719/reports/physical/v5bt-b0-two-handheld-v1039-redacted-20260805.json
f0bdca5b43893bdb889142558374557cf22aebd26c8e17a67cabdd1c0d72c915	24103	644	ROADMAP_BLUETOOTH/CASSAV4_BLUETOOTH_PROTOCOL_BASE_ROADMAP_20260719/reports/physical/v5bt-b2-two-handheld-characterization-20260804.json
484969e330c7cff457ac0697ac53823e92c606aeb820f70e8d79b5193e706e12	94613	644	ROADMAP_BLUETOOTH/CASSAV4_BLUETOOTH_PROTOCOL_BASE_ROADMAP_20260719/reports/physical/v5bt-b2-two-handheld-cooldown-pilot-v1039-20260805.json
2ac366658af4cd1a7e884606d3014b86c91502fc30652d5f135253cbb1b53b28	3860	644	ROADMAP_BLUETOOTH/CASSAV4_BLUETOOTH_PROTOCOL_BASE_ROADMAP_20260719/reports/physical/v5bt-b2-two-handheld-non-gate-20260803-retry1.json
1dd38f68b14974f6f277dced06302d5321f068cc6ed196ee8bea9cf27bbfa4d6	3799	644	ROADMAP_BLUETOOTH/CASSAV4_BLUETOOTH_PROTOCOL_BASE_ROADMAP_20260719/reports/physical/v5bt-b2-two-handheld-non-gate-20260803-retry2.json
456b0e2f3e3429f3a0e1d1a831e07782f707d90d8d6c70c6b6c0a621343bccce	3766	644	ROADMAP_BLUETOOTH/CASSAV4_BLUETOOTH_PROTOCOL_BASE_ROADMAP_20260719/reports/physical/v5bt-b2-two-handheld-non-gate-20260803.json
f45be5df8416d0213b9b5077e3882026b5569347cadf8f14ed3818dba6dcab07	154182	644	ROADMAP_BLUETOOTH/CASSAV4_BLUETOOTH_PROTOCOL_BASE_ROADMAP_20260719/reports/physical/v5bt-b2-two-handheld-non-gate-20260804-retry3.json
0ea4887e9038d848daad448e1f459bfc6b6a564db7844eef470402b95a6376ef	419095	644	ROADMAP_BLUETOOTH/CASSAV4_BLUETOOTH_PROTOCOL_BASE_ROADMAP_20260719/reports/physical/v5bt-b2-two-handheld-non-gate-hysteresis-20260804.json
dca05b7032025e36aad918ec97c7d930ab41425cf0c54ff929fea64d1c7bac3d	419110	644	ROADMAP_BLUETOOTH/CASSAV4_BLUETOOTH_PROTOCOL_BASE_ROADMAP_20260719/reports/physical/v5bt-b2-two-handheld-non-gate-low-latency-20260804.json
383aa271cfb2a63c7f8e1b8ee5f62696893b0f24ecd9dfbe55d8b87469413a8d	419012	644	ROADMAP_BLUETOOTH/CASSAV4_BLUETOOTH_PROTOCOL_BASE_ROADMAP_20260719/reports/physical/v5bt-b2-two-handheld-non-gate-startup-fix-20260804.json
f851a1f3454ebca12a4e9324006e1be176fee6679855259cbeac1ec5f4f20e95	418814	644	ROADMAP_BLUETOOTH/CASSAV4_BLUETOOTH_PROTOCOL_BASE_ROADMAP_20260719/reports/physical/v5bt-b2-two-handheld-non-gate-v1038-20260805T054729Z.json
4bea1f31c1bd1a67be7474b1acff4a51877cc646a7095840a4508f25463ddf67	2627	644	ROADMAP_BLUETOOTH/CASSAV4_BLUETOOTH_PROTOCOL_BASE_ROADMAP_20260719/reports/physical/v5bt-b4-3-servicedata-gate-20260720.json
52cae8a7126d71073c08802a23c8ecfb8debc7c5b6e0930e217aa83fd54213a7	1601	644	ROADMAP_BLUETOOTH/CASSAV4_BLUETOOTH_PROTOCOL_BASE_ROADMAP_20260719/reports/physical/v5bt-b4-4-collection-progress-20260720.json
15228ad4588e6e0a430a0beef942fc2dcde2924ac0d79af7b7e8eac55f5df2d4	954	644	ROADMAP_BLUETOOTH/CASSAV4_BLUETOOTH_PROTOCOL_BASE_ROADMAP_20260719/reports/physical/v5bt-b5-3-gatt-smoke-20260720.json
69f73d23f4908d65e97e2e5907bc5786217dd154461c1f8b94a9de562d7b0454	1563	644	ROADMAP_BLUETOOTH/CASSAV4_BLUETOOTH_PROTOCOL_BASE_ROADMAP_20260719/reports/physical/v5bt-b5-4-android-gatt-client-20260720.json
9dcd97e0ed3a3ebc121d8e4ca5f0456d67bd021f20a41f138135ed454be9e9c4	644	644	ROADMAP_BLUETOOTH/CASSAV4_BLUETOOTH_PROTOCOL_BASE_ROADMAP_20260719/reports/physical/v5bt-b5-5-android-hello-20260720.json
e5b3c8a90fce2e2ade944414aeaa2866b678d208d0ade9e6744a5a656ef9a321	3941	644	ROADMAP_BLUETOOTH/CASSAV4_BLUETOOTH_PROTOCOL_BASE_ROADMAP_20260719/reports/physical/v5bt-b5-5-multi-device-20260720.json
5e7a74d22de58101d61560f97f512cf4eac67e66fb860ffa3ab62319593a862f	1390	644	ROADMAP_BLUETOOTH/CASSAV4_BLUETOOTH_PROTOCOL_BASE_ROADMAP_20260719/reports/physical/v5bt-b5-5-raspberry-hello-20260720.json
19db8d20ebc653b0206aefb72ab9f4a2871b877ae5045195384462641a15bc50	2249	644	ROADMAP_BLUETOOTH/CASSAV4_BLUETOOTH_PROTOCOL_BASE_ROADMAP_20260719/reports/physical/v5bt-b5-6-enrollment-discovery-two-palmari-20260721.json
aa1df97706e1cdde892c73c4601b5b14423846dbcf28a28f45c973da962ee0ec	1636	644	ROADMAP_BLUETOOTH/CASSAV4_BLUETOOTH_PROTOCOL_BASE_ROADMAP_20260719/reports/physical/v5bt-b5-6-phone-a-20260721.json
9340ab242ef3f393c89de997c7734857540c5468ba6e5e1bf676edf5fb3e9a38	1636	644	ROADMAP_BLUETOOTH/CASSAV4_BLUETOOTH_PROTOCOL_BASE_ROADMAP_20260719/reports/physical/v5bt-b5-6-phone-b-20260721.json
3c40bbf781b7960a8ed85168b7680b9d8191927e5ea60e32b624cded2438e052	4022	644	ROADMAP_BLUETOOTH/CASSAV4_BLUETOOTH_PROTOCOL_BASE_ROADMAP_20260719/reports/physical/v5bt-bench-inventory-redacted-20260805T031451Z.json
224da4ca490728f242c8bb713d5bc11347b8a8b44ae8557b956a49bb97736411	4016	644	ROADMAP_BLUETOOTH/CASSAV4_BLUETOOTH_PROTOCOL_BASE_ROADMAP_20260719/reports/physical/v5bt-bench-inventory-redacted-20260805T032901Z.json
1e85d138d5aeacc8e6e780ee0111637d5d5305d850c611685747b2d84c9f3904	4022	644	ROADMAP_BLUETOOTH/CASSAV4_BLUETOOTH_PROTOCOL_BASE_ROADMAP_20260719/reports/physical/v5bt-bench-inventory-redacted-20260805T050232Z.json
3aed832ef6da9534efab18206a696f594114707b2e3d7d10ad1411ed24340ec2	4022	644	ROADMAP_BLUETOOTH/CASSAV4_BLUETOOTH_PROTOCOL_BASE_ROADMAP_20260719/reports/physical/v5bt-bench-inventory-redacted-20260805T053001Z.json
b0a0854d35d7cede34f29f8cebcb6cd361bee8d718da6ecf966c30ca03c8d908	4340	644	ROADMAP_BLUETOOTH/CASSAV4_BLUETOOTH_PROTOCOL_BASE_ROADMAP_20260719/reports/physical/v5bt-bench-inventory-redacted-20260809T235633Z.json
ff953280ca7bf26a8068abe5981d4672efce75b184b9e414009811d93c26681d	4727	644	ROADMAP_BLUETOOTH/CASSAV4_BLUETOOTH_PROTOCOL_BASE_ROADMAP_20260719/reports/physical/v5bt-bench-inventory-redacted-20260810T001553Z.json
4cad23797f11783fbf589e43f91f34f9ba06d29af22f9fc3f17f340f26cb9fef	4643	644	ROADMAP_BLUETOOTH/CASSAV4_BLUETOOTH_PROTOCOL_BASE_ROADMAP_20260719/reports/physical/v5bt-bench-inventory-redacted-20260810T001635Z.json
17d9d90016610d118c379c3abc685eac62d823269d0bafd5762666c19e604e0c	313	644	ROADMAP_BLUETOOTH/CASSAV4_BLUETOOTH_PROTOCOL_BASE_ROADMAP_20260719/reports/physical/v5bt-palmare-b2-20260720-retry1.json
acf0745330748a39594c03d9103cb464dfe5240ca91186d4bfe565fbab0ad575	317	644	ROADMAP_BLUETOOTH/CASSAV4_BLUETOOTH_PROTOCOL_BASE_ROADMAP_20260719/reports/physical/v5bt-palmare-b2-20260720.json
27a60eca2e98a146356b6c785cf90351f854c2324f48321d0d88835cf17751ff	752843	644	ROADMAP_BLUETOOTH/CASSAV4_BLUETOOTH_PROTOCOL_BASE_ROADMAP_20260719/reports/physical/v5bt-palmare-bt-server-20260720.png
255cede122459c3698b304e208b79ab7399c49ef91be5595d3629176823b6af2	2660	644	ROADMAP_BLUETOOTH/CASSAV4_BLUETOOTH_PROTOCOL_BASE_ROADMAP_20260719/reports/physical/v5bt-palmare-notification-session-physical-regression-redacted-20260805.json
e8eb6d9eaf0bacef0f3e146f33a5bfb558b30cac777176074b843b08d464ad56	1029	644	ROADMAP_BLUETOOTH/CASSAV4_BLUETOOTH_PROTOCOL_BASE_ROADMAP_20260719/reports/physical/v5bt-raspberry-continuity-b0-b2-cooldown-retry1-20260805.json
fa3512fb0a6122b04a1cb77cddb831d4a00d5556ca690ff93f16b6811afb4efe	935	644	ROADMAP_BLUETOOTH/CASSAV4_BLUETOOTH_PROTOCOL_BASE_ROADMAP_20260719/reports/physical/v5bt-raspberry-continuity-b0-b2-v1038-20260805T054729Z.json
c73e2b5d0e4f37a3a9c0d6228061fb31e46057b8cbf2b8c853c4b41855ddc7c9	937	644	ROADMAP_BLUETOOTH/CASSAV4_BLUETOOTH_PROTOCOL_BASE_ROADMAP_20260719/reports/physical/v5bt-raspberry-continuity-b2-hysteresis-20260804.json
e7c6f9f67708c4064e6cf428b20ae8d87f2fd48230c0957b2886aa5484f245df	936	644	ROADMAP_BLUETOOTH/CASSAV4_BLUETOOTH_PROTOCOL_BASE_ROADMAP_20260719/reports/physical/v5bt-raspberry-continuity-supplemental-20260804.json
e55aba4b2765029b6588a463b979a099589e24ef2bd8e0c5c44a37f7dacc3c31	3098	644	ROADMAP_BLUETOOTH/CASSAV4_BLUETOOTH_PROTOCOL_BASE_ROADMAP_20260719/reports/physical/v5bt-two-handheld-final-inventory-redacted-20260804.json
16fd8c3f931efc42e133d24f140a6218da4a0f80393b5afed5824bd6a0d32b19	3160	644	ROADMAP_BLUETOOTH/CASSAV4_BLUETOOTH_PROTOCOL_BASE_ROADMAP_20260719/reports/physical/v5bt-two-handheld-hysteresis-inventory-redacted-20260804-retry1.json
c4b826e3cbf63bad5678bbcf2c010d3e79701da67b734d88e3354ddef683b22c	3018	644	ROADMAP_BLUETOOTH/CASSAV4_BLUETOOTH_PROTOCOL_BASE_ROADMAP_20260719/reports/physical/v5bt-two-handheld-hysteresis-inventory-redacted-20260804.json
31743115a0f724069838263e820c01f517feb62de6794afbfa3c491276021800	3160	644	ROADMAP_BLUETOOTH/CASSAV4_BLUETOOTH_PROTOCOL_BASE_ROADMAP_20260719/reports/physical/v5bt-two-handheld-low-latency-inventory-redacted-20260804.json
60bd2764a4bd327fa10c7d51b842840a1dce8975dc6bb0397b82f9c0a2e0b5ee	3160	644	ROADMAP_BLUETOOTH/CASSAV4_BLUETOOTH_PROTOCOL_BASE_ROADMAP_20260719/reports/physical/v5bt-two-handheld-postupdate-inventory-redacted-20260804.json
9a1eacfb106e2a9fccbed3ef9a10f36fed01ac00309f88ab596313e019273226	3100	644	ROADMAP_BLUETOOTH/CASSAV4_BLUETOOTH_PROTOCOL_BASE_ROADMAP_20260719/reports/physical/v5bt-two-handheld-preupdate-inventory-redacted-20260804.json
e2c73728013ea4a57b37b1aeee3d4d055cd2901da89675d0e91c0dcaa62a7086	126	644	ROADMAP_BLUETOOTH/CASSAV4_BLUETOOTH_PROTOCOL_BASE_ROADMAP_20260719/roadmap/FUTURE_ESP32.md
f357103d39f99fdb5631ac1a4c4f6b3deb09e5d8a9ab32e28ff40d17a15bd8c3	419	644	ROADMAP_BLUETOOTH/CASSAV4_BLUETOOTH_PROTOCOL_BASE_ROADMAP_20260719/roadmap/FUTURE_MULTIHOP_AND_LOAD_BALANCING.md
b334a1cbbdde15efe5e4601f27bd47077dc7c06f1957b76ae2b7c9bf8212d70e	3316	644	ROADMAP_BLUETOOTH/CASSAV4_BLUETOOTH_PROTOCOL_BASE_ROADMAP_20260719/roadmap/MASTER_ROADMAP.md
54d93a4db62121cfae047cc656a5ca0627fb8cadd86a171b6db4d1f3478ed4b6	713	644	ROADMAP_BLUETOOTH/CASSAV4_BLUETOOTH_PROTOCOL_BASE_ROADMAP_20260719/roadmap/MILESTONES_AND_GATES.md
91fa33c034e08e21e06f5340d4879b72c828210dad34b39d1111b1d7de64e447	1340	644	ROADMAP_BLUETOOTH/CASSAV4_BLUETOOTH_PROTOCOL_BASE_ROADMAP_20260719/roadmap/PHASE_B0_HARDWARE_CAPABILITY_GATE.md
77e03d841ea06a31f18fef60a81bf19f76e80ee945fea45a6159a9b7b5ac5b93	1915	644	ROADMAP_BLUETOOTH/CASSAV4_BLUETOOTH_PROTOCOL_BASE_ROADMAP_20260719/roadmap/PHASE_B10_COMMAND_BUS_SHADOW_INTEGRATION.md
6fbdbb0fc06bd3b865ab898e4e7bd419eded631197b52caa3706d54572ac2373	7138	644	ROADMAP_BLUETOOTH/CASSAV4_BLUETOOTH_PROTOCOL_BASE_ROADMAP_20260719/roadmap/PHASE_B11_TEST_PILOT.md
e4e9f66f9ccce8382e355daa3c9af426696e714536ea834bfec715d73d20daf6	2876	644	ROADMAP_BLUETOOTH/CASSAV4_BLUETOOTH_PROTOCOL_BASE_ROADMAP_20260719/roadmap/PHASE_B1_PROTOCOL_IDENTITY_PROVISIONING.md
86f0277251d62dedf956258bfe16273f6c569615f317f6f74a495739fd4bb834	3355	644	ROADMAP_BLUETOOTH/CASSAV4_BLUETOOTH_PROTOCOL_BASE_ROADMAP_20260719/roadmap/PHASE_B2_AUTOMATIC_BLE_DISCOVERY.md
954b77bf1fb14d3e716b92a5a2c625a66d82717e0e6bcf049cf2d89b4c8d8bc9	6124	644	ROADMAP_BLUETOOTH/CASSAV4_BLUETOOTH_PROTOCOL_BASE_ROADMAP_20260719/roadmap/PHASE_B3_ANDROID_CONNECTIVITY_AGENT.md
79705f9c1191e21b76812ab4055c3eb40e7fa92bab546fc667cc154855ff8a68	3670	644	ROADMAP_BLUETOOTH/CASSAV4_BLUETOOTH_PROTOCOL_BASE_ROADMAP_20260719/roadmap/PHASE_B4_RASPBERRY_BLUEZ_NODE.md
65f64283714f539e444fe16d3a3225cfd62d05e2d90eb5ea468fb46b59df6458	8509	644	ROADMAP_BLUETOOTH/CASSAV4_BLUETOOTH_PROTOCOL_BASE_ROADMAP_20260719/roadmap/PHASE_B5_ANDROID_RASPBERRY_DIRECT_SESSION.md
d3ab935d4baf95b86f869787ac8cefa4e9a0a86aaacd1062e896a3508d34f200	3413	644	ROADMAP_BLUETOOTH/CASSAV4_BLUETOOTH_PROTOCOL_BASE_ROADMAP_20260719/roadmap/PHASE_B6_ANDROID_ANDROID_DIRECT_SESSION.md
a2ea8e2b6f96329be424809b78b5430050d8f58751d02a04563b267375868fe1	2557	644	ROADMAP_BLUETOOTH/CASSAV4_BLUETOOTH_PROTOCOL_BASE_ROADMAP_20260719/roadmap/PHASE_B7_RELIABLE_CHANNEL.md
715bc0657f0612a3670f2fef9098922238c29a1f6c0968a9d09290d578da9a1a	1827	644	ROADMAP_BLUETOOTH/CASSAV4_BLUETOOTH_PROTOCOL_BASE_ROADMAP_20260719/roadmap/PHASE_B8_LOCAL_DURABILITY.md
d50a79efa9ae436caa2152189bd1f33e09c71d031cd89a615b4ebfaea8d23160	2992	644	ROADMAP_BLUETOOTH/CASSAV4_BLUETOOTH_PROTOCOL_BASE_ROADMAP_20260719/roadmap/PHASE_B9_ROUTE_ADVERTISEMENT.md
7f90e938f4f5486cc610313050cb584e202c87c4cd8f8902e4247652016c3391	823	644	ROADMAP_BLUETOOTH/CASSAV4_BLUETOOTH_PROTOCOL_BASE_ROADMAP_20260719/roadmap/SCOPE_AND_NON_GOALS.md
41db50ee4e90ed999553c358b4e4b1a2a96f6f8f602284f923e47a59a0dd8561	8772	644	ROADMAP_BLUETOOTH/CASSAV4_BLUETOOTH_PROTOCOL_BASE_ROADMAP_20260719/scripts/advanced-certification-targets.mjs
1c3c3bb445aaf637891df06227a0f6e88b7fe6704ff212708f926121f4dfcabf	7676	644	ROADMAP_BLUETOOTH/CASSAV4_BLUETOOTH_PROTOCOL_BASE_ROADMAP_20260719/scripts/advanced-certification-targets.test.mjs
4844cbb98a9462e02be488719c1ef94e0c602aa6c756e408d6788e183ff24b97	6584	644	ROADMAP_BLUETOOTH/CASSAV4_BLUETOOTH_PROTOCOL_BASE_ROADMAP_20260719/scripts/b5-account-device-commitment.mjs
2f6b8c26b4692d31e86c4e091d92e9a0a645dd60c6e53fe00463242ac33ea6dc	4369	644	ROADMAP_BLUETOOTH/CASSAV4_BLUETOOTH_PROTOCOL_BASE_ROADMAP_20260719/scripts/b5-account-device-commitment.test.mjs
c205891f633336f0f453ceb94f7112f0fb257b5d7e393239f23b5f0c4fb3b1a2	13072	644	ROADMAP_BLUETOOTH/CASSAV4_BLUETOOTH_PROTOCOL_BASE_ROADMAP_20260719/scripts/b5-campaign-governance.mjs
1b102a4429c0e2d06b451e91095a37db6a0f52a5aba27a56e18e444ff2c0171a	3295	644	ROADMAP_BLUETOOTH/CASSAV4_BLUETOOTH_PROTOCOL_BASE_ROADMAP_20260719/scripts/b5-campaign-governance.test.mjs
cce3e2ce22ad9b107e54be0d436de13700b021ee9664dd7ed7ef5c5b146717fb	8553	644	ROADMAP_BLUETOOTH/CASSAV4_BLUETOOTH_PROTOCOL_BASE_ROADMAP_20260719/scripts/b5-technical-receipt.mjs
d4c2579a159f66796e38566fbece6915cd7fba63669b19285cb85c5013ed6336	77563	644	ROADMAP_BLUETOOTH/CASSAV4_BLUETOOTH_PROTOCOL_BASE_ROADMAP_20260719/scripts/collect-b4-physical-device.mjs
b87581248ca5fcb11e79e2ee005b24e5b01ec1ac8f43743254834b5b728cf9d0	47944	644	ROADMAP_BLUETOOTH/CASSAV4_BLUETOOTH_PROTOCOL_BASE_ROADMAP_20260719/scripts/collect-b4-physical-device.test.mjs
7d3536b869f40d8d4914851b01d5998df9fda18a2b4c2f0042fe11474c826b49	15192	644	ROADMAP_BLUETOOTH/CASSAV4_BLUETOOTH_PROTOCOL_BASE_ROADMAP_20260719/scripts/current-roadmap-status.mjs
21e2af3e5defa4a414d12e98f0732044a9cdf3016da0fbab5df76fb61866e328	10398	644	ROADMAP_BLUETOOTH/CASSAV4_BLUETOOTH_PROTOCOL_BASE_ROADMAP_20260719/scripts/current-roadmap-status.test.mjs
c24125eabbd027795f1f76b0322e4607b12908e2aee6f07a6ce047e3a61183eb	12385	644	ROADMAP_BLUETOOTH/CASSAV4_BLUETOOTH_PROTOCOL_BASE_ROADMAP_20260719/scripts/generate-device-capability-report.mjs
d824b3dab6aef914591e4a4109055a817525189487916d6769fde91830f4498f	10336	644	ROADMAP_BLUETOOTH/CASSAV4_BLUETOOTH_PROTOCOL_BASE_ROADMAP_20260719/scripts/generate-device-capability-report.test.mjs
9582d0d10d80a5366b97071d03ae75d2414a874b00d8f46caeb959f04957b710	1147	644	ROADMAP_BLUETOOTH/CASSAV4_BLUETOOTH_PROTOCOL_BASE_ROADMAP_20260719/scripts/generate-roadmap-manifest.mjs
d1020c745932a1b052373a2a3ef77e33a45e541caac1a0b42abb31d46c5a7850	5360	644	ROADMAP_BLUETOOTH/CASSAV4_BLUETOOTH_PROTOCOL_BASE_ROADMAP_20260719/scripts/roadmap-package-inventory.mjs
8cde380a04cbee0ff06d186af95ab1e7768ec4142693db6ba2f47152281377d8	5171	644	ROADMAP_BLUETOOTH/CASSAV4_BLUETOOTH_PROTOCOL_BASE_ROADMAP_20260719/scripts/roadmap-package-inventory.test.mjs
f8711b74aa0cdd4500804e7453d91d46d65e2c4611a8a45a2f03bd6fbdeae016	47642	644	ROADMAP_BLUETOOTH/CASSAV4_BLUETOOTH_PROTOCOL_BASE_ROADMAP_20260719/scripts/run-api31-compat-non-gate.mjs
460bff81f96050c56335aa405cee4e6fc696662c211ccedf4b548afc6bad6f06	20877	644	ROADMAP_BLUETOOTH/CASSAV4_BLUETOOTH_PROTOCOL_BASE_ROADMAP_20260719/scripts/run-api31-compat-non-gate.test.mjs
d640ed5cd3c66f080c48dfe4ab63017d2a6f2de83f2baefa55b954473d652852	25218	644	ROADMAP_BLUETOOTH/CASSAV4_BLUETOOTH_PROTOCOL_BASE_ROADMAP_20260719/scripts/run-b0-android-formal-gate.mjs
7b5a8d20279a2bda77733801c88c9ff8e05a4a3733893eb121ff063201aae6a0	18443	644	ROADMAP_BLUETOOTH/CASSAV4_BLUETOOTH_PROTOCOL_BASE_ROADMAP_20260719/scripts/run-b0-android-formal-gate.test.mjs
d20a69cb59e86bc8dda69be5feb1dcc607d9001ba1d815197f4adb35e066b172	68713	644	ROADMAP_BLUETOOTH/CASSAV4_BLUETOOTH_PROTOCOL_BASE_ROADMAP_20260719/scripts/run-b0-android-supplemental-gate.mjs
07edf9269a37f2117647cc8e16bc85ea75defde100c47d9433dcab5751709c18	25911	644	ROADMAP_BLUETOOTH/CASSAV4_BLUETOOTH_PROTOCOL_BASE_ROADMAP_20260719/scripts/run-b0-android-supplemental-gate.test.mjs
0a376981e942c41512fff1001fc91ae3e0c4e1c80363c4e5e65655956f525713	51745	644	ROADMAP_BLUETOOTH/CASSAV4_BLUETOOTH_PROTOCOL_BASE_ROADMAP_20260719/scripts/run-b2-android-adb-harness.mjs
0812c95c58d4eadfecd5399b7d8359883e7e1e0b52964383c3f8281bdc73ffde	20647	644	ROADMAP_BLUETOOTH/CASSAV4_BLUETOOTH_PROTOCOL_BASE_ROADMAP_20260719/scripts/run-b2-android-adb-harness.test.mjs
7be6454daeb86408c18dde05388e0acb6619783c0c820b03e0e4e33119554335	124727	644	ROADMAP_BLUETOOTH/CASSAV4_BLUETOOTH_PROTOCOL_BASE_ROADMAP_20260719/scripts/run-b2-android-gate.mjs
5ef0d6b42247a2d4e1cb18617aca7e85fd5a1f52e0c25d3ef1ce1297feee25f6	14682	644	ROADMAP_BLUETOOTH/CASSAV4_BLUETOOTH_PROTOCOL_BASE_ROADMAP_20260719/scripts/run-b2-android-gate.test.mjs
a1b7755ad82816de490fadde60e9a99035b2435f6ec7c6ea9516491d43633c1a	69928	644	ROADMAP_BLUETOOTH/CASSAV4_BLUETOOTH_PROTOCOL_BASE_ROADMAP_20260719/scripts/run-b3-android-service-gate.mjs
5394fbf9b68425ee5e9340d03cbf9822769989f15c66a2134b7131101e5761f0	26328	644	ROADMAP_BLUETOOTH/CASSAV4_BLUETOOTH_PROTOCOL_BASE_ROADMAP_20260719/scripts/run-b3-android-service-gate.test.mjs
944018642f97dec31ad1cf501ff94c8d3cc91aea121e380cc21a0ea83272a164	17069	644	ROADMAP_BLUETOOTH/CASSAV4_BLUETOOTH_PROTOCOL_BASE_ROADMAP_20260719/scripts/run-b4-monitored-slot-gate.mjs
b07d9db0e677e4a8b05b7c646e916d09414fbd9ee9f95ba2032b75c65179b841	17434	644	ROADMAP_BLUETOOTH/CASSAV4_BLUETOOTH_PROTOCOL_BASE_ROADMAP_20260719/scripts/run-b4-monitored-slot-gate.test.mjs
9ce026282c49e3b92d57b11ca29af71a3df4151fd6b604efe1658a00ac616ce9	31712	644	ROADMAP_BLUETOOTH/CASSAV4_BLUETOOTH_PROTOCOL_BASE_ROADMAP_20260719/scripts/run-b4-offline-hybrid-non-gate.mjs
f28d7b7a0be7efd3e30240866b7fb753b3e2953ec6de93f0daea3fbe7256d44b	17291	644	ROADMAP_BLUETOOTH/CASSAV4_BLUETOOTH_PROTOCOL_BASE_ROADMAP_20260719/scripts/run-b4-offline-hybrid-non-gate.test.mjs
0d1d0e7f0a21a755f85f6771e14c3a56f1649bc912a956dfc756ec1456f23621	67940	644	ROADMAP_BLUETOOTH/CASSAV4_BLUETOOTH_PROTOCOL_BASE_ROADMAP_20260719/scripts/run-b5-android-continuity-monitor.mjs
7f1da48727bd7179eea4a730b8f4889dd29e80af315e738f799e5b6d42801216	33830	644	ROADMAP_BLUETOOTH/CASSAV4_BLUETOOTH_PROTOCOL_BASE_ROADMAP_20260719/scripts/run-b5-android-continuity-monitor.test.mjs
f4a7ef257c1fd50012617a5bd719e3c51ec00d7b529ab9d7b36eab1ba6cae350	50144	644	ROADMAP_BLUETOOTH/CASSAV4_BLUETOOTH_PROTOCOL_BASE_ROADMAP_20260719/scripts/run-b5-raspberry-continuity-monitor.mjs
a1998846a9963e42e7f27f613e991c6fb37a315a073d7ff262bf271aad46d3db	28488	644	ROADMAP_BLUETOOTH/CASSAV4_BLUETOOTH_PROTOCOL_BASE_ROADMAP_20260719/scripts/run-b5-raspberry-continuity-monitor.test.mjs
3380843a97806d01e54ddbefc3459ffb473bf0ca793c75cce16bfb3d027ec692	198	644	ROADMAP_BLUETOOTH/CASSAV4_BLUETOOTH_PROTOCOL_BASE_ROADMAP_20260719/scripts/simulate-connectivity-state.mjs
6e2934ebdcb6cb13c00965d178b579fbb37694b6729a3263a3f140c414ffe868	1083	644	ROADMAP_BLUETOOTH/CASSAV4_BLUETOOTH_PROTOCOL_BASE_ROADMAP_20260719/scripts/simulate-dialer-election.mjs
857bfbc42e99a5f9b965436c05a838f3ab1032cebe17c84e17e2e635b5620788	4688	644	ROADMAP_BLUETOOTH/CASSAV4_BLUETOOTH_PROTOCOL_BASE_ROADMAP_20260719/scripts/simulate-discovery-soft-state.mjs
3252fbb195da52c16eb479bab15754b3334c52251343c7533fe291f878d35c20	19374	644	ROADMAP_BLUETOOTH/CASSAV4_BLUETOOTH_PROTOCOL_BASE_ROADMAP_20260719/scripts/validate-contracts.mjs
a3bd10d245af3dad186fc886f4e802c6976b64d57a115b1672cab71533c87200	96281	644	ROADMAP_BLUETOOTH/CASSAV4_BLUETOOTH_PROTOCOL_BASE_ROADMAP_20260719/scripts/validate-roadmap-package.mjs
818840b816a8259ded450dcdadac20309f88d7a82d9fd4a986187eac05bfe0c1	3181	644	ROADMAP_BLUETOOTH/CASSAV4_BLUETOOTH_PROTOCOL_BASE_ROADMAP_20260719/shared/discovery/README.md
05cb8cc24f5914ebee8d61b3b206a8dd3a77db860329c8a0373101d32ec96df4	1758	644	ROADMAP_BLUETOOTH/CASSAV4_BLUETOOTH_PROTOCOL_BASE_ROADMAP_20260719/shared/discovery/peer-directory-v1.d.mts
4138f539fce12c0c07d867e66bdc4b5bed70ef31cb168513e2e74f6936e745e1	16482	644	ROADMAP_BLUETOOTH/CASSAV4_BLUETOOTH_PROTOCOL_BASE_ROADMAP_20260719/shared/discovery/peer-directory-v1.mjs
4584aa1d7c3a28e12c6bdbbdb69eff780936336a4ef99bce5ecac4998e6d9cde	14142	644	ROADMAP_BLUETOOTH/CASSAV4_BLUETOOTH_PROTOCOL_BASE_ROADMAP_20260719/shared/discovery/peer-directory-v1.test.mjs
8dc32d53650478ff556e660ef981cdb74a6c4e72a849865b614a251105929ce3	7951	644	ROADMAP_BLUETOOTH/CASSAV4_BLUETOOTH_PROTOCOL_BASE_ROADMAP_20260719/shared/discovery/scan-window-policy-v1.mjs
df9e73197b18fc1c081cba1ddfc6f0d12b21e784ccf6274fd1d1894b405b68cf	7363	644	ROADMAP_BLUETOOTH/CASSAV4_BLUETOOTH_PROTOCOL_BASE_ROADMAP_20260719/shared/discovery/scan-window-policy-v1.test.mjs
0db747ff07a00c83a4dd403ef0384da4a4fc0238faea34f0646d350acb5c1478	3673	644	ROADMAP_BLUETOOTH/CASSAV4_BLUETOOTH_PROTOCOL_BASE_ROADMAP_20260719/shared/protocol/README.md
bea51055824c1a7e2f703f36ca9c93b6017d5ea664be4467890f38ee9a1c3ece	672	644	ROADMAP_BLUETOOTH/CASSAV4_BLUETOOTH_PROTOCOL_BASE_ROADMAP_20260719/shared/protocol/advertisement-v1.d.mts
096dc1a94edf79e95d465a590fab366477524bb010dd1186d4a1ed34b60e5dde	11185	644	ROADMAP_BLUETOOTH/CASSAV4_BLUETOOTH_PROTOCOL_BASE_ROADMAP_20260719/shared/protocol/advertisement-v1.mjs
0ec448485abc75460b002454dbf8b85f01dc4c87c542fc611ea708bff481e383	12247	644	ROADMAP_BLUETOOTH/CASSAV4_BLUETOOTH_PROTOCOL_BASE_ROADMAP_20260719/shared/protocol/advertisement-v1.test.mjs
be9b4fae2521eddc122b642a945f58c51455d1057fda864789e4f0fe6f1197c3	2473	644	ROADMAP_BLUETOOTH/CASSAV4_BLUETOOTH_PROTOCOL_BASE_ROADMAP_20260719/shared/protocol/android-peer-auth-v2.d.mts
f84706cc7b49b38b63e68099c2e1c27cf7dd417263a0aeea1618fc89b12293c3	18191	644	ROADMAP_BLUETOOTH/CASSAV4_BLUETOOTH_PROTOCOL_BASE_ROADMAP_20260719/shared/protocol/android-peer-auth-v2.mjs
f46e9e12194e104968978910dcb747a2015cdb5dba2f995ff900ea5256e71aa9	7553	644	ROADMAP_BLUETOOTH/CASSAV4_BLUETOOTH_PROTOCOL_BASE_ROADMAP_20260719/shared/protocol/android-peer-auth-v2.test.mjs
8d8a744506bf318f8ee75988c23b27620249c144c5286a25f1f6932dd48e0872	7434	644	ROADMAP_BLUETOOTH/CASSAV4_BLUETOOTH_PROTOCOL_BASE_ROADMAP_20260719/shared/protocol/direct-control-v1.d.mts
b41196b8854ae0cc733dab42a7ac7d4b2dfb40ad1992f7bd02bee0c6a10ad7ed	24442	644	ROADMAP_BLUETOOTH/CASSAV4_BLUETOOTH_PROTOCOL_BASE_ROADMAP_20260719/shared/protocol/direct-control-v1.mjs
e2c1ec4042336e93fe1a6fc2bc5ddd8f95c0063ad4ae54161b9e290f05730278	20130	644	ROADMAP_BLUETOOTH/CASSAV4_BLUETOOTH_PROTOCOL_BASE_ROADMAP_20260719/shared/protocol/direct-control-v1.test.mjs
b637ceb579896dfdb9fb799cd6cdfe2d44d834cbb91426fe836835b041136da4	633	644	ROADMAP_BLUETOOTH/CASSAV4_BLUETOOTH_PROTOCOL_BASE_ROADMAP_20260719/shared/protocol/gatt-profile-v1.d.mts
fc4426b94321f9944eec6dc482e3a66c33195c16a25ec3a601d82b0e649a2c07	1176	644	ROADMAP_BLUETOOTH/CASSAV4_BLUETOOTH_PROTOCOL_BASE_ROADMAP_20260719/shared/protocol/gatt-profile-v1.mjs
b49d328302dbcbba923fc7c442b89d6c1348048d4a480f6d8d4772e41181b3e4	2113	644	ROADMAP_BLUETOOTH/CASSAV4_BLUETOOTH_PROTOCOL_BASE_ROADMAP_20260719/shared/protocol/gatt-profile-v1.test.mjs
0393cd8a3d3829bff04160d999c65f13b2d981ed2025359db93af8284e865e34	1059	644	ROADMAP_BLUETOOTH/CASSAV4_BLUETOOTH_PROTOCOL_BASE_ROADMAP_20260719/shared/protocol/hello-v1.d.mts
c5d56dd0673601a94a1e94a8be43d412c8df5619d336f204dbf5ac4717f729db	6471	644	ROADMAP_BLUETOOTH/CASSAV4_BLUETOOTH_PROTOCOL_BASE_ROADMAP_20260719/shared/protocol/hello-v1.mjs
5979813d368a8e248e1eaa52defd56a95acd637285cfceffd691173bf5b8d520	2464	644	ROADMAP_BLUETOOTH/CASSAV4_BLUETOOTH_PROTOCOL_BASE_ROADMAP_20260719/shared/protocol/hello-v1.test.mjs
6a7ceeeef65169ba8af1e371346a710a3fa4ea30a0591d6b79592aab185980a9	2227	644	ROADMAP_BLUETOOTH/CASSAV4_BLUETOOTH_PROTOCOL_BASE_ROADMAP_20260719/shared/protocol/mutual-auth-v1.d.mts
7cf147fd857326022b36ce0ddcb8493aac5077c47be7ace6c23a835687fab818	10214	644	ROADMAP_BLUETOOTH/CASSAV4_BLUETOOTH_PROTOCOL_BASE_ROADMAP_20260719/shared/protocol/mutual-auth-v1.mjs
8d703dfc08b3a3cb1c08d50b90eff8cd4c1fe890719f818fa96d2492b9147c6b	4949	644	ROADMAP_BLUETOOTH/CASSAV4_BLUETOOTH_PROTOCOL_BASE_ROADMAP_20260719/shared/protocol/mutual-auth-v1.test.mjs
1eb37eb666cf5f13b4007c24316652943b4fc6b7d022d495ab09f22e8dfd6b31	4816	644	ROADMAP_BLUETOOTH/CASSAV4_BLUETOOTH_PROTOCOL_BASE_ROADMAP_20260719/shared/protocol/peer-trust-a2-golden.test.mjs
833764e0a6ae7c5756038615da604b34b182ccd7534dfeb1de820cdac28bf9a6	3009	644	ROADMAP_BLUETOOTH/CASSAV4_BLUETOOTH_PROTOCOL_BASE_ROADMAP_20260719/shared/protocol/rotating-alias-v1.mjs
f98d9e13488c59b6316b1789247c7f11b5d95aa13200c92257f62adec411175a	14205	644	ROADMAP_BLUETOOTH/CASSAV4_BLUETOOTH_PROTOCOL_BASE_ROADMAP_20260719/shared/provisioning/README.md
26ee9bb9d401127964ebba715948dadcb1e636dfbf5b5b1a233a590a54d4010c	3103	644	ROADMAP_BLUETOOTH/CASSAV4_BLUETOOTH_PROTOCOL_BASE_ROADMAP_20260719/shared/provisioning/device-registry-v1.d.mts
28a284c5195290c61a4eef2a9975b562eac7b2e18b48ab2f10350f59e039176b	40483	644	ROADMAP_BLUETOOTH/CASSAV4_BLUETOOTH_PROTOCOL_BASE_ROADMAP_20260719/shared/provisioning/device-registry-v1.mjs
add69ff40d41e52c9ba02fda1da07b1d3dd3f07e14ccb003f3e94bbcf2cfa733	37623	644	ROADMAP_BLUETOOTH/CASSAV4_BLUETOOTH_PROTOCOL_BASE_ROADMAP_20260719/shared/provisioning/device-registry-v1.test.mjs
91425bc74ec5077b0517448adfbb7ceee2bf8974454b58d5cf88a3205ce82df2	3867	644	ROADMAP_BLUETOOTH/CASSAV4_BLUETOOTH_PROTOCOL_BASE_ROADMAP_20260719/shared/provisioning/device-registry-v2.d.mts
5b434f87b5ab0dbffa4a9e5763f465abffb6b2023ae3a0c9594e37d71d43972f	51319	644	ROADMAP_BLUETOOTH/CASSAV4_BLUETOOTH_PROTOCOL_BASE_ROADMAP_20260719/shared/provisioning/device-registry-v2.mjs
06422c60c29400083e62f28e692d77cec06b5527bbcb1009069b410df4456465	18955	644	ROADMAP_BLUETOOTH/CASSAV4_BLUETOOTH_PROTOCOL_BASE_ROADMAP_20260719/shared/provisioning/device-registry-v2.test.mjs
b33bd609279b32f90a32ec40b046810fc4bd61456e7ea732101ec85ff8fb05e1	14990	644	ROADMAP_BLUETOOTH/CASSAV4_BLUETOOTH_PROTOCOL_BASE_ROADMAP_20260719/shared/provisioning/enrollment-transport-v1.mjs
5633c25e168ad3e69679aec38093510be104a21d42ab2b1ecb27863839c360e6	13470	644	ROADMAP_BLUETOOTH/CASSAV4_BLUETOOTH_PROTOCOL_BASE_ROADMAP_20260719/shared/provisioning/enrollment-transport-v1.test.mjs
17b32162a590827dde586ea22a26c9c1ffb3767ae2ce7ecedebb42605f3a7cc6	16968	644	ROADMAP_BLUETOOTH/CASSAV4_BLUETOOTH_PROTOCOL_BASE_ROADMAP_20260719/shared/provisioning/enrollment-transport-v2.mjs
a88d4b7c469839691de051d462c25be757698e6e7dd8f73d3bbc251863ae42a4	17325	644	ROADMAP_BLUETOOTH/CASSAV4_BLUETOOTH_PROTOCOL_BASE_ROADMAP_20260719/shared/provisioning/enrollment-transport-v2.test.mjs
7adb063286d3877cb88c6317a4e97b1d6bfeab40b6a324b71053de639ccdbfc2	1790	644	ROADMAP_BLUETOOTH/CASSAV4_BLUETOOTH_PROTOCOL_BASE_ROADMAP_20260719/shared/provisioning/peer-trust-directory-v1.d.mts
1c7fff12c323d989b5eec969cf958b91c8ec7bf8fb46c5ae852aa2133737f4b6	17079	644	ROADMAP_BLUETOOTH/CASSAV4_BLUETOOTH_PROTOCOL_BASE_ROADMAP_20260719/shared/provisioning/peer-trust-directory-v1.mjs
daed37f2ef866f89be590b1a017389147ebe8b941b03c138dc1e7b0b0cb31ab9	5217	644	ROADMAP_BLUETOOTH/CASSAV4_BLUETOOTH_PROTOCOL_BASE_ROADMAP_20260719/shared/provisioning/peer-trust-directory-v1.test.mjs
9bfd6b494e2c384bb20e3fdd193335cdbc3357412686a32e3ecf4f83da69c66c	1733	644	ROADMAP_BLUETOOTH/CASSAV4_BLUETOOTH_PROTOCOL_BASE_ROADMAP_20260719/shared/provisioning/peer-trust-transport-v1.mjs
9f0a2e4cad3a7fcd24bc3e4eef3d8de0f365085d8f08f8040897b21309e8b56e	2447	644	ROADMAP_BLUETOOTH/CASSAV4_BLUETOOTH_PROTOCOL_BASE_ROADMAP_20260719/shared/provisioning/peer-trust-transport-v1.test.mjs
d585d46c4315f5ce1c60bcf9f05f0c387b6d7c45d463aca753a2bb3a55e7ec74	775	644	ROADMAP_BLUETOOTH/CASSAV4_BLUETOOTH_PROTOCOL_BASE_ROADMAP_20260719/shared/session/README.md
db7bb700f068a6b917619a671e66e679ed19bac8b1ac1fd156bc79d5a147aa37	5625	644	ROADMAP_BLUETOOTH/CASSAV4_BLUETOOTH_PROTOCOL_BASE_ROADMAP_20260719/shared/session/android-peer-role-election-v1.mjs
0876936bb2e6021ec1ea65913c289ec023e8e557fd6109be8494ff42cdbdf7b5	6396	644	ROADMAP_BLUETOOTH/CASSAV4_BLUETOOTH_PROTOCOL_BASE_ROADMAP_20260719/shared/session/android-peer-role-election-v1.test.mjs
1ee7488077a856e0e1c8aa0c6c1f91422780fbb781c10a90e63a98fd71391a80	4692	644	ROADMAP_BLUETOOTH/CASSAV4_BLUETOOTH_PROTOCOL_BASE_ROADMAP_20260719/shared/session/direct-session-v1.d.mts
c46922dd50bf40bf3367fe8cd46ce4b8f7b4bfceeff5020a7a4113252bad4620	20966	644	ROADMAP_BLUETOOTH/CASSAV4_BLUETOOTH_PROTOCOL_BASE_ROADMAP_20260719/shared/session/direct-session-v1.mjs
e3aae3f40696432f6ceb4ee511362bf247d8f953f0514c53520ec79022439faa	16611	644	ROADMAP_BLUETOOTH/CASSAV4_BLUETOOTH_PROTOCOL_BASE_ROADMAP_20260719/shared/session/direct-session-v1.test.mjs
e5759634eed1bf9348c31a2d80dd8f909793cf259fc704036fe8aae59ea52b8c	142	644	ROADMAP_BLUETOOTH/CASSAV4_BLUETOOTH_PROTOCOL_BASE_ROADMAP_20260719/templates/DEVICE_CERTIFICATION_REPORT.md
34ec9a63efbbaf7ec483e6c6eac14d07bb8c8a3d93e6b036bf7461f4483b72d7	86	644	ROADMAP_BLUETOOTH/CASSAV4_BLUETOOTH_PROTOCOL_BASE_ROADMAP_20260719/templates/PHASE_GATE_REPORT.md
d7ca26ef0d2abe4ac06d9741fe8d260b97e2870c77fcdbc5b3d55f727f6815b3	96	644	ROADMAP_BLUETOOTH/CASSAV4_BLUETOOTH_PROTOCOL_BASE_ROADMAP_20260719/testing/ACCEPTANCE_GATES.md
55cfba1f94661acb496227974eed854445c1d844595c4c0218e03a39ec0ffa47	14338	644	ROADMAP_BLUETOOTH/CASSAV4_BLUETOOTH_PROTOCOL_BASE_ROADMAP_20260719/testing/B2_ANDROID_ADB_HARNESS.md
053baa3c6af298543805a85aced892a9f4465f9da82f9abfd8e84c965e731ca0	10263	644	ROADMAP_BLUETOOTH/CASSAV4_BLUETOOTH_PROTOCOL_BASE_ROADMAP_20260719/testing/B3_ANDROID_SERVICE_GATE.md
402d9d45d5c43659a6380186388ecbb813301dc50b2ee49be1b5d990e7e1c682	5024	644	ROADMAP_BLUETOOTH/CASSAV4_BLUETOOTH_PROTOCOL_BASE_ROADMAP_20260719/testing/B4_EIGHT_CHROME_GUI_NON_GATE.md
86d82e924d54696868c5f49ab77cc37621d30022fe03c41f4daa6bb15fc56e0a	2345	644	ROADMAP_BLUETOOTH/CASSAV4_BLUETOOTH_PROTOCOL_BASE_ROADMAP_20260719/testing/B4_RASPBERRY_PHYSICAL_GATE.md
6584684ba59d24e95d22a9090219948f454ff4c89c69c0124ca13c248beb910e	13097	644	ROADMAP_BLUETOOTH/CASSAV4_BLUETOOTH_PROTOCOL_BASE_ROADMAP_20260719/testing/B4_TEN_DEVICE_GATE.md
ba1dbc9c8bb503c0bdf095eaee0bba3b9173fe5d603210d8264c760b86112264	3336	644	ROADMAP_BLUETOOTH/CASSAV4_BLUETOOTH_PROTOCOL_BASE_ROADMAP_20260719/testing/B5_ANDROID_GATT_CLIENT.md
8e7edc25425cc647ad877beb571f759b27c7354c0170232c87f504d51648a00a	13940	644	ROADMAP_BLUETOOTH/CASSAV4_BLUETOOTH_PROTOCOL_BASE_ROADMAP_20260719/testing/B5_ANDROID_RASPBERRY_DIRECT_CONTROL.md
7b6b619f1ebcbb49b76e153eefebaa5725bd59f481f63a855be5d5963fa361e5	3565	644	ROADMAP_BLUETOOTH/CASSAV4_BLUETOOTH_PROTOCOL_BASE_ROADMAP_20260719/testing/B5_ANDROID_RASPBERRY_HELLO.md
e8263d80f1d30e6c9b0f258e7a57f25d47b502dde680412e86dd3bf5cce88978	5091	644	ROADMAP_BLUETOOTH/CASSAV4_BLUETOOTH_PROTOCOL_BASE_ROADMAP_20260719/testing/B5_ANDROID_RASPBERRY_MUTUAL_AUTH.md
295ac0a638c9a98ddbc30591362741905e7550e484a3aaa508caa9825f213b50	18489	644	ROADMAP_BLUETOOTH/CASSAV4_BLUETOOTH_PROTOCOL_BASE_ROADMAP_20260719/testing/B5_PHYSICAL_CAMPAIGN_RUNBOOK.md
47dc510cf0fd79559ff141080ef4dac75cbd2566bcbd61ec3f3dc24a630d31e6	2034	644	ROADMAP_BLUETOOTH/CASSAV4_BLUETOOTH_PROTOCOL_BASE_ROADMAP_20260719/testing/B5_RASPBERRY_GATT_PHYSICAL_SMOKE.md
29d7d45ba5cbf906b6c8342017db568e008d6c8277b8e583b552cfdd32aac1c1	2184	644	ROADMAP_BLUETOOTH/CASSAV4_BLUETOOTH_PROTOCOL_BASE_ROADMAP_20260719/testing/B5_WEB_GUI_LOOPBACK_DIAGNOSTIC.md
32eab16750f64333b790257986425ba2294f43e46331ccf06b01e8d452ebb272	129	644	ROADMAP_BLUETOOTH/CASSAV4_BLUETOOTH_PROTOCOL_BASE_ROADMAP_20260719/testing/DEVICE_MATRIX.md
e8611a439779de0909ca3bd168e933cd35d5eedf63705d76959980836632bd69	24088	644	ROADMAP_BLUETOOTH/CASSAV4_BLUETOOTH_PROTOCOL_BASE_ROADMAP_20260719/testing/MASTER_TEST_PLAN.md
5c6b540bab0c16be996942844561cc3e562c672f03c066ac723f9547ce79ac19	87	644	ROADMAP_BLUETOOTH/CASSAV4_BLUETOOTH_PROTOCOL_BASE_ROADMAP_20260719/testing/reports/FINDING_TEMPLATE.md
5359aaca47ba1bb47ce897c40c09ba8c33fbc81bd0cc67e2341995bcd644d6c7	106	644	ROADMAP_BLUETOOTH/CASSAV4_BLUETOOTH_PROTOCOL_BASE_ROADMAP_20260719/testing/reports/IMPLEMENTATION_REPORT_TEMPLATE.md
f6719afffe0a03f28840661b3c8ddaa6984a685360ef4aba633ba16e5ae82e0b	78	644	ROADMAP_BLUETOOTH/CASSAV4_BLUETOOTH_PROTOCOL_BASE_ROADMAP_20260719/testing/scenarios/ack-loss-retry.json
1c85e6efac400e2955557984e9ce09fc1ab7687f935e86537a8cae101a914683	92	644	ROADMAP_BLUETOOTH/CASSAV4_BLUETOOTH_PROTOCOL_BASE_ROADMAP_20260719/testing/scenarios/android-background-foreground.json
0d5bf66d44c025ee304c90518705af9cb522d868935ef6cb1723e1642d7327dd	128	644	ROADMAP_BLUETOOTH/CASSAV4_BLUETOOTH_PROTOCOL_BASE_ROADMAP_20260719/testing/scenarios/android-discovers-server.json
d565a4b5883c8003fbecff3382e0cf07a8d88b124e1c0d2291076e4e5dbcc8e4	129	644	ROADMAP_BLUETOOTH/CASSAV4_BLUETOOTH_PROTOCOL_BASE_ROADMAP_20260719/testing/scenarios/android-peer-discovery.json
35d712439150fe384bc83078486cea42eb7367ba7caa9437c30f5b0a78ad6128	98	644	ROADMAP_BLUETOOTH/CASSAV4_BLUETOOTH_PROTOCOL_BASE_ROADMAP_20260719/testing/scenarios/duplicate-dial-arbitration.json
c6b603c1db2d211f15fcfcb203ee150525befaacb37cd3e626a352f211c2cce2	107	644	ROADMAP_BLUETOOTH/CASSAV4_BLUETOOTH_PROTOCOL_BASE_ROADMAP_20260719/testing/scenarios/fragmentation-64kb.json
c581fc4235ef51e9a5ab8a5bc42147c410e78f12ad313cbd7876619b780310df	63	644	ROADMAP_BLUETOOTH/CASSAV4_BLUETOOTH_PROTOCOL_BASE_ROADMAP_20260719/testing/scenarios/invalid-device-certificate.json
d80498eced846799ed0d7b993568a1a1022f21bcce5db7338c27122627f0948f	89	644	ROADMAP_BLUETOOTH/CASSAV4_BLUETOOTH_PROTOCOL_BASE_ROADMAP_20260719/testing/scenarios/peer-capability-client-only.json
29ed78aa6c90b275f79aafde8b6878f8f77c297d1ba3c374d369c16550992856	150	644	ROADMAP_BLUETOOTH/CASSAV4_BLUETOOTH_PROTOCOL_BASE_ROADMAP_20260719/testing/scenarios/peer-moves-out-and-back.json
bd77d1eb077a82b7b9a5abe2cfcaefab298ee3f2dcb3d16037431e0a356301d4	70	644	ROADMAP_BLUETOOTH/CASSAV4_BLUETOOTH_PROTOCOL_BASE_ROADMAP_20260719/testing/scenarios/permission-denied.json
cf55c864e19678f446de777abc8f9b3d03e9e3c6a95866ccf4da3822523a0178	86	644	ROADMAP_BLUETOOTH/CASSAV4_BLUETOOTH_PROTOCOL_BASE_ROADMAP_20260719/testing/scenarios/raspberry-restart.json
728371b2803e3b5c5b04472da4ba4b7433aac1a66480ed4ee6caedb4118f9213	150	644	ROADMAP_BLUETOOTH/CASSAV4_BLUETOOTH_PROTOCOL_BASE_ROADMAP_20260719/testing/scenarios/server-discovers-three-android.json
2df2637f164e2f32090dc2390587c89570f4ee19d228899e792f2f0c0f498854	123	644	ROADMAP_BLUETOOTH/CASSAV4_BLUETOOTH_PROTOCOL_BASE_ROADMAP_20260719/testing/scenarios/soak-2h.json
2d903d54d59de1273a7fb6c60d9f9e593fa12c4cd3b3a00c5fa022687ac6f246	149	644	SORGENTE_SISTEMA/AVVIA_CASSAV2_ATTUALE.cmd
9dc76d26aefda8e75d4ad0a06802fcc74207e9a22bf2e6d21b5c5aa7d4de246b	1142	644	SORGENTE_SISTEMA/BUILD_INFO.json
6248d73dfa048a90252b9ea62781ab0f2fec0da90b297f019f779673f25cad1c	10646	644	SORGENTE_SISTEMA/CODEX_CHANGELOG.md
e21ba07c8e2034bdab18d3417011a57b9e85ff77579ccaa0c0af853b662a261b	4386	644	SORGENTE_SISTEMA/CODEX_HANDOVER_CONTINUAZIONE_20260713.md
9dd23e00a885719b78ab0b3383c7e9609c7d1e6d328666d3a643b6dff8a5e2f0	1968	644	SORGENTE_SISTEMA/CODEX_HANDOVER_FULL_FRONTENDS_20260707.md
4eb9ed1d1a0c19d63d658b9322c58366d1f183582fe034e2f3f6785a4f3834cc	408254	644	SORGENTE_SISTEMA/CONFIGURATION_ARCHITECTURE_MEMORY.md
092eef24a155e376b58b2ff0ed43a106733d549f6c3e6c84c5016909abcfeeba	7609	644	SORGENTE_SISTEMA/CONTESTO_COMPLETO_PTT_HTTPS_20260624.md
0267a52ad573d3ea8bd16e14f37d3a794852a785bdb21ca83e8df6016714849d	3022	644	SORGENTE_SISTEMA/CONTESTO_HANDOVER_20260624.md
0df6d5dcc8cb2631bc28fbf59ca38b24b0f6ebb21fabdc043f8f8ea1a5afff77	5703	644	SORGENTE_SISTEMA/CONTESTO_HANDOVER_CASSAv4-mobilenearend_20260629.md
e524fdc3907b43d6e0acacfdcd2cf6aa17988ea4869fe9818ea15198051e873a	2501	644	SORGENTE_SISTEMA/CONTESTO_RELEASE_CASSAV4_4.0.2_20260629.md
72e23cc687165f11895b4e222bb304388b266768ca61ff7a505729844ee60ae1	32873	644	SORGENTE_SISTEMA/EXTREME_TEST_MEMORY.md
e676e08ab7605d5f5322574e0358e169fa94a44c70699b069730c03c9a8e8bd0	5357	644	SORGENTE_SISTEMA/FASE0_BASELINE_REALTIME_20260630.md
f1560d480cafc755488d1d6fc048250bad2fc93f22b0f2ec9b1ce1683ce48a7f	2612	644	SORGENTE_SISTEMA/FASE_A_WRITE_AMPLIFICATION_20260630.md
d6e5c74b0c280db7beda66acd1f62800a7c90f5c1fdad8fffe7b3bdb7472a3c4	2481	644	SORGENTE_SISTEMA/FASE_B_GLOBAL_QUEUE_FINAL_20260630.md
4f84b62ec1cc96ec8f3861d05c9f0889ce462ace1b6dfbf7a07b3a80de7f4d29	3893	644	SORGENTE_SISTEMA/FASE_B_LANE_FAIRNESS_20260701.md
ea2f09fb589b0576d358e3b3d605d8c32a3941a7707fc87d192a09bcbd5edbc1	3452	644	SORGENTE_SISTEMA/FASE_B_NOTIFICATIONS_LANE_20260630.md
e971778f9932a0048a5ef426d9c388d7894241ffbb63b27210ec25199b479fdf	3081	644	SORGENTE_SISTEMA/FASE_B_PAYMENTS_LANE_20260630.md
a3a79cfedc924f66bc85fe7d752145b04ca5a46bdbefedc20e2680a491a3ccee	3228	644	SORGENTE_SISTEMA/FASE_B_PRESENCE_RESERVATION_PRESSURE_20260630.md
4851730e7d2cd59afa3fe664ba8162f75b504f5327065435a5f0b954dc1f8045	3448	644	SORGENTE_SISTEMA/FASE_B_RESERVATIONS_LANE_20260630.md
19ddb8407a4de7f84ccba52e50f47e894de18373063fd0b6adb9aa1fa3ebede6	3633	644	SORGENTE_SISTEMA/FASE_B_ROOMS_LANE_20260630.md
20477b90974b248b3e96fa1cb208dec581ab722e612e896b47abcbf046d70810	1804	644	SORGENTE_SISTEMA/FASE_B_SESSION_STATUS_LANE_20260630.md
7521f9b933d45d7d5099dc75cb45e6b1e2639c8d9eda06bb9f3c30249a6b0a22	3318	644	SORGENTE_SISTEMA/FASE_C_PRINT_ASYNC_20260630.md
50fb1e9d0627bb25a5ec15dbbf1994ef6630ac82180a630b22a422263d657e0a	4363	644	SORGENTE_SISTEMA/FASE_D_REALTIME_PAYLOAD_20260630.md
cba1210a4c6b2ff34fed9939790e661add649d1f5a0b9b2101fe690e0d0506bd	5825	644	SORGENTE_SISTEMA/FASE_E_POLLING_REDUCTION_20260630.md
a1335f1743eaed46c517ea11ddf5d8e5864fe171582f6890d2734b334337120a	2773	644	SORGENTE_SISTEMA/FASE_F_SCOPED_READS_ORDERS_20260630.md
f52e67e121866badf90badb46a4373689f3bd7fd53dca2db06a6b4391b52d866	3166	644	SORGENTE_SISTEMA/FASE_F_SCOPED_READS_STATIONS_20260630.md
54cc262c4359c29f64ad720b4204dc2e0626811de66e9f0793bb856b3711827f	1299	644	SORGENTE_SISTEMA/FASE_F_SCOPED_READS_STATIONS_ACTIVE_20260630.md
8c44c8c690ad308a267bc4f2f87a31d71c6d71794f6fb06d6328757c48e484c5	4005	644	SORGENTE_SISTEMA/FASE_F_STATION_LOAD_20260630.md
f89d5702ae563bbb48507e7d6c5561a1812270b99ab92e5cd759165642893b1f	2469	644	SORGENTE_SISTEMA/FASE_F_STATION_ORDERS_RECONCILIATION_20260630.md
9f0ef6ade4df864c2b1e2273fa740fd3f09d4f01fe27e80c2bccce4690f44037	3364	644	SORGENTE_SISTEMA/FASE_F_STATION_ORDER_INDEX_20260630.md
2628dc916326bccf199d8c0857d66591a41df48912ca8fe8ee972e4fe63bdf32	3549	644	SORGENTE_SISTEMA/FASE_F_STATION_PAYLOAD_CACHE_20260630.md
8c172b24f136800a489e6578da2c46c36839c030dcaf58336842c67a9d740da3	3288	644	SORGENTE_SISTEMA/FASE_F_STATION_PRELIMIT_20260630.md
6e533add1cfe7795ec08063e75301a68a1ed09e949d9e0ac5d0fb72c9d5195a5	2748	644	SORGENTE_SISTEMA/FASE_F_STATION_RECONCILIATION_ASYNC_20260630.md
bd62271f30c5de302dbb2b08797478ea5064c83a31573cea02b9b2cffe1515ae	3207	644	SORGENTE_SISTEMA/FASE_F_STATION_RECONCILIATION_CURSOR_20260630.md
9f59fc5a03a91330f52a52b7b148a55c219b5e76fe6b7bbc09f0e34ddc0c6a8b	2617	644	SORGENTE_SISTEMA/FASE_F_STATION_SCOPED_READ_20260630.md
a94645f61017c88edfd7cbd1126f0d166c1c65b73f4d0bfaa209f23211c3c44e	3167	644	SORGENTE_SISTEMA/FASE_G_ANDROID_REALE_20260701.md
f1378f62070b062a48e48b6a968de6ae9b26c4e40c676349e52ce72f3cdb4a22	2284	644	SORGENTE_SISTEMA/FASE_G_PACKAGING_UNIFICATO_20260701.md
e18cb1fdda279c5701cb003ed18fbdde0f2a56ee613be929b9a4320a6cf5b4d6	2146	644	SORGENTE_SISTEMA/FASE_G_PRINT_SPOOL_RETENTION_20260701.md
084d44943be0ae1802326e676f90f24446481ea7fb4e6b1c79791b552761b36b	2480	644	SORGENTE_SISTEMA/FASE_G_STAMPA_MANUALE_ASINCRONA_20260701.md
0bba917749eda7a1e80e41cd3df307e270801d5b5086232cbf7a81e26685d62e	3341	644	SORGENTE_SISTEMA/FASE_H_EVENT_OUTBOX_PAYMENTS_20260701.md
879832819e78240253b03e61ce365b2fdcaa2ef9ff59f125b21a1a24bcd9bc6e	3196	644	SORGENTE_SISTEMA/FASE_H_EVENT_OUTBOX_REALTIME_20260701.md
a2b730dd1729a57b642af0bb1f882f847543c603850c3d7852ba170d869b7dc8	4181	644	SORGENTE_SISTEMA/FASE_H_EVENT_OUTBOX_RETENTION_METRICS_20260701.md
13bf6b4ba3c5ab9d2a42da2e87adfd2dde9774896242769dd2308d4cf23eae48	3901	644	SORGENTE_SISTEMA/FASE_H_EVENT_OUTBOX_WORKER_20260701.md
595478aafbd1b36c9cd1a49eac48209dad2bb58549f118ec5b405088531d7b6a	2943	644	SORGENTE_SISTEMA/FASE_H_IDEMPOTENCY_PAYMENTS_20260701.md
5c7963eca14593534e06e5ee4d59419ca3798b3d48954ec352879e0c6384e6b4	2854	644	SORGENTE_SISTEMA/FASE_H_IDEMPOTENCY_PAYMENTS_TABLE_TICKET_20260701.md
4c20943b6e5c91b2b902e4786cafcaa01db14771e41e09fd7aa5213500d7f0d2	3466	644	SORGENTE_SISTEMA/FASE_H_REALTIME_BACKBONE_20260701.md
b02141efa96cac55d9ee2d395f7b3120b48281a1c0db4540c2f0ab3494991f0f	2161	644	SORGENTE_SISTEMA/FASE_I0_SHADOW_ORDERS_EQUIVALENCE_20260701.md
08c2445d8f09c6836afbd1c10ad45c6c4cd0cfa2343e3b33890302b226ff012d	2585	644	SORGENTE_SISTEMA/FASE_I1_RELATIONAL_ORDERS_HISTORY_READ_20260701.md
6e5d426c95ea99ff688d513e56b7248f352836c2df571b5403fd07adf3628531	3418	644	SORGENTE_SISTEMA/FASE_I2_RELATIONAL_ORDER_EVENTS_WRITE_PRIMARY_20260701.md
d42dd5290d15d1f11a93cd55f1cfb61481bd0c649b6c10d0bb72ca39904eb7db	2388	644	SORGENTE_SISTEMA/FASE_I3_ORDERS_NATIVE_REVISION_CAS_20260701.md
f7dba4375e9d5003a55faaf6c3db5250dac34237b270ff58ea2fc75be2bed7ff	3138	644	SORGENTE_SISTEMA/FASE_I4_ORDERS_CANCEL_WRITE_PRIMARY_20260701.md
9c16cefea5e31f6a0ed2d8b58a8da054c086e80e22157288218896b80a715abb	3376	644	SORGENTE_SISTEMA/FASE_I4_ORDERS_COMP_WRITE_PRIMARY_20260701.md
fba790270b47961daeb00319a83f96298eb4d1ba8a1c5b7d54f5f51a193e7c2d	3135	644	SORGENTE_SISTEMA/FASE_I4_ORDERS_CORRECT_WRITE_PRIMARY_20260701.md
3d57f5637c654ab38d51e6e44c6bc89e6ca9e1a25957eaa8e5c0dab3ede9ade3	3036	644	SORGENTE_SISTEMA/FASE_I4_ORDERS_CREATE_WRITE_PRIMARY_20260701.md
e0eb17d08bf0e53989bdb69ad2efb502593abaa2e8ec65d88192b2145604bbc7	2972	644	SORGENTE_SISTEMA/FASE_I4_ORDERS_SYNC_WRITE_PRIMARY_20260701.md
2e0a109b67687b0435f24f2fdf45c5c6afc58350e35c475b8c849ed431991702	2323	644	SORGENTE_SISTEMA/FASE_J0_RESERVATIONS_SHADOW_EQUIVALENCE_20260701.md
2799d30faa5442f6f66da69dd8e139fd1fcbcb7cf6bba252008ce13e003ee0ac	2122	644	SORGENTE_SISTEMA/FASE_J0_TABLES_BILLS_SHADOW_EQUIVALENCE_20260701.md
a45699ba287fc0b12c254b95bd2ac77f5a1b2f68acb7e969cb68acf923955cd7	2217	644	SORGENTE_SISTEMA/FASE_J10_ROOM_CHANGE_REQUEST_WRITE_PRIMARY_20260701.md
eb99ab2d6b37157d62d446fee6cbe54c546fe7efac52d493fe0b428aab3ab3c0	2406	644	SORGENTE_SISTEMA/FASE_J11_ROOM_CHANGE_APPROVE_CANCEL_WRITE_PRIMARY_20260701.md
04242ef473a8d3e631ac90f604e2bcd960dbb179047aa47408182423490d105a	2477	644	SORGENTE_SISTEMA/FASE_J12_TABLE_ROOM_MOVE_REQUEST_WRITE_PRIMARY_20260701.md
67b75ef5a22e20d25f4df8370b169327909c86784d8c92aa5a151f3e03c70b2c	2840	644	SORGENTE_SISTEMA/FASE_J13_TABLE_ROOM_MOVE_STATUS_PENDING_READ_PRIMARY_20260701.md
3bd2d6e9d95f3c008b7740eecde49bcaad1f452df295e99d6a2b297fe0c13a16	3039	644	SORGENTE_SISTEMA/FASE_J14_TABLE_ROOM_MOVE_RESOLVE_WRITE_PRIMARY_20260701.md
e4a28db48a6790589d63445eb31c55d14b1178b9d74444682f24d05865889ac5	2475	644	SORGENTE_SISTEMA/FASE_J1_RESERVATIONS_READ_PRIMARY_20260701.md
53659629cd7fe050292d81b23fb8bcc5316f4e687eb00faff8f887a14826b2e1	2747	644	SORGENTE_SISTEMA/FASE_J2_RESERVATIONS_LOCK_ACQUIRE_WRITE_PRIMARY_20260701.md
edc6d08746c4df4df0bb5075205610698717e67b68f53b73b1539a9d01ee6380	2651	644	SORGENTE_SISTEMA/FASE_J3_RESERVATIONS_LOCK_RELEASE_WRITE_PRIMARY_20260701.md
ab3d6107fcd99f92bf8b21572afb779f1745fe93f5ccf02b08b8a7afbe75df23	2216	644	SORGENTE_SISTEMA/FASE_J4_RESERVATIONS_UPDATE_WRITE_PRIMARY_20260701.md
5ff80466234744055920fa138c9e48c831228d8d6553250ba5e91024683a0489	2196	644	SORGENTE_SISTEMA/FASE_J5_RESERVATIONS_CREATE_WRITE_PRIMARY_20260701.md
5206187772b104fef95770853278649a382bb30e8613d02d82c21da4ee3768ac	2245	644	SORGENTE_SISTEMA/FASE_J6_RESERVATIONS_STATUS_WRITE_PRIMARY_20260701.md
f4a9c791b2cbe00905cd33dd2bc8a0ea77181296a24961dd1bc292061a2490b4	2073	644	SORGENTE_SISTEMA/FASE_J7_RESERVATIONS_DELETE_WRITE_PRIMARY_20260701.md
5c9a63d550c1481c2d486901edaf92c3795ab5a24653c5567a065dc051528cf2	2297	644	SORGENTE_SISTEMA/FASE_J8_TABLE_LOCKS_WRITE_PRIMARY_20260701.md
ae524d0bfa4041bf74dd4770db6c6d341f25b5c716b7585b29fe9c53594d1e26	2505	644	SORGENTE_SISTEMA/FASE_J9_TABLE_MOVE_WRITE_PRIMARY_20260701.md
958522fc278525ec1b5692021b9f90f64e1e14a269b8705c83a3eae281344c82	2315	644	SORGENTE_SISTEMA/FASE_K0_SHADOW_EQUIVALENCE_PAYMENTS_FISCAL_20260702.md
f5c2e7a1660ee4da1f367a68e6486bc54dfca52389e7918309f0edef6b5e4866	4265	644	SORGENTE_SISTEMA/FASE_K1_PAYMENTS_REPORTS_READ_PRIMARY_20260702.md
27997d84216d0b1ad2fda921df9862f52d3b0cf98db7182ae93484d0955d6836	4197	644	SORGENTE_SISTEMA/FASE_K2_PAYMENTS_REVISION_CAS_20260702.md
7811cc73c6955cad8d948599d77e98abfec9646872160bdff485c832b31a87c0	3017	644	SORGENTE_SISTEMA/FASE_KPRE0_DEPENDENCY_AUDIT_20260702.md
e698cb20c903170937fd1b5574c53ecb6f9b43ff07796dab1bd6402f58433ccd	2186	644	SORGENTE_SISTEMA/FASE_KPRE1_1_FISCAL_COMMAND_MODULE_20260702.md
a887c386c535ed7c8a874b01aaa9e8e263e4cd25b5d98a9a3da39e87e264b378	3048	644	SORGENTE_SISTEMA/FASE_KPRE1_2_PAYMENT_MOVEMENT_REPRINT_MODULE_20260702.md
5246c079c42ede9a43ce7ea67a5e1c355d52586f2ed0fb8b699aa97b301e8ad1	2932	644	SORGENTE_SISTEMA/FASE_KPRE1_3_PAYMENT_TABLE_MODULE_20260702.md
1eaad1820cf64b49666487f2f539f8d568f8b5372fa3c47894547eb9ed4c50a7	3094	644	SORGENTE_SISTEMA/FASE_KPRE1_4_PAYMENT_FREE_SPLIT_MODULE_20260702.md
16250dac56731ef4410c44fde7e65ac1586bdf6d57a9bd9606baad8c7c9a65d4	2316	644	SORGENTE_SISTEMA/FASE_KPRE1_5_MARGIN_REVIEW_20260702.md
deb85799cb5b87918b97445643f38c218b7b1e52346d05c1263d84339a7e990b	1797	644	SORGENTE_SISTEMA/FASE_KPRE2_1_CONCURRENCY_HARNESS_20260702.md
125155fa1f901f0a683ff1f423f5f1da6887e984545d4101fb0cedeb640c7551	1859	644	SORGENTE_SISTEMA/FASE_KPRE2_2_CONCURRENCY_RETROVALIDATION_20260702.md
e60bada3e967267fd81e11b3adaf3ede4768e85dbcab61291a53db10c7a47a1c	892	644	SORGENTE_SISTEMA/FASE_KPRE2_3_CONCURRENCY_PATTERN_DOD_20260702.md
015229128eb264fdc0068564abd5f55beac342ed10621787c4434255c1baeb3c	2161	644	SORGENTE_SISTEMA/FASE_KPRE3_3_PAYMENT_STATUS_RETROFIT_DECISION_20260702.md
d2fc3cc3dc329369119fb5e9c90d25a878ff6da8a9d401f2371ebabe27a99547	2672	644	SORGENTE_SISTEMA/FASE_KPRE3_TRANSACTIONAL_OUTBOX_20260702.md
baa557a77d3d7d4ca5d56194c4336ac067b9efe786c1cd4b09dca01c629deb51	4185	644	SORGENTE_SISTEMA/FASE_KPRE4_1_FISCAL_BOUNDARY_REVIEW_20260702.md
b94e0aa4c6eb982c19824ff9580f42146ee6b9831c6a7855c5aaed9f41ca6645	3947	644	SORGENTE_SISTEMA/FASE_KPRE4_2_FISCAL_OPTIMISM_BOUNDARY_20260702.md
e3c1c2aff4d2835428a7653340b62f0b28a5ebd6c293b60e4fb87a5a2b93a79c	1329	644	SORGENTE_SISTEMA/FASE_KPRE4_3_FISCAL_BOUNDARY_DOD_20260702.md
43c6ef50de1a99b72bb8dbde9adaf707ce42cc844e582c6070fdd103b7483666	7516	644	SORGENTE_SISTEMA/HANDOVER_CASSAV4_CHAT_20260704.md
e5337de08d437bb67bc339126675f3f4a1dc41dd4f8b3f12835ad1ca78cb156f	8935	644	SORGENTE_SISTEMA/HANDOVER_CASSAV4_P3_MULTIPROCESS_20260705.md
572479781a428ae66ed65946dc7872a50ec7f8c0b045e7bdbd5421c3a002219d	1664	644	SORGENTE_SISTEMA/HANDOVER_RICOMPILAZIONE_CASSA_V4.md
57e6c55b1c13a29ada158b16ab330f6fcd4288fb1782c97a0e0ee1b589026fce	6068	644	SORGENTE_SISTEMA/INTEGRAZIONE_FRONTENDV2_20260522.md
50400bbfd08242a1669d73d7b7a20e543644fe9293b93d4ef5d8dff1f2a15a34	4956	644	SORGENTE_SISTEMA/ISTRUZIONI_RIPRISTINO_HTTPS_20260624.md
ef6be928b20d356e9f228909c52783e84678f9c2211ef3c1cb7f1092dd019f4c	9327	644	SORGENTE_SISTEMA/LOGIC_SETTINGS_AUDIT_MEMORY.md
3c8101116eb980863145c31d28a24d1ef9e073f6a37170937451c9e731a68122	109729	644	SORGENTE_SISTEMA/MANIFEST.txt
967ab046846f2185df5444fb57a0e770f8f916182941bb9d3ae6c7271a779e81	71633	644	SORGENTE_SISTEMA/MEMORIA_ARCHITETTURA_CONFIGURAZIONE.md
ce7c63051c0f94676fe74a991904e14d33f326a78f5df1519e9431b83d2a2825	168292	644	SORGENTE_SISTEMA/MONOLITH_REDUCTION_PROJECT_MEMORY.md
4e3e1f7d23d2876cd007ccfefd1d90cfd581dafcfdb5ccdbd54760c09ee13667	10774	644	SORGENTE_SISTEMA/P4_P7_HANDOVER/PLAYBOOK_DOMAIN_WRITE_AUDIT.md
523841f088bd0723d55e3bc3044f98dd290e57a767348928255b2a5489db21e7	2362	644	SORGENTE_SISTEMA/P4_P7_HANDOVER/README.md
d7fad39b91104fcedb4bd6670c19a222defd355cc11190d8a60a0c8886dbe388	13379	644	SORGENTE_SISTEMA/P4_P7_HANDOVER/ROADMAP_COMPLETAMENTO_P4_P7_20260713.md
d19b22f21f068d567d260918f8e4efdabdece29bc9e6c5003ef1e19dfc168fbd	18272	644	SORGENTE_SISTEMA/P4_P7_HANDOVER/ROADMAP_REALTIME_CASSAV4_v5_FASE_P.md
3ba04ca56bd1928113e76da09f81cff4df7301f8b6c1d84e26f0a572a92b79d6	7981	644	SORGENTE_SISTEMA/PROBLEMI_DA_RISOLVERE_MEMORY.md
0befdee6b8022cd786d816a8d92da0b8e05e0d9ae1297923ca53ade3478c2056	1485	644	SORGENTE_SISTEMA/README_HANDOVER.md
f7a7e36dd1ddb51c7b46746d33af31fb2010fa268776fc6024008f0e219f1b40	21490	644	SORGENTE_SISTEMA/ROADMAP_ARCHITETTURA_v4.1.0.md
24ac8fab82151f4f891ce63d5a193fbe6bcf2f072ced32a9b9ba56954cd2a267	216138	644	SORGENTE_SISTEMA/SHA256SUMS
e7073b3868e3896400084abb2fd328cf405f1eec113d9cd87a5a311aaca32924	19380	644	SORGENTE_SISTEMA/STATO_AVANZAMENTO_20260702.md
28b000fbf0c11054b568602b9232bbf45c88ed2faf165efef280f15e25f1622d	1647	644	SORGENTE_SISTEMA/ULTIMATE_README.md
7d92831d8b041f2ace583824c053e68581c876c4df9b6a66094176bcf3d04027	1513	644	SORGENTE_SISTEMA/V3_WORKING_COPY.md
14fdb9cd14c00dffb0e54d263d6d5f8758bbbce04edf9f0e99a7cae7caeab5e3	495	644	SORGENTE_SISTEMA/WORKSPACE_ATTIVA.md
4d5333f1d1d61de4546370ed7c5cb1ba9bf061e03566af9b9ae12f7c7bd831a3	40	644	SORGENTE_SISTEMA/battery-dashboard/.gitignore
75210d2012e183228160510b5beb34a5019d0802806c2dbabb5347513fd5e0fb	8759	600	SORGENTE_SISTEMA/battery-dashboard/dist/assets/index-BB0vZROw.css
17099657d82fd115ee327b82a0e13943afd63b51102e5cde1be23fe99a6ef435	155644	600	SORGENTE_SISTEMA/battery-dashboard/dist/assets/index-uYID1fLh.js
40f3a104ec5d57370a6bf052776ef68a844150c3d11cde3ffa440e5dee2c8b6c	401	600	SORGENTE_SISTEMA/battery-dashboard/dist/index.html
7ab3e45d2640a59421d708d3c819cefd6a3f102ebf95cbb5cd75cdd4e160016d	303	644	SORGENTE_SISTEMA/battery-dashboard/index.html
fb23b9d8f046985da4f18c3971a54775b286e7286535c1c5b1325487c7ad255f	90827	644	SORGENTE_SISTEMA/battery-dashboard/package-lock.json
2bcf8b4d4b9b11671d041a191b7b786723ab2c66b4a78577cc22f55c884a76cf	445	644	SORGENTE_SISTEMA/battery-dashboard/package.json
b8aed65f1675ff89b6265d0b8c3e2dd07c5000b25c1ace50b1dfbea8419d557f	10837	644	SORGENTE_SISTEMA/battery-dashboard/server/index.js
4d1a91a9b55a720b1dd704eb6d718f53577a02ca133f91597f4076a346be40ef	9600	644	SORGENTE_SISTEMA/battery-dashboard/src/App.jsx
7ccc757f4fc9e65ac19db10cf988455c5817e607f09d60711702b968e21a1928	237	644	SORGENTE_SISTEMA/battery-dashboard/src/main.jsx
47c8689f9fe2eea618716fe9add1f284fffe754dbd0e982e881908db43ac4703	10939	644	SORGENTE_SISTEMA/battery-dashboard/src/styles.css
9c5e64e704d6b115c2de6fc924fe0418d0de14ab964a0ad56ed8fed570aa8ec5	167	644	SORGENTE_SISTEMA/cassa-frontend/.gitignore
c2829b6fb989e85a559ceecad54cd9c6cad2e1f19e2895e9b36327a173daf176	6657	644	SORGENTE_SISTEMA/cassa-frontend/CODEX_HANDOVER_20260707.md
6f824bc5e8d1d855759750710f7c78c20d241dea89d845dd91b7a10562f1d1fb	2955	644	SORGENTE_SISTEMA/cassa-frontend/FASE_K3_FISCAL_COMMAND_WRITE_PRIMARY_20260702.md
b7b15ec660d115aef61ca07c7a0f48e0e7427a2f4862be2a3bc1479614531e8c	3150	644	SORGENTE_SISTEMA/cassa-frontend/FASE_K4_PAYMENTS_TICKET_WRITE_PRIMARY_20260702.md
345c45a2ce210490bce940128aff12f2b57f01bb7f0031bf16fb16807d00088a	3419	644	SORGENTE_SISTEMA/cassa-frontend/FASE_K5_PAYMENTS_TABLE_WRITE_PRIMARY_20260702.md
ba2c2d316c53c62bd10e10cd887e2ddccb43dba93cc31a3154bda91ed41c783a	4370	644	SORGENTE_SISTEMA/cassa-frontend/FASE_K6_PAYMENTS_FREE_SPLIT_WRITE_PRIMARY_20260702.md
a439e69487ae2250885943897253558db19fde59dd302888ac6c0d909f458a84	4672	644	SORGENTE_SISTEMA/cassa-frontend/FASE_K7_FISCAL_RECEIPTS_WRITE_PRIMARY_20260702.md
a3ecb1054ec649df90a8dd4714255cf377983ebdbe6ab63581117d263db77130	3834	644	SORGENTE_SISTEMA/cassa-frontend/FASE_K_CHIUSURA_GATE_20260702.md
626f887c35255b907cbbdfb169511e01496e1bfd9d0775afb1e7e8322f612066	3862	644	SORGENTE_SISTEMA/cassa-frontend/FASE_L1_ORDER_CROSS_EXCLUSION_20260702.md
071ea504e1715ee183e1a4f54cdc0cf2905918eac102e13b6cdb533502a66566	3365	644	SORGENTE_SISTEMA/cassa-frontend/FASE_L2_ROOM_RESERVATION_CROSS_EXCLUSION_20260702.md
5458a40618135e89fa3e086f4c8e1f30ed45be42f8333250801e4130901ef653	4234	644	SORGENTE_SISTEMA/cassa-frontend/FASE_L3_PAYMENT_CROSS_EXCLUSION_20260702.md
375468d27c844d7235d6ed149a8be30e15cb98a4ff4b641438a3a851c6eb37d2	3265	644	SORGENTE_SISTEMA/cassa-frontend/FASE_M1_HOT_ENDPOINT_OUTLIERS_20260702.md
d1fc2c3db735a0984c754c177446c21cb7143addd41e7ed845f05f257c83c5b3	3695	644	SORGENTE_SISTEMA/cassa-frontend/FASE_M2_STATION_SCOPED_ORDERS_CACHE_20260702.md
ba97df5e7fcdd9ce8484d23f9cfaee527f7fc94d94f7b0219594a6d6c62972a0	4059	644	SORGENTE_SISTEMA/cassa-frontend/FASE_M3_FISCAL_RETRY_LANE_20260702.md
0eebf08cd402339e7d6a528f7bb7a68b8c3d0eceed20feb660a119debf6d4365	4147	644	SORGENTE_SISTEMA/cassa-frontend/FASE_M4_RUNTIME_METRICS_DASHBOARD_20260702.md
531e37d725b87d1fa80022b1e4077dc5bc6d8904037e65f80f681734d7536936	2945	644	SORGENTE_SISTEMA/cassa-frontend/FASE_M5_SERVER_MARGIN_REVIEW_20260703.md
507a8a743121450692ab43208662980083af659960ce9d42cd10fb05a1701262	3640	644	SORGENTE_SISTEMA/cassa-frontend/FASE_M6_PRINT_SPOOL_RETENTION_REVIEW_20260703.md
8046b282d400fee3412b1aa15eb75894ee890d1ffc8ad3277a79ebd806df5938	4007	644	SORGENTE_SISTEMA/cassa-frontend/FASE_N1_PAYMENT_STATE_MACHINE_20260703.md
be5bc7350d1a7c0d18103ea7cc094837708f9458db744264f9167aa195fcd249	3556	644	SORGENTE_SISTEMA/cassa-frontend/FASE_N2_ORDER_STATE_MACHINE_20260703.md
51e0abcea4519b7b472d5f6a81b7296ed6ad0e8015cf5735a8f7d1f8e6e64565	4091	644	SORGENTE_SISTEMA/cassa-frontend/FASE_N3_PRINT_STATE_MACHINE_20260703.md
433e71bb487d6b9f9c16a672b43b1c821cdab3662d4367e470f9e10fed5b0303	2319	644	SORGENTE_SISTEMA/cassa-frontend/FASE_O_ROADMAP_RECONCILIATION_20260703.md
d9c3b1b544f086e83f3017e9581f7040e22f64d03df9d7b2dee83fcb4f60c608	2674	644	SORGENTE_SISTEMA/cassa-frontend/FASE_P0_VALIDATION_PREFLIGHT_20260703.md
830e15003084e7ccc3dd4c5a147de5a070980c7f9f19f4367c4e636c25c6e0b8	1417	644	SORGENTE_SISTEMA/cassa-frontend/FASE_P1_LOAD10_SMOKE_20260703.md
4a5004e41ad19dbc18115108c427f8a7c9e07dcdda4b8c3755a80434878d7a5c	2086	644	SORGENTE_SISTEMA/cassa-frontend/FASE_P2_LOAD25_SMOKE_20260703.md
8a4dc18caeae6b874aef7da23d7de6d6ddba80646b6a6e7bbd02a52f9c12de57	2583	644	SORGENTE_SISTEMA/cassa-frontend/FASE_P3_14_ASYNC_FLUSH_LAYOUT_GATE_20260708.md
93614bf7f5d0345c9a7fd175889dddb0c5079c0fe9b3eaa54094e5c278dfd04f	3848	644	SORGENTE_SISTEMA/cassa-frontend/FASE_P3_15_STATE_MACHINE_AB_CHECK_20260708.md
5e5ab722ec302ef774506f84fa9a64d535f530e0073f46ebb80d0aa01c5a7c54	2886	644	SORGENTE_SISTEMA/cassa-frontend/FASE_P3_16_SWEEP_RESERVATIONS_20260708.md
76836d2c160b994b50ac7e373871f53b4f009f28c8d3e57110fe226d4290a207	3442	644	SORGENTE_SISTEMA/cassa-frontend/FASE_P3_17_SWEEP_TABLES_ROOMS_20260708.md
1998ff6025ff9533518f2c8e2c8faeb35fe48a8e9cc9a6040d4949825e1326e0	3336	644	SORGENTE_SISTEMA/cassa-frontend/FASE_P3_18_TABLES_READ_PRIMARY_RECONCILE_20260708.md
98d55f3956ecbe5a416824846979d65a5f0f28eb11d8e50b042621586f13b461	3382	644	SORGENTE_SISTEMA/cassa-frontend/FASE_P3_19_LAYOUT_TABLES_READ_PRIMARY_20260708.md
044ac9fe10728d0ef4f8a7c7acc5312b106f76e344b16b639baaa5b4287418bc	5150	644	SORGENTE_SISTEMA/cassa-frontend/FASE_P3_20_LAYOUT_LATENCY_CACHE_20260708.md
7c82e0929b33d844baea6d0a1b9def9346f1e3997ae4e9aed5dc5206269a772d	4892	644	SORGENTE_SISTEMA/cassa-frontend/FASE_P3_21_API_WORKER_READ_CANARY_20260708.md
c793156b5f092bd8d8186285f7291e30ab48f9c29e75416f65259b9bc91f2017	3017	644	SORGENTE_SISTEMA/cassa-frontend/FASE_P3_22_ORDER_WORKER_E2E_LATENCY_20260708.md
87370f07efd8ff8b7764db9d161967fb8791284c1f98e0df6856355c7ace87fe	4637	644	SORGENTE_SISTEMA/cassa-frontend/FASE_P3_23_ORDER_WORKER_CONCURRENT_CANARY_20260708.md
58d7a709d9f9241d0368dff3b61ee8dc9f9252df14eeba593143bea31a215538	2702	644	SORGENTE_SISTEMA/cassa-frontend/FASE_P3_24_SERVER_BUDGET_SMART_EXTRACTION_20260708.md
a63db8281047c1f64da5da0c9d049f769992d522ebd2c726c0d96ba6f9a9bc97	5051	644	SORGENTE_SISTEMA/cassa-frontend/FASE_P3_25_CPU_PROFILE_ORDER_WORKER_20260708.md
820d05f0c041aee032497c5c5518d9530e8fa37a0d6dc753ca934e607ce76350	4088	644	SORGENTE_SISTEMA/cassa-frontend/FASE_P3_26_SESSION_SYNC_GUARD_20260708.md
ae6bf1448664705ff2054c1610748925729653af2fc74bd6b7101a8fb82a307e	3004	644	SORGENTE_SISTEMA/cassa-frontend/FASE_P3_27_ORDER_IDEMPOTENCY_PREFILTER_20260708.md
bdf930a29a4bbd84506568f277cff54831ec57f43f70e12530d09095a39b20f5	3222	644	SORGENTE_SISTEMA/cassa-frontend/FASE_P3_28_SCOPED_ORDER_WORKFLOW_SNAPSHOT_20260708.md
bdb620087cce1fc5157be6c0613affe046e5862874cfff6c587f5a667fedcc45	3429	644	SORGENTE_SISTEMA/cassa-frontend/FASE_P3_29_ORDER_SYNC_STATION_SCOPED_SNAPSHOT_20260708.md
2ab96afc4135b1a2fa1b6f21956bee0cdd674ac8f6beef7fb752dfe76c9a1807	3760	644	SORGENTE_SISTEMA/cassa-frontend/FASE_P3_30_STATION_HARNESS_SCOPED_ACTIVE_20260708.md
5c02777a0bfb45ff3e43dbb5916198bc4b69681b35e72c6107412568a90c0128	4174	644	SORGENTE_SISTEMA/cassa-frontend/FASE_P3_31_ITEM_PROGRESS_ASYNC_FLUSH_20260708.md
ca072e33ea9f1e08fbd3065f5e5fcd7e67aaf61eae081cae87eda2ef2789db61	4078	644	SORGENTE_SISTEMA/cassa-frontend/FASE_P3_32_ORDER_SYNC_TABLE_STATE_WRITE_PRIMARY_20260708.md
df50d372b0001b7f0ea8062084197feb1b99918aa0f26733bcf34cde04d56244	4363	644	SORGENTE_SISTEMA/cassa-frontend/FASE_P3_33_SKIP_ASYNC_POSSETTINGS_TABLES_20260708.md
73d210b27bd062792be25554870da96a72966cab0d662562092b28d52e1e7336	5385	644	SORGENTE_SISTEMA/cassa-frontend/FASE_P3_34_SKIP_EMPTY_AUDIT_ASYNC_FLUSH_20260708.md
08aa40b9e3b0ccbdb144a8fff67022656588394b3164cc6decc8729638fc56f5	5270	644	SORGENTE_SISTEMA/cassa-frontend/FASE_P3_35_REMOTE_OWNER_ASYNC_FLUSH_20260708.md
9a0ad9ccbc9584f787967cb120ab58d5b09308b4b3ec4345f76ad401443fa570	4964	644	SORGENTE_SISTEMA/cassa-frontend/FASE_P3_36_OWNER_FLUSH_DEFER_20260708.md
d12656e15d56826e6899abe7846a8ebc2205ca192ca2fa140e44efe8bf1583a2	5098	644	SORGENTE_SISTEMA/cassa-frontend/FASE_P3_37_STATION_PRESENCE_FAST_WRITE_20260708.md
1bef3fa384ab36858fe751c12d6b3f33560fbbc937f5280922696448e9f2500a	5216	644	SORGENTE_SISTEMA/cassa-frontend/FASE_P3_38_AUTH_SESSION_FAST_WRITE_20260708.md
4b0ca17c80b07c995c7dabd487b627e420099bc0f7e511fa0918f94d98cfd7c3	3780	644	SORGENTE_SISTEMA/cassa-frontend/FASE_P3_39_ASYNC_FLUSH_INTERVAL_TUNING_20260708.md
7bba7656b13b9505838f9605d208122378e60a0e96a66ef569b407f6d26dfab0	4561	644	SORGENTE_SISTEMA/cassa-frontend/FASE_P3_40_CPU_PROFILE_CANARY_20260708.md
d47161ac62cb918bef3573ba008c2a0a94905393613361a30684093b5a39ab03	3140	644	SORGENTE_SISTEMA/cassa-frontend/FASE_P3_41_EVENT_OUTBOX_BACKLOG_METRICS_20260708.md
924b1a413e0a39793ac58b010cf9618d55efa39ddb21d5a5f69378fcfffdfb27	3807	644	SORGENTE_SISTEMA/cassa-frontend/FASE_P3_42_ORDER_LOOKUP_INDEX_20260709.md
bccbd93d804d2a5bc7c155c126b0a8e29eb4c1376af49e177942f9606fa442b1	3522	644	SORGENTE_SISTEMA/cassa-frontend/FASE_P3_43_LAYOUT_TABLE_SNAPSHOT_20260709.md
a7950672a41c0c9710bc17dd3d2df27e12262066ad9c9f2b1df22905717c40a4	4388	644	SORGENTE_SISTEMA/cassa-frontend/FASE_P3_44_TABLE_SESSION_TARGET_20260709.md
a36491b3489f552fd6febd0538719e8f5b630ca2cf9ae9bbc0b978fdea4ccc25	4729	644	SORGENTE_SISTEMA/cassa-frontend/FASE_P3_45_FINANCIAL_TARGET_LAYOUT_20260709.md
7da80123d9925a2c9a97cb5980efc339554bf76e27aaa0b9c8c507c62218f969	5133	644	SORGENTE_SISTEMA/cassa-frontend/FASE_P3_46_SYNC_INTERNAL_METRICS_20260709.md
5f8a09d180a6ebd271ed318f0bcddf260d127a58f3328e648994342f793f0929	4693	644	SORGENTE_SISTEMA/cassa-frontend/FASE_P3_47_SYNC_STAGE_SPLIT_20260709.md
73c46edc5dc89610e97f4a18f7444e74f7ee6bc9a468a2a48c7a1b84eefc08fc	3899	644	SORGENTE_SISTEMA/cassa-frontend/FASE_P3_48_REUSE_TABLE_SNAPSHOT_20260709.md
f41e1e87090e17bad9460787f051bb01690f0689526744e6230c575d72b359e4	3983	644	SORGENTE_SISTEMA/cassa-frontend/FASE_P3_49_APPLY_PLAN_SPLIT_20260709.md
4ede800621a041a5aa0b56fd38c83e35464bae8e0fd8d5077cf9ea88251b7340	3701	644	SORGENTE_SISTEMA/cassa-frontend/FASE_P3_50_CHANGED_ONLY_SCOPED_MERGE_20260709.md
aa3195d6ca89828ece94a6f2ef4a039adf6b4075f531b49e23e0d18f487bdb75	4138	644	SORGENTE_SISTEMA/cassa-frontend/FASE_P3_52_FINANCIAL_SESSION_FASTPATH_20260709.md
d5ae91ea19b9c0fd39870b6f7225e4ef755f32b6c54229904df0b57730568e49	4388	644	SORGENTE_SISTEMA/cassa-frontend/FASE_P3_53_RELATIONAL_SNAPSHOT_BATCH_20260709.md
b2a16ae1a36636fc3f1df6fb74089c4ae70ec48dc884daf7691d09ddb4f60035	3393	644	SORGENTE_SISTEMA/cassa-frontend/FASE_P3_54_SYNC_METRIC_SPLIT_20260709.md
b6a67d048666a00432dcc02dd11884de3c48e5c8e9f3acf613061b0e9934ad90	4423	644	SORGENTE_SISTEMA/cassa-frontend/FASE_P3_55_WORKFLOW_LIGHT_SNAPSHOT_20260709.md
22e90e7accad541004a9526fd8a2b00d8cbb6f1bed0d206b699382f78a3eaace	5640	644	SORGENTE_SISTEMA/cassa-frontend/FASE_P3_56_WORKER_RUNTIME_METRICS_20260709.md
23784069597366b92aa006095d8f6886101c52a81c0f4ca7b2fbdf0fc7fb711b	5592	644	SORGENTE_SISTEMA/cassa-frontend/FASE_P3_57_FINANCIAL_NOOP_FASTPATH_20260709.md
124f937dc7f7e2823c12b5fa009b0ac371ad020d4412540a0211d3726bb4ae45	5364	644	SORGENTE_SISTEMA/cassa-frontend/FASE_P3_58_NOOP_TABLE_SNAPSHOT_20260709.md
dbd491e1c5fb5c8c6c68ab94fdddacdabd43771a6aef0a9d0c0f8afc1a4dcadb	3912	644	SORGENTE_SISTEMA/cassa-frontend/FASE_P3_59_WORKFLOW_STATUS_FILTER_20260709.md
edab27e4f795d97541f6c9546d360a6fffe061911d016d4a0f19108fd502e16b	4154	644	SORGENTE_SISTEMA/cassa-frontend/FASE_P3_60_QUEUE_RECONCILE_FAST_SKIP_20260709.md
29232d4d874cf34c4f9b0767b17ec8859b8242bfaa46da88bac465aff30e5073	3735	644	SORGENTE_SISTEMA/cassa-frontend/FASE_P3_61_REDIS_CACHE_BUMP_COALESCE_20260709.md
48a316c035951282a754331abaa6b685bd0de0cae6b8e3777e2316211f891aaf	2712	644	SORGENTE_SISTEMA/cassa-frontend/FASE_P3_64_ORDER_CREATED_LEAN_PAYLOAD_20260709.md
812435bbe5c052d5f98818b30d962d0edfd54d1aea0905d4b4983858ede66a30	2757	644	SORGENTE_SISTEMA/cassa-frontend/FASE_P3_65_ORDER_CREATE_FINANCIAL_DELTA_20260709.md
44230cc27afaddbc559bc4ea82225d6742ff11d61f623233a41ae4e9ebc371ae	2306	644	SORGENTE_SISTEMA/cassa-frontend/FASE_P3_66C_CREATE_QUEUE_TARGETED_RECONCILE_20260709.md
bc7c546f050014c03da0c3e137e081241a0c25d06019db141504ef494c6dbac7	2687	644	SORGENTE_SISTEMA/cassa-frontend/FASE_P3_67_DELTA_BEFORE_SNAPSHOT_20260709.md
9e39c7a155476504e8d78cec9faf11e881fd63069894d7a3fa1371a7e7317791	3138	644	SORGENTE_SISTEMA/cassa-frontend/FASE_P3_68_READBACK_LOOKUP_20260709.md
10388d75a61ad2a42dd0c3f8a5e4885be58382cfbe3f19dd504059de38be7926	3771	644	SORGENTE_SISTEMA/cassa-frontend/FASE_P3_69_CANCEL_DELTA_20260709.md
e10914416110a322da97e58d45c5788c8652e3187c24332f9512ce653095e9c7	3869	644	SORGENTE_SISTEMA/cassa-frontend/FASE_P3_70_PRINT_SPOOL_DISABLED_FAST_APPEND_20260709.md
91b3ac193dc3de4c20b56fa5bad9cff1d621b54cb16a0fa78fad4164fd1c025b	4580	644	SORGENTE_SISTEMA/cassa-frontend/FASE_P3_71_READ_DB_INTERNAL_METRICS_20260710.md
44a8bf7c4ee729ac921763e95d2dc82b00cefc5bed76f7eb61e61821e9741b5d	4675	644	SORGENTE_SISTEMA/cassa-frontend/FASE_P3_72_RELATIONAL_TX_METRICS_20260710.md
b751681f8c4474e73250dfc47afae1566e6d872d9ef3d49dcbf5e57d23d9757a	7789	644	SORGENTE_SISTEMA/cassa-frontend/FASE_P3_73_WAL_OWNER_CHECKPOINT_20260710.md
8db5118b513d61420102962e015626891276c5f26f4add6e8bf8b71694c8b264	7286	644	SORGENTE_SISTEMA/cassa-frontend/FASE_P3_74_CONCURRENT_RAMP_20260710.md
795f20cd5fb2bb80eed071082b9b2408182a8efa307c9f1bbd6eb142442c6c3b	5358	644	SORGENTE_SISTEMA/cassa-frontend/FASE_P3_76_ORDERS_IDEMPOTENCY_INDEX_20260710.md
563d010073ad521012246497837bab99ad2133a8d002cc747b054b728427b1c0	3172	644	SORGENTE_SISTEMA/cassa-frontend/FASE_P3_AUDIT_EMPTY_SKIP_PROBE_20260703.md
7609367034cf3ae9249cea2d21515c6fea72a8ca492a6997004723a1a27f1ec5	6429	644	SORGENTE_SISTEMA/cassa-frontend/FASE_P3_CROSS_LANE_PRESENCE_20260703.md
d45e7755eff1918ead5a155542eb26744e1eb21d2979bdae844c85e93ee8e98d	3425	644	SORGENTE_SISTEMA/cassa-frontend/FASE_P3_DOMAIN_SPLIT_METRICS_20260703.md
48a474dae7957171d56915a5b7420db1b706ae2c43d2ca782207853ec8cdc1e4	3926	644	SORGENTE_SISTEMA/cassa-frontend/FASE_P3_INTEGRATION_BULK_20260703.md
4ed39ad80d54302494a5a99e8581e40a19534e3690f6655db6f36fac9be1ea97	3544	644	SORGENTE_SISTEMA/cassa-frontend/FASE_P3_LOAD50_DIAGNOSTICA_20260703.md
285bb301e92ce3751637253df7e753018097297a86d8741476ffcf5e25168a32	3346	644	SORGENTE_SISTEMA/cassa-frontend/FASE_P3_LOAD50_FASTPATH_20260703.md
60d5c2f0293a54abfa15df145d6f287c3f426f8a1540b5d96d6c376ed432a922	107079	644	SORGENTE_SISTEMA/cassa-frontend/FASE_P3_MULTIPROCESS_TOPOLOGY_20260704.md
5ea8c8dad8dae7d6363961ec8ac43eb79019c1ca32c2035918f85dafc329f4ed	7074	644	SORGENTE_SISTEMA/cassa-frontend/FASE_P3_MYSQL_POOL_PRESSURE_METRICS_20260703.md
ceffc4685d05415e3b924a5c823cf3318aa5dd7a14218b994ef4d67388d85708	9339	644	SORGENTE_SISTEMA/cassa-frontend/FASE_P3_ORDER_ASYNC_ACK_20260704.md
a7f8548fb2cac8c044416643ebcbc56f5a0774c68d3f2b6ecba1253a4ee78f11	2716	644	SORGENTE_SISTEMA/cassa-frontend/FASE_P3_ORDER_AUDIT_FASTPATH_20260703.md
dc3ddb99680eaa352b8f15da190f96c1c30cc44667a01c9f597d7ad9bcb2c8cb	4856	644	SORGENTE_SISTEMA/cassa-frontend/FASE_P3_ORDER_BURST_CAPACITY_20260703.md
8e933b3c5245fcae4fce9a27ee10bc3de852ec867dc5fe27c265b07ad8a606e4	7708	644	SORGENTE_SISTEMA/cassa-frontend/FASE_P3_ORDER_ENTRY_SCAN_PROBE_20260703.md
21d2ba8d10bb40b94c0be8037f53f13e6de13729b830fd9dad6b9d54706de110	3189	644	SORGENTE_SISTEMA/cassa-frontend/FASE_P3_ORDER_FULFILLMENT_FASTPATH_20260703.md
479b61e3fb3e9ddd66ebeab1d53b9c25c71323d27050fffd5b7c407f81ab1911	3214	644	SORGENTE_SISTEMA/cassa-frontend/FASE_P3_ORDER_INDEX_BATCH_20260703.md
56843630deba769cbfda0b95050187f0ae8036df7f3122e077297b77f30484cf	3261	644	SORGENTE_SISTEMA/cassa-frontend/FASE_P3_ORDER_INDEX_FASTPATH_20260703.md
904ba54582f0ff7e1aa17877835b3a3cd0d46f11a816c299603101c755d3ae12	4110	644	SORGENTE_SISTEMA/cassa-frontend/FASE_P3_ORDER_INDEX_PRECISE_20260703.md
8803f2b75ddec15ada1cfdc27de53a8973038a81b67c3ef88c9571221784c52a	3771	644	SORGENTE_SISTEMA/cassa-frontend/FASE_P3_ORDER_LANE_BUCKETS_20260703.md
6e1f69713cc3b2736d294378726f66354486d7948304e589263f2b47700ccac4	4303	644	SORGENTE_SISTEMA/cassa-frontend/FASE_P3_ORDER_LANE_CAPACITY_20260703.md
20eb9df525aea261148be9ad1266cb2d1f5fe297f0560c51236abcbdba969664	4025	644	SORGENTE_SISTEMA/cassa-frontend/FASE_P3_ORDER_LIGHT_PRIORITY_20260703.md
ff891ea30a454c009e4c04e46e57103d9a64b211377a807057c8d0d220df2666	4421	644	SORGENTE_SISTEMA/cassa-frontend/FASE_P3_ORDER_MUTATION_FASTPATH_20260703.md
a642b8f7f9c1dc68d6737b303405bc5b46498989c223e656415157eeca1e49e2	3635	644	SORGENTE_SISTEMA/cassa-frontend/FASE_P3_ORDER_MYSQL_BATCH_PROBE_20260703.md
15e6f8b0cc769bc22bdd05527a8a57875af9642498d397772520522d5875eb2e	2877	644	SORGENTE_SISTEMA/cassa-frontend/FASE_P3_ORDER_NOTIFICATIONS_FASTPATH_20260703.md
750e4f5e697945268ba1740b14b00a13d44534661200154ecf13be3a2049d713	4435	644	SORGENTE_SISTEMA/cassa-frontend/FASE_P3_ORDER_OUTLIER_ANALYSIS_20260704.md
c93a828e431c61e0e2b76fec343ffd1c2d49e79d0fdc5e2ff2aedd39c89bfba7	4613	644	SORGENTE_SISTEMA/cassa-frontend/FASE_P3_ORDER_POSSETTINGS_SCOPE_20260703.md
e3f29423b4e0f0a85a9386cc9ba0bc34664ec075a3a433fd5514568ed97fb0db	3156	644	SORGENTE_SISTEMA/cassa-frontend/FASE_P3_ORDER_PRIORITY_PROBE_20260703.md
3c4aa29dcf696ff4ec491e36b0406e15f6b69053c3877a7c143d0c518d1de051	2927	644	SORGENTE_SISTEMA/cassa-frontend/FASE_P3_ORDER_WORKFLOW_METRICS_20260703.md
93050b7b87f8c90fee4581c7700b20094a78084c98ae1ef3bc1e6d8696f769a1	4236	644	SORGENTE_SISTEMA/cassa-frontend/FASE_P3_PENDING_TERMINAL_SYNC_PROBE_20260703.md
7826f27dbbde72c5675434359cf658ddc4838c52fbd9a9a63210af6bc3090167	4647	644	SORGENTE_SISTEMA/cassa-frontend/FASE_P3_READY_STATUS_NOOP_20260703.md
b92d705f68ba2ae163ca94812e23a9db2c2dc2b3cd58741c079180fbd0d88cbe	3526	644	SORGENTE_SISTEMA/cassa-frontend/FASE_P3_ROLLBACK_CAUSES_20260703.md
0dd5d937073aef3a29da0af916bfcf54711ba5ad353b224d0379fd764bda1ea2	2664	644	SORGENTE_SISTEMA/cassa-frontend/FASE_P3_SECONDARY_ORDER_WRITES_20260704.md
27ef2aa35a5537b2664030ba3f0e0a8cdc91aedda63ecb56ae31df9e1a315677	4016	644	SORGENTE_SISTEMA/cassa-frontend/FASE_P3_STATION_RECONCILIATION_BACKPRESSURE_20260703.md
13b1af90318062bbdf55ac6cd1040b044b1421adbd1e4017c7544484de479ef2	4483	644	SORGENTE_SISTEMA/cassa-frontend/FASE_P3_STATION_STATE_ENTRY_FASTPATH_20260704.md
a1069036d43517e78e5b503eddfd9083615a332dd552a336a4d110c8abd07b28	18279	644	SORGENTE_SISTEMA/cassa-frontend/FASE_P3_STORNO_MULTIPROCESS_PLAN_20260706.md
4cc5a25e2694548d3441f30669744e272ae7c05fe3900c8580826032572dfcaa	2901	644	SORGENTE_SISTEMA/cassa-frontend/FASE_P3_SWEEP_PAYMENTS_20260703.md
0002fe920979c54618b3097a02581f19c244e214a5d8be5c694a089ce15ef143	5929	644	SORGENTE_SISTEMA/cassa-frontend/FASE_P3_SWEEP_TABLES_ROOMS_20260703.md
fd37cedcea99670d0ceec0577ebfb12585f7044106805a68639d2817f575d9aa	3775	644	SORGENTE_SISTEMA/cassa-frontend/FASE_P3_TABLE_STATE_ENTRIES_PROBE_20260703.md
d0775153ff518bce511f4b321b4c5935ae39253577dbc0acbccc1de15f9d4278	4674	644	SORGENTE_SISTEMA/cassa-frontend/FASE_P3_TERMINAL_SYNC_NOOP_20260703.md
4424ed53b8558def620233639b84af4a73355e417061779ff9290f0fedad7ad9	4046	644	SORGENTE_SISTEMA/cassa-frontend/FASE_P3_TERMINAL_SYNC_NOOP_COUNTER_20260703.md
2d5b184eecb4bcb05b1fbc76da0666f872d05b772fc32e543c37c7330d129df0	4975	644	SORGENTE_SISTEMA/cassa-frontend/FASE_P3_TERMINAL_SYNC_PRELANE_20260703.md
69c160ed2d5b0c97662a71b56c471498103d7dcaeac1249e5cfbc22392af67b8	3667	644	SORGENTE_SISTEMA/cassa-frontend/FASE_P3_TRANSACTION_METRICS_20260703.md
eb7de1a754115863d500a123db023e425d8a2f4e8fdf6f9af3b5826286ddeea3	4703	644	SORGENTE_SISTEMA/cassa-frontend/FASE_P3_V5_RETRY_BREAKDOWN_RESERVATION_SCOPE_20260703.md
4d020e9ce30e40bba7c0c27b223c3657f38dae1fa8743aab5b5fe8674604446c	3425	644	SORGENTE_SISTEMA/cassa-frontend/FASE_P3_V5_ROUTE_FALLBACK_SCOPE_20260703.md
0938c4f8ca37dd52be907860f5f9e4283c67fed1ff463fbd7d784aee4f75ba06	3049	644	SORGENTE_SISTEMA/cassa-frontend/FASE_P3_WAITER_PAUSE_SCOPE_20260703.md
2ec62e82aba28620749c293f801aa1372525ccaac6827bb0e487050d073d7905	3424	644	SORGENTE_SISTEMA/cassa-frontend/FASE_P3_WORKFLOW_BUCKET_DIAGNOSTICS_20260703.md
92a5c4de4e40bb72d2713fd40c9b67de1f0739d4862d1a97808c88c27672aa5c	5596	644	SORGENTE_SISTEMA/cassa-frontend/FASE_P4_2_ORDER_CREATE_PARALLEL_EXTERNAL_REFRESH_20260713.md
1d01f56de966e8fb076bd6c96a00c7910b4907e1cf7332fdc9047d7f54118d2a	6095	644	SORGENTE_SISTEMA/cassa-frontend/FASE_P4_3_PAYMENT_FREE_SPLIT_DURABLE_MIRROR_20260714.md
d03a37e0df7bb61ce8e0773941f8348b65eee8d0eb20afa67ce67240b5771a5f	4390	644	SORGENTE_SISTEMA/cassa-frontend/FASE_P4_3_PAYMENT_FREE_SPLIT_SETTINGS_REUSE_AB_20260714.md
358c996c2dd397f0030e39fa0f84a0075d055df689637d9eb7ffea6d76c8dc0f	6020	644	SORGENTE_SISTEMA/cassa-frontend/FASE_P4_3_PAYMENT_FREE_SPLIT_STATELESS_MIRROR_20260714.md
d3339b1a08e1668cd2eaffbe27721b17c4db44e2b12bad27d54321dbe9084499	7356	644	SORGENTE_SISTEMA/cassa-frontend/FASE_P4_3_PAYMENT_FREE_SPLIT_WRITE_AUDIT_20260714.md
c1d64c0dc63137f5ff3b530eb253988f8567725cb4938d34074b69deb1c525e9	5987	644	SORGENTE_SISTEMA/cassa-frontend/FASE_P4_3_ROOM_CHANGE_APPROVE_ASYNC_PIN_PRELANE_AB_20260713.md
fc0ba191a9c04d3c6774da0d1b17e0c3abe1d469888456ea43499a2f3f1fe078	4932	644	SORGENTE_SISTEMA/cassa-frontend/FASE_P4_3_ROOM_CHANGE_APPROVE_ATOMIC_WRITER_AUDIT_20260713.md
8ef75f9bbad205dd1cb5dddb4587df010e1545982c71d5e05a7cfc51f9bb8ff8	6280	644	SORGENTE_SISTEMA/cassa-frontend/FASE_P4_3_ROOM_CHANGE_APPROVE_MEASUREMENT_20260713.md
61de25c72821d97d656818a03f75a3645f6c6a18f4d37f4b086fe164ae472ca6	6182	644	SORGENTE_SISTEMA/cassa-frontend/FASE_P4_3_ROOM_CHANGE_BRANCH_MEASUREMENT_20260713.md
9c2dd3ae7872b182f51df9c02a913cdd9c9e72af4785ba9e63752e17404ed003	5285	644	SORGENTE_SISTEMA/cassa-frontend/FASE_P4_3_ROOM_LANE_CONCURRENCY_AB_20260713.md
8e7c64c8246a9ad80be19ed259aa39e3095964cba3ab7cd07250739c9a655d7d	5376	644	SORGENTE_SISTEMA/cassa-frontend/FASE_P4_3_TABLE_ROOM_MOVE_REQUEST_PUNCTUAL_WRITE_20260713.md
50e82b5a0b931ba228c1b17d529708d7db5c68a3030fde1d634c124eb6974063	6066	644	SORGENTE_SISTEMA/cassa-frontend/FASE_P4_3_TABLE_SYNC_PUNCTUAL_WRITE_20260713.md
152f1aa35d5b4c1eefbae73ef516a9b2aa48e9f4be145875eb59863a2c209d6b	4541	644	SORGENTE_SISTEMA/cassa-frontend/FASE_P4_3_WAITER_PAUSE_WRITE_AUDIT_20260714.md
3c7980d0c7c5659c023452b2a8348de40a9624899060c323154c4986e5d748d8	4273	644	SORGENTE_SISTEMA/cassa-frontend/FASE_P4_API_AUTH_PAYMENT_LOCK_20260712.md
92990b6f40b7751780152a89d7fc8e285d84a1f38c96d7fd863e126f9d350160	2986	644	SORGENTE_SISTEMA/cassa-frontend/FASE_P4_API_WORKERS_2_VS_4_20260712.md
cbc2e8d79d37233e7a26ace585cb240b00d40c30e8cee79baea4362cd714b491	5590	644	SORGENTE_SISTEMA/cassa-frontend/FASE_P4_LOAD100_5RUNS_4CORE_SSE_20260710.md
f7c6c82ccaddb1bf59253bf41c239493c705e05a02129791ea65538c7662de67	4259	644	SORGENTE_SISTEMA/cassa-frontend/FASE_P4_MYSQL_POOL_PROFILE_20260711.md
053dc126f62e59a1f53744d1b11a78ba0e2976419ca4e013aa8ce030ac5a6bd5	5486	644	SORGENTE_SISTEMA/cassa-frontend/FASE_P4_MYSQL_TABLE_LOCK_TOMBSTONES_20260712.md
0a2e5aaf1dbb25fe8d0656f096d9abec7bac8c53fef0ffd32b9e2e5b89cd22ca	3434	644	SORGENTE_SISTEMA/cassa-frontend/FASE_P4_ORDER_CREATE_TARGETED_LOCK_20260712.md
4f94786f38b061f7dc8789a1ccf1162523679643fbb2370947387c924dadb919	2441	644	SORGENTE_SISTEMA/cassa-frontend/FASE_P4_PACED100_AUTOPRINT_COMPARISON_INTERRUPTED_20260710.md
5e6ff4343bb9ad0da25b02c75eae80459e36b3ea780655e35ec883c65709b317	3383	644	SORGENTE_SISTEMA/cassa-frontend/FASE_P4_PACED100_AUTOPRINT_LANE_20260710.md
42bda27391da46792512d13bf9ea84847f82ddea6cf965fb27320bbf57c4739a	8650	644	SORGENTE_SISTEMA/cassa-frontend/FASE_P4_PRINT_PIPELINE_ISOLATION_COALESCING_20260711.md
2bddb5ff851df263098c3191205b5642d4769cd479f6927c0ff0ee7d048a5cdc	4289	644	SORGENTE_SISTEMA/cassa-frontend/FASE_P4_REDIS_PERSISTENT_PIPELINE_20260711.md
ad6355cb1c26a07d7e3706478925f4f0a7bdffaad5f8365c7bc74d4c65f63b8d	4021	644	SORGENTE_SISTEMA/cassa-frontend/FASE_P4_TABLE_LOCK_MYSQL_HYBRID_20260711.md
a51fd37b7130e0600f120cc0d780406be1bf9bc14a92deb321074bb30fd5dbd0	4300	644	SORGENTE_SISTEMA/cassa-frontend/FASE_P4_TABLE_LOCK_REDIS_SESSION_CACHE_20260711.md
116b6046543270bd28997808c272b53590ac4fb0da862ef4c9590e0f7ed120b5	4142	644	SORGENTE_SISTEMA/cassa-frontend/FASE_P4_TABLE_LOCK_REQUEST_FASTPATH_20260711.md
5856adf52e725ff647b63b6b97c766a007aedea7c6d5b4b3a89893ea962d16f3	4719	644	SORGENTE_SISTEMA/cassa-frontend/FASE_P4_TABLE_LOCK_WORKER_ROUTING_20260711.md
caed38778ab720e85aefe0900f358db67a3be79e89643c653a2c2c4554fdd847	1691	644	SORGENTE_SISTEMA/cassa-frontend/FASE_P5_1_DURABLE_LATENCY_CHECKPOINTS_20260716.md
86c49383a022142f374cb79e41dac16fd0efffc7ba8ebaca53614dc4dd65af9e	4283	644	SORGENTE_SISTEMA/cassa-frontend/FASE_P5_2_MUTATION_CONTENTION_20260716.md
8797b11891c399c11610d1e76e08e0b2911f9f11ce9cb3ccd45001de741d769a	7378	644	SORGENTE_SISTEMA/cassa-frontend/FASE_P5_3_SUSTAINED_CANARY_20260716.md
e5143d16654e9b01da7e56518a92851f078da489f80adb134d90caa20ecda6d7	6363	644	SORGENTE_SISTEMA/cassa-frontend/FASE_P5_4_WRITER_ATOMICI_20260716.md
d5a31fa55b2a928a7ecfb02345baadbcf9dfdd66090d771a59bcaac3e64eeeb3	8921	644	SORGENTE_SISTEMA/cassa-frontend/P5_ENDURANCE_20X5_25K_TEST_PLAN_20260716.md
1803533210bf1f4d4e69374834fee330175ea172d839138082c2ca0301e74987	23975	644	SORGENTE_SISTEMA/cassa-frontend/ROADMAP_COMPLETAMENTO_P4_P7_20260713.md
376bb3311d87bb41f0bedb533c601ef630d2462fd8756349b3a92d718613ea72	17294	644	SORGENTE_SISTEMA/cassa-frontend/V5BT_OPERATIONS_30_LOADTEST.md
2bea0a06eda18a131a63c88965758ffd7a8a5f6b9fe6d3e80039f9401b9e280b	9165	644	SORGENTE_SISTEMA/cassa-frontend/backend/CODEX_REFACTOR_HANDOFF.md
7ad394bd6b8ef2dcdb1f6ec3e962dbfa5e0da00a1906fb0cb036083d91d0ccbd	72	644	SORGENTE_SISTEMA/cassa-frontend/backend/app-state/app-state.handlers.js
79bc7abe040baee44b795db3520291d8be5ff8995626c4b4cf0f7cd7541dc146	55	644	SORGENTE_SISTEMA/cassa-frontend/backend/app-state/initial-state.js
60bff646cbfe6584be80090c0b98e013f91e233d53bf5957a6c568950aae0840	29175	644	SORGENTE_SISTEMA/cassa-frontend/backend/auth/auth.handlers.js
1117f30fbb182a287815ef89e3cb239ea3f525f8f5ef68346d409600a048ebbc	2534	644	SORGENTE_SISTEMA/cassa-frontend/backend/auth/password.js
28d383bb02220d4f82b2c09b7e317e37ca5b4a6278620c94d0ef5528d6b598d1	5196	644	SORGENTE_SISTEMA/cassa-frontend/backend/auth/permissions.js
c9187ee8d3f824ad16eedd976dc20361f67a8ee5151a51827bd296d5b550aa17	3958	644	SORGENTE_SISTEMA/cassa-frontend/backend/auth/user-app-access.js
136fdbe3862692a858e0dab0943f8abca264c30e53a0c029cd290d5ce7661d18	2112	644	SORGENTE_SISTEMA/cassa-frontend/backend/auth/workstation-selection.js
93348531d14a4ec5d454a699d268b5ee62cfa6034d3c401b6cb7ab4a2c73a372	5013	644	SORGENTE_SISTEMA/cassa-frontend/backend/core/config.js
7dcf03f6f33807a0b186da0eb72bb1c2bddd5f9ee0e1aeb87184e45c6ea2ab86	544	644	SORGENTE_SISTEMA/cassa-frontend/backend/core/http-client.js
cab5ffc4cd934026715c6188122fc6b83e6f07119907b3062eaee0512d62ea59	4354	644	SORGENTE_SISTEMA/cassa-frontend/backend/core/http.js
39a85e6ca8966db293e9040acaa1bd41a2c2cffa885f02171b8688405f833681	12115	644	SORGENTE_SISTEMA/cassa-frontend/backend/core/process-topology.js
93c49f9cc0edb41a1e1b4aa538ad6044e715cddfe2af6d884c512a00a71d2a2c	1506	644	SORGENTE_SISTEMA/cassa-frontend/backend/core/route-builders.js
1859941b3c9bd4c3be0635dcd996310136780f3ec7fe2f68eef1eb88b30ab7cd	1017	644	SORGENTE_SISTEMA/cassa-frontend/backend/core/route-policy.js
a731e634193e6fb743852397ba8333d45a0198f4c9a2c8a56a87545ec4fcd573	5127	644	SORGENTE_SISTEMA/cassa-frontend/backend/core/router.js
6a084def14b8a035949eacc92e4f1d4f6e561f68638a96af5125c9bb6888563f	2487	644	SORGENTE_SISTEMA/cassa-frontend/backend/core/security.js
f2d4d9553f7ecd50f31c706397a5e5532e821c0a08df6873e4469f659cc9e3fd	126	644	SORGENTE_SISTEMA/cassa-frontend/backend/db/app-state.repo.js
648deacfad642125cc52d2d41b189184e090a49c4dcc2c81dd3b4c18132dfb00	1405	644	SORGENTE_SISTEMA/cassa-frontend/backend/db/app-state/app-state-json.repository.js
fbf4a7a2051c7f6352dfc27a073599ef0549248fab7e02b08ce7e08168115a7a	11598	644	SORGENTE_SISTEMA/cassa-frontend/backend/db/app-state/app-state-mysql.repository.js
fe287173571aac2bb3e5be8238049e507061899b66d173f2dfd9ed4e3a3409bf	6359	644	SORGENTE_SISTEMA/cassa-frontend/backend/db/app-state/app-state-sqlite.repository.js
8655fe0fedb37121a170f92ca34bd068ac30f3ba04dac02ee6af4b9da473e396	37620	644	SORGENTE_SISTEMA/cassa-frontend/backend/db/app-state/app-state.repository.js
c8808f65d8c753f90ccd5eef6f8f6d16f79dc2a79ac686553b929b385c1e3a57	16870	644	SORGENTE_SISTEMA/cassa-frontend/backend/db/app-state/audit-events-split.repository.js
2f6ed70dde9ddcd2dc777d5d35603d6cb982b40db1f16c64881d0d087aa6848d	2276	644	SORGENTE_SISTEMA/cassa-frontend/backend/db/app-state/automatic-cash-split-guard.js
f5c996a456959ae5887fdc2a0d31eacc6b4844f26165e3cdb72a419f24b98ad2	29523	644	SORGENTE_SISTEMA/cassa-frontend/backend/db/app-state/device-status-split.repository.js
2b73f6670a8bac982623d42460eaa4da7b36dfcc2bcf73ff4cd1fe62d885ad7d	1700	644	SORGENTE_SISTEMA/cassa-frontend/backend/db/app-state/index.js
bbefa42a766ea1d5f846eff70f7a332e89aa71636609ff301d47b047e393dd6c	5022	644	SORGENTE_SISTEMA/cassa-frontend/backend/db/app-state/mysql-atomic-selection-writer.js
39ccfd7dc0d3ff5587633f9a60a71b5465df2391fee3d6d0de892bc6fbf1fe43	14939	644	SORGENTE_SISTEMA/cassa-frontend/backend/db/app-state/mysql-audit-events-split.repository.js
31964dc30f189604c371be55595ef3ebd4244e7caaca8ea55402731204d08d3d	97588	644	SORGENTE_SISTEMA/cassa-frontend/backend/db/app-state/mysql-domains-split.repository.js
22856c3487a0f54da73513f7a6b1a146236aa434c8a7b3b3ce3190e83d9041ec	6249	644	SORGENTE_SISTEMA/cassa-frontend/backend/db/app-state/mysql-named-lock-coordinator.js
3e2d4d7db18ccc89a5ab1a5765e3ddf211411635d2631b71e43d4e47c42f9bc6	16006	644	SORGENTE_SISTEMA/cassa-frontend/backend/db/app-state/mysql-sessions-split.repository.js
cd656b1123d3bf53a6327dac9656cf8a2da0b0b436ccc7f6c240647ac21cdd18	24985	644	SORGENTE_SISTEMA/cassa-frontend/backend/db/app-state/mysql-table-locks.repository.js
f2b40ff331ec31c5d5bbcbdda424e4e9e582ac866c80388d8097c06a0a796dae	23788	644	SORGENTE_SISTEMA/cassa-frontend/backend/db/app-state/orders-split.repository.js
0e454d4ed9a2661a982d8e54a0a18d8712949c66f6b5ec5fc8eb65ee07b8f7af	20929	644	SORGENTE_SISTEMA/cassa-frontend/backend/db/app-state/payments-fiscal-split.repository.js
c343175bf9a400f1847f56c3c6d4a11f32112e966a3adcd9a4b769cc5e1b6746	16853	644	SORGENTE_SISTEMA/cassa-frontend/backend/db/app-state/print-spool-jobs-split.repository.js
b69833601e69e25b00cec40718398c03b95d0deccabcdfa2c79f293bd6e7802b	23516	644	SORGENTE_SISTEMA/cassa-frontend/backend/db/app-state/table-locks-split.repository.js
514b77b79636b893cbf6b8f416762588c809c8f7caaccd547b4ca8af11e768fc	20052	644	SORGENTE_SISTEMA/cassa-frontend/backend/db/app-state/table-state-split.repository.js
a78667914666a1ca90aef355512d68d02c8690da59e8f9149a46e17c1c4abe87	2212	644	SORGENTE_SISTEMA/cassa-frontend/backend/db/domain-store.js
77bc8a2eab7247f01d3b1ea37bf049708107a7e59e16117c7b43f024ef0f3f24	6380	644	SORGENTE_SISTEMA/cassa-frontend/backend/db/persistence-mode.js
6b503b5660cecd08ee2813f9bb24ade30597ac174376981cf9143e553402b8d4	2868	644	SORGENTE_SISTEMA/cassa-frontend/backend/db/relational/audit-events.repo.js
069201afe226aabafaff4492c6027d42209ed44bc3acf4400672fb2774e8910a	12249	644	SORGENTE_SISTEMA/cassa-frontend/backend/db/relational/command-inbox.repo.js
e6eb53a538f40df8a49fc46d78cf76dea7d59378e680e31efc4de92fd12f433e	24228	644	SORGENTE_SISTEMA/cassa-frontend/backend/db/relational/commercial-configuration.repo.js
39a6483d6231203c63e00c9a7527f98fa2f7026285405435b80308c2494f6e09	3775	644	SORGENTE_SISTEMA/cassa-frontend/backend/db/relational/connection.js
81dbc4bc36140a5144c562ee202222fb9f798d72f96ef4a1c18ca08c6754e983	23113	644	SORGENTE_SISTEMA/cassa-frontend/backend/db/relational/equivalence.js
126067ef8c4ee9927ec0ac240ac48cf0e8b03aa8ab12745d66e6364e5b344105	13464	644	SORGENTE_SISTEMA/cassa-frontend/backend/db/relational/fiscal-outbox.repo.js
29c3dc77b73f37c94fe94b3857811e4bd80e0b7c88ca1e2f02e2ab9f4123a310	11851	644	SORGENTE_SISTEMA/cassa-frontend/backend/db/relational/index.js
8bded18b0739aa0b1fdde2ce9aec9b77b343994b5e4709c36ad33f073198d219	19832	644	SORGENTE_SISTEMA/cassa-frontend/backend/db/relational/menu-settings.repo.js
b5f9508c3148d315e0df176297b6b051a2c783ad5d071586aebe8a0b6bd20f5f	4314	644	SORGENTE_SISTEMA/cassa-frontend/backend/db/relational/migrations.js
f116a63f374b8c9c89e16e367f32f0939c9e5c5f842e4f13eb92c8022a8c0af9	321	644	SORGENTE_SISTEMA/cassa-frontend/backend/db/relational/migrations/001_core.sql
67d5bb3cccbd70da921cbb6442637617cc1f0aaa0c656dfc7ebafda580217a78	920	644	SORGENTE_SISTEMA/cassa-frontend/backend/db/relational/migrations/002_audit_events.sql
a4ab9f9ee9954dc637723c15e0d08c5a1b6ab35ce40f5c66c161a3b77375d14e	1458	644	SORGENTE_SISTEMA/cassa-frontend/backend/db/relational/migrations/003_users.sql
bd7591156cb84cfd21d2cb483606cf9832a033b6a9f683745df8288ef7923a16	659	644	SORGENTE_SISTEMA/cassa-frontend/backend/db/relational/migrations/004_sessions.sql
21dce812a13cb905d210c53f77ed2475cccbb816feee617e8415cfc9c58da7ec	1055	644	SORGENTE_SISTEMA/cassa-frontend/backend/db/relational/migrations/005_sale_sessions.sql
07387e928076409ba97109ef0f59bef6e12b278dc3b6dccfe904f8e8c1119e21	2094	644	SORGENTE_SISTEMA/cassa-frontend/backend/db/relational/migrations/006_payments.sql
3b37be1fa946118f702ccc70bb7a5ec5b371eafde225a2a530c277e33f9afbf5	1879	644	SORGENTE_SISTEMA/cassa-frontend/backend/db/relational/migrations/007_menu_settings.sql
0b5d6a3d1ea53ed5720c40e255e1f70ee13c7ff075d1227fa9f648240c3f9a5c	2131	644	SORGENTE_SISTEMA/cassa-frontend/backend/db/relational/migrations/008_orders.sql
d229a0692202d76a635623192bb4fd05ed992bb345a7e87c0fff40d0c952918a	1316	644	SORGENTE_SISTEMA/cassa-frontend/backend/db/relational/migrations/009_tables_bills.sql
e5bc98559835047d49bf6af3736201b2f7df0d32514d19d018dc0f346031281e	994	644	SORGENTE_SISTEMA/cassa-frontend/backend/db/relational/migrations/010_realtime_backbone.sql
71619a2f4f8b159772faad538f89c35c4e088c4650bb062638406b0b32d9b3a3	67	644	SORGENTE_SISTEMA/cassa-frontend/backend/db/relational/migrations/011_orders_revision.sql
9c1d48f13092df4d329a5d50a83c9a727d24497e548139802febfad744b3bf3e	3527	644	SORGENTE_SISTEMA/cassa-frontend/backend/db/relational/migrations/012_reservations.sql
6d5ff9ff21425259d9422aa67d807d2ca8bf924bd6aff10be22eb5ef222a9933	72	644	SORGENTE_SISTEMA/cassa-frontend/backend/db/relational/migrations/013_table_locks_revision.sql
7be37adbaa8efffba09f7ddc897d5cbedfe06ad34da67ca141a40c1c44bc1c8d	73	644	SORGENTE_SISTEMA/cassa-frontend/backend/db/relational/migrations/014_table_states_revision.sql
19aab9ff8eec9fc0e539d4c8da58a25ba61b7c3cd99f0f9174234161234bc657	160	644	SORGENTE_SISTEMA/cassa-frontend/backend/db/relational/migrations/015_payments_revision.sql
09ea2e65f0ce7d6344aa77ccef568b976df8e38c0195541625e0069c7d50eaac	540	644	SORGENTE_SISTEMA/cassa-frontend/backend/db/relational/migrations/016_fiscal_receipts_attempt_scope.sql
7a216eb0ae4bec2ddbdd885aad0b73dd2d17a1c246ebe8d6177277b0bfdf707b	72	644	SORGENTE_SISTEMA/cassa-frontend/backend/db/relational/migrations/017_orders_updated_at_index.sql
7729187e74f8ca13ae8a1a2a6a3695d249ef4bdd9c72b6fce4d75f3bb3b77590	968	644	SORGENTE_SISTEMA/cassa-frontend/backend/db/relational/migrations/018_command_inbox.sql
fe05303e66acc2fbbf8f98dff0da509364d919a8b713be5e101493161b0b8065	926	644	SORGENTE_SISTEMA/cassa-frontend/backend/db/relational/migrations/019_print_spool.sql
c144124f13c9c5503fd438f192fa152117f5aac2791a2bdc90e4c36f4f7e7e58	287	644	SORGENTE_SISTEMA/cassa-frontend/backend/db/relational/migrations/020_aggregate_versions.sql
392cbce1ce4ce42b549b3d3b5e9300cd8c15514edf51f22fe7e7a5de100d0c20	860	644	SORGENTE_SISTEMA/cassa-frontend/backend/db/relational/migrations/021_fiscal_outbox.sql
19ad4a39cf104dcfc33184631236ffe0ae1af67d769a43467d0f9a60e35fef05	156	644	SORGENTE_SISTEMA/cassa-frontend/backend/db/relational/migrations/022_fiscal_outbox_lease.sql
034e92e4e1c4cc7361c86ac68b802606f6a142badabc706a5e7cc55b93e63b9c	800	644	SORGENTE_SISTEMA/cassa-frontend/backend/db/relational/migrations/023_orders_idempotency_index.sql
93dd9d3234b02a2bda68a5f3f37dfa27b550a8340a49734e58400aecfa6ca1b5	157	644	SORGENTE_SISTEMA/cassa-frontend/backend/db/relational/migrations/024_order_id_allocator.sql
87e6c92d508d609fb228e2724cd235d0082476bbdf5f608b76270b8c4151ea1d	1052	644	SORGENTE_SISTEMA/cassa-frontend/backend/db/relational/migrations/025_payment_mirror_outbox.sql
7d96520100d627a6b4a615d5a169633ee6132e0ffda64eff0faf9de5616609c6	231	644	SORGENTE_SISTEMA/cassa-frontend/backend/db/relational/migrations/026_payment_mirror_outbox_retention.sql
a95f908902815089b9b2086fc71f1688243b23316c648e2daca2d59f5cbc6062	632	644	SORGENTE_SISTEMA/cassa-frontend/backend/db/relational/migrations/027_reservation_state_versions.sql
b320251eb6c18fb981391b404b36f4d35b02cec7ff428a098ceb9cf49711ed27	8544	644	SORGENTE_SISTEMA/cassa-frontend/backend/db/relational/migrations/028_commercial_configuration_v2.sql
eefb359904bf19117d4785a661cf1958db73e1c151324a358cb7aadd638b71a2	43593	644	SORGENTE_SISTEMA/cassa-frontend/backend/db/relational/orders.repo.js
45460b9dac21002b96df96768c66d5c73eda3800ef35eeb330f4ea9dcf03e2a4	10707	644	SORGENTE_SISTEMA/cassa-frontend/backend/db/relational/payment-mirror-outbox.repo.js
95dcce1fb5bd8274d0bf6be170741b596d5c9bbfbd06d7307a0b638a42d62047	6167	644	SORGENTE_SISTEMA/cassa-frontend/backend/db/relational/payments-report-read-model.js
9078533b95e6b2d1116bcfbbcd6ba902c5e17549a9f0477dddfcb4016e486cd1	39141	644	SORGENTE_SISTEMA/cassa-frontend/backend/db/relational/payments.repo.js
331f98baa1378dc78a83b2df3ed3001dfdbcb3ccdf8fd628bd8fb54bfc2faca2	12899	644	SORGENTE_SISTEMA/cassa-frontend/backend/db/relational/print-spool.repo.js
9989d6478e923ed64e52af06a45de0ab967f67a49b1082b4e4e56e875ee02d7e	14162	644	SORGENTE_SISTEMA/cassa-frontend/backend/db/relational/realtime-backbone.repo.js
1ee1f942e438afd26419e7c80c9ac4b3e8ad703655d8481190beb3502c6266ea	59792	644	SORGENTE_SISTEMA/cassa-frontend/backend/db/relational/reservations.repo.js
0daa194fa5c0e805517f522e33106ea6c95c09754f17207f77cb4d37adb7935a	10210	644	SORGENTE_SISTEMA/cassa-frontend/backend/db/relational/sale-sessions.repo.js
5a4865c382b941eec5e1c29f4eebdcf848eef48a0a18237283486d242a61919f	5922	644	SORGENTE_SISTEMA/cassa-frontend/backend/db/relational/sessions.repo.js
ab0fc3d23700a5340687897277c30012a0261c5e332e3fd19061f14b16fd1011	2347	644	SORGENTE_SISTEMA/cassa-frontend/backend/db/relational/sync-audit-events.js
420474f8740e2407c4962a0d9bb05708c1a6d60244905b30ee73cb9d28dd4f9f	1823	644	SORGENTE_SISTEMA/cassa-frontend/backend/db/relational/sync-menu-settings.js
5ca23880827f7008cb32fc9087834d4ae725b6f90fbe0ed9c74ed045de6bf97d	1691	644	SORGENTE_SISTEMA/cassa-frontend/backend/db/relational/sync-orders.js
f34d33b39f7a917b323f35baf3f47ce77ee5bf8e141dbe5bea07ed7957e7157a	1745	644	SORGENTE_SISTEMA/cassa-frontend/backend/db/relational/sync-payments.js
5e8dcbf2c44503ea1f4f3c7f8d17e55450759ac6b10881921dee857a712f8069	1860	644	SORGENTE_SISTEMA/cassa-frontend/backend/db/relational/sync-reservations.js
78eb06b7ece1db8224d67bcf02c0b02b09bbc57cda117bfb999cfa30b82ad87b	2141	644	SORGENTE_SISTEMA/cassa-frontend/backend/db/relational/sync-sale-sessions.js
a405bd946b39b5fa34f03f4cd524d7b91ae73fc38ce23b1baa53b7c087ce3019	1722	644	SORGENTE_SISTEMA/cassa-frontend/backend/db/relational/sync-sessions.js
1182c239450eb4831899d04cbbd227802532f3817e08817d84f16757bd62136b	1713	644	SORGENTE_SISTEMA/cassa-frontend/backend/db/relational/sync-tables-bills.js
9733ca2caf1e6a66411f9ba2c0709c6ad5cc039769c858bff3304e12902ffbdd	1648	644	SORGENTE_SISTEMA/cassa-frontend/backend/db/relational/sync-users.js
978611f57be9acd605b4b3b3d9e3b21113829bbf14c8c3e36efe756318a6927a	21195	644	SORGENTE_SISTEMA/cassa-frontend/backend/db/relational/tables-bills.repo.js
3b05e125e32c8cbfaf847ebe986ec734cd2f27321af65d9c95b660c544c33ccb	1971	644	SORGENTE_SISTEMA/cassa-frontend/backend/db/relational/transaction.js
e78679f021dcc05178cd25c6474b0296762bbad25f7a5ad1d670f535362c9edb	8711	644	SORGENTE_SISTEMA/cassa-frontend/backend/db/relational/users.repo.js
09060307dfa5c1efc3ddb1ac860f8e74eaf6b0e97b242dcdd755ec1458cd76b0	3711	644	SORGENTE_SISTEMA/cassa-frontend/backend/db/relational/wal-checkpoint.js
a23cc1aa19f7cd5825c6264a15c31608b2f29c71eca7cafdc4685a02651b5131	11235	644	SORGENTE_SISTEMA/cassa-frontend/backend/default-drink-premium-items.json
778965253b38b3b6f8e52d6714562b73d1faa939d08052403299c5f311af8a03	27464	644	SORGENTE_SISTEMA/cassa-frontend/backend/default-menu-items.json
543f59bbff0b4f5ac2702f0af995847cf66f70bb6f62c20f0862e8cb6adabc41	3041	644	SORGENTE_SISTEMA/cassa-frontend/backend/docs/ARCHITECTURE.md
3e4ce6752b1d2807803eaa84b267d3d5b0317cb4d484fb6836abb2714beb8435	8307	644	SORGENTE_SISTEMA/cassa-frontend/backend/docs/relational-orders-payments-plan.md
f4f6f913b76eda92350eb104ea6efa9481f0489152b67340ceea1532afaa712b	35493	644	SORGENTE_SISTEMA/cassa-frontend/backend/fixtures/fondo_cassa_100_combinazioni.json
0490b86f33fa37ef57fab292672605ccf9b3e841fcf50bf005ffd857b9cae889	420	644	SORGENTE_SISTEMA/cassa-frontend/backend/fixtures/fondo_cassa_test_10_euro.json
33f395e6344672abe74c601e47156dc1fc5ddff4e00f7813f9aa0c6f611d8dc9	3364	644	SORGENTE_SISTEMA/cassa-frontend/backend/integration/integration-utils.js
5b3a8657df7ea7c02b9e975b30e29603f0730343728b680fb6e2c7f0fb729c71	26927	644	SORGENTE_SISTEMA/cassa-frontend/backend/integration/load-balancer.service.js
d8191ae74cfecb6f863d9a7d88997cbdbd8bc01c6d1a991f2e19013545084dde	6056	644	SORGENTE_SISTEMA/cassa-frontend/backend/lib/pos-defaults.js
ee1610200a6ec0dd4e803db856a6dbbf28215845748b9c636f17438fc9240850	3775	644	SORGENTE_SISTEMA/cassa-frontend/backend/modules/README.md
c432a64732ad3010ec1ace44258031b421bf41ed3bf0141cc3afb3601090f1d7	4131	644	SORGENTE_SISTEMA/cassa-frontend/backend/modules/app-state/app-state.handlers.js
8aef9366e4c384c27e60eefe8ea8cae6d4a5e812791364e7d94e9ac5e13588d7	1510	644	SORGENTE_SISTEMA/cassa-frontend/backend/modules/app-state/app-state.routes.js
8d570e59886627edce31f79d61a8753321520061eba7773e507fae062f5beba0	163	644	SORGENTE_SISTEMA/cassa-frontend/backend/modules/app-state/index.js
4ab83c6aac1af95f441f72d51ffea96920d3f5fcc07ad59a4b3c83e1a88cc067	4213	644	SORGENTE_SISTEMA/cassa-frontend/backend/modules/app-state/initial-state.js
1948e02bf318f7268116c9f1958af825b42da6f4442f77d6983c5e8c883df09b	33586	644	SORGENTE_SISTEMA/cassa-frontend/backend/modules/app-state/security-migration.js
ebe0dfe304d58f7ac42880fde5cbc0855e82b124a122aa75cb83fe9a34685772	2107	644	SORGENTE_SISTEMA/cassa-frontend/backend/modules/audit/audit.mapper.js
e1238603525abc1274200b84ba74077c5039a08a14545cdd3d5788563bc81c1f	2027	644	SORGENTE_SISTEMA/cassa-frontend/backend/modules/audit/audit.service.js
1820cb637c548b8af4c3608695ad56787822ce7357154ea00ab9530f0b22bc41	3796	644	SORGENTE_SISTEMA/cassa-frontend/backend/modules/auth/api-worker-request-fastpath.js
fc795ed9110ef17c07ca069d97b787d9dd394cbbdfa1b37576d8f76d32495bd4	3247	644	SORGENTE_SISTEMA/cassa-frontend/backend/modules/auth/auth.repository.js
358de517d79c87bf0949c5e88e514d84fa9a89ebaebefd3fc338e7736ad1f4bb	2703	644	SORGENTE_SISTEMA/cassa-frontend/backend/modules/automatic-cash/automatic-cash-runtime-defaults.js
7743d1e50299f39406de907bcee199984291147e7052a387495ac5a009ae24fe	61075	644	SORGENTE_SISTEMA/cassa-frontend/backend/modules/automatic-cash/automatic-cash.domain.js
24502368072405702f3805ef58da00479d24b55fefc0cba301efebb51276312a	18746	644	SORGENTE_SISTEMA/cassa-frontend/backend/modules/automatic-cash/automatic-cash.gateway.js
58fdae7ce33ce3b15b03c29ade042bfffab718dc7e79d01657da8a3d70d92a22	115146	644	SORGENTE_SISTEMA/cassa-frontend/backend/modules/automatic-cash/automatic-cash.handlers.js
cfe8c7b775f35a04b082a60f58b923d99f25b39864ba8335cc3392164719461c	8954	644	SORGENTE_SISTEMA/cassa-frontend/backend/modules/automatic-cash/automatic-cash.routes.js
7db7958a1f5bae519164bb47fba7db8d13e147ffbaed3b2bba0c3e08f8e868bc	2332	644	SORGENTE_SISTEMA/cassa-frontend/backend/modules/automatic-cash/cash-movement-report.js
b917bd1b999088167ac3d09e15bd44f024be66605ecfbcb22102fd8143efc1c1	18017	644	SORGENTE_SISTEMA/cassa-frontend/backend/modules/automatic-cash/cash-movement.domain.js
cbda3bb4f85e847777dbc14e39e0352a6b2fbbd0022bc9adea78baa799a751e5	33625	644	SORGENTE_SISTEMA/cassa-frontend/backend/modules/automatic-cash/cash-movement.handlers.js
f57cd536e7e2808bdc7dba0e214776b2dd82b7a9c5edde42cc7999c8a6b6f701	1132	644	SORGENTE_SISTEMA/cassa-frontend/backend/modules/automatic-cash/index.js
7912f0bd0e52e962c1c2ec408cf04a4a966c427e60be63101c41c74aa24b09e4	5142	644	SORGENTE_SISTEMA/cassa-frontend/backend/modules/baseline-diagnostics.js
18112a4b1df9d3d101467ac3435be78380e835dc5ebf871278e33afd8d2ba5b1	11061	644	SORGENTE_SISTEMA/cassa-frontend/backend/modules/command-inbox/pilot-endpoint.js
b476d44971f02ce7b69d238cee31bc66d6ad9f2afb07fea6cd08b2e40660983f	190	644	SORGENTE_SISTEMA/cassa-frontend/backend/modules/command-inbox/print-command-policy.js
dcc0ad4cd0d41c15a3bc157822235a6af65b1efa16b0e2f067007e863495393f	15286	644	SORGENTE_SISTEMA/cassa-frontend/backend/modules/commercial-benefits/commercial-benefits.domain.js
5b37090cc3285d34ba135a868331c1274bca0ca8b84ea2482a3aac1519fa4600	39553	644	SORGENTE_SISTEMA/cassa-frontend/backend/modules/commercial-benefits/commercial-benefits.handlers.js
2be55e3daaa60c866d60f5cfe07a544fa1c7a57a210dd3fc72fe85ad57d2a8e7	1497	644	SORGENTE_SISTEMA/cassa-frontend/backend/modules/commercial-benefits/commercial-benefits.routes.js
93e1eb996b3122f171a1c180949fa0b9e781e5eae69b36e503fbadca90c211ee	826	644	SORGENTE_SISTEMA/cassa-frontend/backend/modules/commercial-benefits/index.js
4a82ec4d41b10b4fa1431bc6b63ffe12eec8b8d8442e9651c758e22ed55cacbe	3744	644	SORGENTE_SISTEMA/cassa-frontend/backend/modules/commercial-configuration/commercial-configuration.compiler.js
b9b92a1099ff86faaf1ef635b4ba70e3fe3eab74f1e31d73414d461fc62f3f5e	4933	644	SORGENTE_SISTEMA/cassa-frontend/backend/modules/commercial-configuration/commercial-configuration.handlers.js
4b5622578d03e4278826d666ef1d35e95077e671abbccaa3d458028de06eed2a	17283	644	SORGENTE_SISTEMA/cassa-frontend/backend/modules/commercial-configuration/commercial-configuration.normalization.js
8d4e74e317a6bd5cc0e2de6bbe63fb5b9782b951f9f936ed2ac864440e4ab38d	2123	644	SORGENTE_SISTEMA/cassa-frontend/backend/modules/commercial-configuration/commercial-configuration.routes.js
9f24af7d59b0eee0d1a40c0a78c0cfbb52cee506deba312b56b0393f05f6f397	5493	644	SORGENTE_SISTEMA/cassa-frontend/backend/modules/commercial-configuration/commercial-configuration.runtime.js
088b2687674f467f95118fb3f6878cf9fad721368b67e8997cd78fc9c3e1b574	10830	644	SORGENTE_SISTEMA/cassa-frontend/backend/modules/commercial-configuration/commercial-configuration.service.js
7109ca6fe76100a75ac147debb0f1c3892827f30ec953de5181ff649d94eb140	5460	644	SORGENTE_SISTEMA/cassa-frontend/backend/modules/commercial-configuration/commercial-configuration.utils.js
a920eef24b4dd2d7d50917733a05358686c5a0a36c9b3f614045bea434ae2a0d	17926	644	SORGENTE_SISTEMA/cassa-frontend/backend/modules/commercial-configuration/commercial-configuration.validation.js
3f931747ee4d35b55611e0453fc0a028dcd85816701a32af67b9d4be3d4a7421	22391	644	SORGENTE_SISTEMA/cassa-frontend/backend/modules/commercial-configuration/commercial-pricing.service.js
31d39c063410e4ff423386324600d8545c56e8141c4f26c7d61c1225a80bd72d	1474	644	SORGENTE_SISTEMA/cassa-frontend/backend/modules/commercial-configuration/constants.js
3d1c53d92d7b9331bf351166f25d7b455e1aa885c9fd48a0cb5bf48cf8464cbf	1122	644	SORGENTE_SISTEMA/cassa-frontend/backend/modules/commercial-configuration/index.js
62075f2138b4c8924ae21a8500dd76b87a7c8be8edd6cf4f9111a0c7909f8045	6121	644	SORGENTE_SISTEMA/cassa-frontend/backend/modules/commercial-configuration/integration-order-pricing.bridge.js
28f165722fc08c0aaec262bb9085c4d920279bef05c7d06faea114794af3ba52	9776	644	SORGENTE_SISTEMA/cassa-frontend/backend/modules/commercial-configuration/legacy-commercial-configuration.adapter.js
b32a14d43b50c5d2f3c2d0becea73488e13198fcecb29a5f9d261d62af5c8d2f	4589	644	SORGENTE_SISTEMA/cassa-frontend/backend/modules/configuration/activity-config.domain.js
3fb3bc30f7d5a9ae50a3c3105192dd728418bb26f20c3ceb583458aff7208311	5850	644	SORGENTE_SISTEMA/cassa-frontend/backend/modules/configuration/area-config.domain.js
b62dfbd77d1901067d7103cf622a6832f2fc9674e9a2a49d8b2f610ce8de9b06	45682	644	SORGENTE_SISTEMA/cassa-frontend/backend/modules/configuration/configuration-snapshot.js
9063645761a40dfdeadcdf705c5384f704dc9de06010b68a464e9c55fc98e30f	208	644	SORGENTE_SISTEMA/cassa-frontend/backend/modules/configuration/index.js
c3dad6db2e2df571253f82adb19799a3721b4f6208ee4030d1c7d88631ca87f6	1889	644	SORGENTE_SISTEMA/cassa-frontend/backend/modules/configuration/locale-config.domain.js
9e5c9e6c61ac2a2360beed6154fb0ee21ab7c0dd72b20966395442094c355d01	2024	644	SORGENTE_SISTEMA/cassa-frontend/backend/modules/configuration/mobile-device-config.domain.js
de314f6a69353f7f06e190c5838c58ed3a84384522418d13ec1c5aeffe409025	20169	644	SORGENTE_SISTEMA/cassa-frontend/backend/modules/configuration/operational-context.js
4951af177993f7fec5bc5fcf8abf36a43e62bbbdefde8845b6401c3fc7f62c4a	12548	644	SORGENTE_SISTEMA/cassa-frontend/backend/modules/configuration/payment-smart-normalization.js
2ee881e7598b1d705934bceb9b93f5f87edf69bf33e725d6a231e3e21e83bbd9	3217	644	SORGENTE_SISTEMA/cassa-frontend/backend/modules/counter/counter-collection-writer.js
563be868028fad9238162577b8a4ff1f31fb6bdd8c07461e4e362c4cac2d1ebe	28212	644	SORGENTE_SISTEMA/cassa-frontend/backend/modules/counter/counter.handlers.js
8c1c62dc98de925f4c297c9584a20adad200069e30660c3697cb4ba735bda9ec	300	644	SORGENTE_SISTEMA/cassa-frontend/backend/modules/counter/counter.routes.js
94af2bf5715bfd14a58a635e68c0db0709e5ed1e5b23ee2c0175fee7a80f3822	240	644	SORGENTE_SISTEMA/cassa-frontend/backend/modules/counter/index.js
2b8eaf0994c0bc16bd8c50562129a91380f2485844b85aa220f20b1c65f57cfd	6320	644	SORGENTE_SISTEMA/cassa-frontend/backend/modules/external-lookups/external-lookups.handlers.js
50a35434090aa2db16b7a6cb59b28465d175c3010586711b3c67910e84f14ab2	500	644	SORGENTE_SISTEMA/cassa-frontend/backend/modules/external-lookups/external-lookups.routes.js
fc358670302afa629e36c2642d4df5453da9ce74f415e16c50355299aa3fc4f4	153	644	SORGENTE_SISTEMA/cassa-frontend/backend/modules/external-lookups/index.js
89ffa77c58de14d72f5e1051a418397f7364ef5b5b97b9a9785918df2a8c5cf2	5313	644	SORGENTE_SISTEMA/cassa-frontend/backend/modules/fiscal-pos/fiscal-issue-verification.service.js
9288e573a1993a27213db1334b16277e9838beb1fe5e0360d5f42533a4bfacc3	8760	644	SORGENTE_SISTEMA/cassa-frontend/backend/modules/fiscal-pos/fiscal-outbox-pos-job.js
66ab50cfdd840b70aa80d7247ab126b97162f56b9d9d5e228f2621a308d2d524	6705	644	SORGENTE_SISTEMA/cassa-frontend/backend/modules/fiscal-pos/fiscal-outbox-pos-worker-runtime.js
899ac2323b5aab0d6364a8f88d5730f3115a60c4c133c3dbc9b3d2ad2109b9d2	7254	644	SORGENTE_SISTEMA/cassa-frontend/backend/modules/fiscal-pos/fiscal-outbox-worker.js
5563c530e086ae32423f2394ba63fa6d9168341960db7a62774399a14e34c12f	10296	644	SORGENTE_SISTEMA/cassa-frontend/backend/modules/fiscal-pos/fiscal-verification.js
24776902402baff5ff70861f3728c4b0e6a3433bf942594a754440770e9dfb04	420	644	SORGENTE_SISTEMA/cassa-frontend/backend/modules/fiscal-pos/fiscal.domain.js
aac274c4e02e32dbcd2a87d72163ca46a11d5138943ec9389f9615d2a5050731	5243	644	SORGENTE_SISTEMA/cassa-frontend/backend/modules/fiscal-pos/fiscal.handlers.js
b53552e279b790b5557b5fd321a1b0ae01a29b918478fe5c2c410a964ab15158	243	644	SORGENTE_SISTEMA/cassa-frontend/backend/modules/fiscal-pos/fiscal.routes.js
34b05185cf8ad9e8a4b60bc8a8ad16c210d8d76d324a7ff9ca5d9432b04a2f55	393	644	SORGENTE_SISTEMA/cassa-frontend/backend/modules/fiscal-pos/index.js
849ab577f1f1055dded2766e77903909a2c52c2046958aeaf405cf18bd47574b	242	644	SORGENTE_SISTEMA/cassa-frontend/backend/modules/integration/index.js
bf68c4a03c94f6377aecbbe137cc410ae5b23de8e13bce0baf87a6e7b6d10987	642	644	SORGENTE_SISTEMA/cassa-frontend/backend/modules/integration/integration-object-fields.js
66e64d20f8cd4afe6d467421f62d5a5d988ae4a998ae7deffef5a1c5efa5907e	6281	644	SORGENTE_SISTEMA/cassa-frontend/backend/modules/integration/integration.routes.js
2de6743a9f43a03d32231c3d865aa67f0f4d5547ee9d23ad7c045b223988e8a0	2742	644	SORGENTE_SISTEMA/cassa-frontend/backend/modules/integration/operational-punctual-writers.js
fad42eb01d43e941d218b4cbb9cf835a565b5c96055b9e8113fce0dabfd0ed24	10302	644	SORGENTE_SISTEMA/cassa-frontend/backend/modules/integration/order-async-appstate-flush.js
4ddbb5fc8baf43e78e0001059fb117a2f4eeebc3b6c2a0cc5d07a4d113052477	3872	644	SORGENTE_SISTEMA/cassa-frontend/backend/modules/integration/order-async-owner-flush.js
d58034df28ae2a29cca7cf4cef285c99b64cf4834ba0dadb6e64a8597c027642	2536	644	SORGENTE_SISTEMA/cassa-frontend/backend/modules/integration/order-correction-read-model.js
ac419ebba5c6dd6bdc63f6a07814689772a129cd342816b0ec0bb9b8bb8c93f4	3861	644	SORGENTE_SISTEMA/cassa-frontend/backend/modules/integration/order-create-assignment-plan.js
c85f4067e50c6911c5582338c321a68edc1b4ce57091734aa1aefdb850fce71a	2456	644	SORGENTE_SISTEMA/cassa-frontend/backend/modules/integration/order-create-read-refresh.js
a381f9b1a57fb7a588c395cff27657e69cbc520a257d442a934a6fe60b55009b	21415	644	SORGENTE_SISTEMA/cassa-frontend/backend/modules/integration/order-financial-sync-source.js
845c9d76dbed687340553d91a235ac09f0eaec7f5af2053d3ae0dd9e76946926	2931	644	SORGENTE_SISTEMA/cassa-frontend/backend/modules/integration/order-financial-table-write-guard.js
939d259262e81d10a91a1c2ae109b0c9adc649980282e1d8414577c3f01eec53	4982	644	SORGENTE_SISTEMA/cassa-frontend/backend/modules/integration/order-line-variants.domain.js
76c3e4a7d80750d07261d23322228af2deaa48942e6a47adf36d5bfb77c1519a	3034	644	SORGENTE_SISTEMA/cassa-frontend/backend/modules/integration/order-lookup.domain.js
b5e8ccd108d9807d67ee337d419ef7c0df68d646551896817b40abe3acb95eb1	6329	644	SORGENTE_SISTEMA/cassa-frontend/backend/modules/integration/order-startup-reconcile.js
6c923d6aee58f5eb7d75f7aa640c728a04dd428361f1e510925c2c7eeb9096a0	29318	644	SORGENTE_SISTEMA/cassa-frontend/backend/modules/integration/order-storno-payment-effects.js
1259f9702e8f434d6eeb9b255c81facd045e48c2349dfeaebfe78f81b9dff308	3435	644	SORGENTE_SISTEMA/cassa-frontend/backend/modules/integration/order-table-financial-plan.js
dc9b89392fa6f4482f5d6edfb2866aff241304f0dd7e0af55a4cbf0312f7b5ff	3761	644	SORGENTE_SISTEMA/cassa-frontend/backend/modules/integration/orders-retention.js
ccbc9ead076d1662d7b5907d4b2d3a55cb3a877ebd996b0684d830aadf3c2da2	4662	644	SORGENTE_SISTEMA/cassa-frontend/backend/modules/integration/postazione-logout-station.service.js
7698f6cf0c58add38797bb9d9a94a9d53828e4c6ca719ee3c0b829fcd5fbc68b	2553	644	SORGENTE_SISTEMA/cassa-frontend/backend/modules/integration/postazione-logout-writer.js
7bcceb5c6fbad5e9c2aa4a899335ac2b76fc38056f9486b1334d35ddba8c5a9a	7673	644	SORGENTE_SISTEMA/cassa-frontend/backend/modules/integration/relational-order-create.js
a67eb76b75e65d1eb71b32826d2035001f3f8a4de4ff9c1cb1149e3fe8e0d0f0	6531	644	SORGENTE_SISTEMA/cassa-frontend/backend/modules/integration/relational-order-events.js
2e03a7be1ed4d76ccd6a880cefed0c8b29c32c2fda65c0a7e923756d24d27a30	2575	644	SORGENTE_SISTEMA/cassa-frontend/backend/modules/integration/rooms.domain.js
904082841c2174b6e15b83b43c282be2c52b41d2bd11e06b99364738d059f774	15826	644	SORGENTE_SISTEMA/cassa-frontend/backend/modules/integration/scoped-orders-read.js
196d6a1588948e223e57889041f2ffeb9884dc8c2842d007abf4a51b47fd724e	3586	644	SORGENTE_SISTEMA/cassa-frontend/backend/modules/integration/station-availability-notifications.js
9415d15bd7ffe2fb4538e9c70e8a665d8db9356f737bef2ad926529fc872a223	10044	644	SORGENTE_SISTEMA/cassa-frontend/backend/modules/integration/station-last-write-at-flush.js
39ae24be776d9a74ae7c45716ffe686fd82f740125254046a103e42e76557d49	8493	644	SORGENTE_SISTEMA/cassa-frontend/backend/modules/integration/station-orders-reconciliation.js
f279a1b990840a90e516120d550cdab3fef0fb637efffa5d158e9131bf064a2f	12750	644	SORGENTE_SISTEMA/cassa-frontend/backend/modules/integration/station-pause-transfer.js
a198604f48f84a3b98a6b0cf67e5c2a65dd08eb97840918b92815ad2ede75cec	4768	644	SORGENTE_SISTEMA/cassa-frontend/backend/modules/integration/station-snapshot.handlers.js
1686b7929b9187084554d614143ec4a0e8950c82d49b6254c23c8d3ff8afe688	8632	644	SORGENTE_SISTEMA/cassa-frontend/backend/modules/integration/station-state-transient-retry.js
4a1e233313c0d702281736116dcd116933305cc14847361e42664e837b822ba5	11041	644	SORGENTE_SISTEMA/cassa-frontend/backend/modules/integration/station-states.domain.js
afbc419f90afbad57ad1b2d16cfc680032bff485fb2353d2626f8ba0340e8bd2	2783	644	SORGENTE_SISTEMA/cassa-frontend/backend/modules/integration/stations.domain.js
39ef8bc9d07793983f3887230ea756dbc1f4c505977698729b52d0a42ffd589c	1862	644	SORGENTE_SISTEMA/cassa-frontend/backend/modules/integration/table-groups-fast-writer.js
b7214e12baff7f09043978f804627d7511034631b9db3f8986b885108387cd1b	6475	644	SORGENTE_SISTEMA/cassa-frontend/backend/modules/integration/table-groups.domain.js
dcd14cd15ec6b39617618ff6e7ef9e0b14ea494e9efc2f73951345154c426e39	78	644	SORGENTE_SISTEMA/cassa-frontend/backend/modules/menu-settings/index.js
c96ef28df00ff94ba487621b6572dee996d40efe9105a03c5be3ccb7f7857e13	2215	644	SORGENTE_SISTEMA/cassa-frontend/backend/modules/menu-settings/menu-settings.repository.js
d7e104b77a15a8d8bc079f87eafd6b6049276805da08b4ca13666f5a377d49a2	5874	644	SORGENTE_SISTEMA/cassa-frontend/backend/modules/menu/default-menu-catalog.js
c9f5fd6fe555b6e87e6a9a0ba2b34adac83fca407ce0e8535fc0de1c2ec5f1d5	1035	644	SORGENTE_SISTEMA/cassa-frontend/backend/modules/menu/index.js
742f26d2524e8f2e700f049a744899f201f41c7afc7d80a024da7d610cd1f5eb	13183	644	SORGENTE_SISTEMA/cassa-frontend/backend/modules/menu/menu-configuration.js
b2710a6cc24e94d0a9b40d7be005626bc1b170e8156e1e7e4116f799297e2966	18834	644	SORGENTE_SISTEMA/cassa-frontend/backend/modules/menu/menu-routing.domain.js
7c9923b6afe17d1b655bea96e1026fd9547049f5da80ef0e39e3ff94881cb370	14264	644	SORGENTE_SISTEMA/cassa-frontend/backend/modules/menu/menu.domain.js
f1d80e3fdba96aecdc5d0fac5905cdcca80f20e5e549db40a4b537cdaa410cc8	26600	644	SORGENTE_SISTEMA/cassa-frontend/backend/modules/menu/menu.handlers.js
da84aaa51f4bf439d3ec839ef843b87b0516f0330e1c3fc9452ff1547970e7d5	790	644	SORGENTE_SISTEMA/cassa-frontend/backend/modules/menu/menu.routes.js
cd85d07759a850f512eb6cfbb0f1e335ea0aedaa6e19c4a49c809ed1c6e1b749	147	644	SORGENTE_SISTEMA/cassa-frontend/backend/modules/mobile-battery/index.js
347b5e1f148e675119ef1d705229fe22d53f4cbc31c2eb85045a732769da3628	27742	644	SORGENTE_SISTEMA/cassa-frontend/backend/modules/mobile-battery/mobile-battery.handlers.js
90c40d667124787267f47af61b6091458c384e6fe479b245f8991634d129a0ad	661	644	SORGENTE_SISTEMA/cassa-frontend/backend/modules/mobile-battery/mobile-battery.routes.js
6d1aeb9eac69d3bc373c2f30b3e50039168722bdf51e0987c4b198ca3fa6bd20	5096	644	SORGENTE_SISTEMA/cassa-frontend/backend/modules/notifications/mobile-logout-handoff.service.js
2ef4779bf46f31971e3d6b8c923be659b11267a518210ab113926d5cd3230e22	2001	644	SORGENTE_SISTEMA/cassa-frontend/backend/modules/notifications/notification-ack-policy.js
485e6afca8d4b37e45bb8f0ae9bd2610468d49d617de7a61b6e9a86835023f13	8360	644	SORGENTE_SISTEMA/cassa-frontend/backend/modules/notifications/notification-delivery.js
49773676dc2b1225846eb006248d88d05493c6ab104f2c2a3efec8fe9bd89d04	4054	644	SORGENTE_SISTEMA/cassa-frontend/backend/modules/notifications/notification-persistence-writer.js
34bf1d4b0e64a343d980c5c8037dccc2f85d50a71efaed7ac90134a7d879eba1	2242	644	SORGENTE_SISTEMA/cassa-frontend/backend/modules/notifications/notification-priority.js
c05ad9b809d92bdb16c3952b2f227dfb44d85017fa78d2ee65beaa61ea5d34c1	4194	644	SORGENTE_SISTEMA/cassa-frontend/backend/modules/notifications/notification-records.js
5de2b93b5f09c76593ce975a9f2a2795bddcb6db45609c70bbe21fedf63e64d8	4510	644	SORGENTE_SISTEMA/cassa-frontend/backend/modules/notifications/notification-session-policy.js
d213f9db91b6b1ed65d219502b9419dbd69cc58d00dd05ba2b9f1916f04c6331	17341	644	SORGENTE_SISTEMA/cassa-frontend/backend/modules/notifications/notification-targeting.js
e191d3d881c0d67e7c89d14048b4d1a2218bfab85bc380b672cb26fa096f03f1	12535	644	SORGENTE_SISTEMA/cassa-frontend/backend/modules/notifications/order-ready-handoff.js
adaaa9be3f9d6bc3a49e74763bdc42f4c23c5a000ab5f921729d2b5270923439	3305	644	SORGENTE_SISTEMA/cassa-frontend/backend/modules/notifications/waiter-pause-recovery.js
eaa35376c8627c6efbc103bedddba31987f27f6682d456f210768c75cd6ea4aa	1986	644	SORGENTE_SISTEMA/cassa-frontend/backend/modules/notifications/waiter-pause-telemetry.js
a08fe5586e6432c45e618693c771f2f70b2291d1349c775680d8cbd6a2c9b978	3280	644	SORGENTE_SISTEMA/cassa-frontend/backend/modules/notifications/waiter-pause-writer.js
1389da979daff321665a998fc4da7210e1ab537390b85c9959b370ffa6b4a536	10750	644	SORGENTE_SISTEMA/cassa-frontend/backend/modules/notifications/waiter-pauses.js
923451e702b00b420fb0e94efd1aa2b11e0148e2d8b456e2d577e4dbe940393e	2232	644	SORGENTE_SISTEMA/cassa-frontend/backend/modules/notifications/waiter-routing.js
9e6a6b2389508b64c533784597b542ed16ad3f7cb5d793b609587eed58642282	1445	644	SORGENTE_SISTEMA/cassa-frontend/backend/modules/orders/externalized-order-target-refresh.js
ae06910aadd9fdbe101cfdd0645e0d4f476b7b11da3a4e41cb206e400fd84b67	12318	644	SORGENTE_SISTEMA/cassa-frontend/backend/modules/orders/order-correction-changes.js
a07f3a4affd93a9af921f7cdd68d6e5cc4a38a5957ac27db93f2bafa52f40c8f	1573	644	SORGENTE_SISTEMA/cassa-frontend/backend/modules/orders/order-correction-print.js
780af7fc9d7bf5cc34a128c732fdc525eb4dabe93706b457f8775c8a4f4dce59	3729	644	SORGENTE_SISTEMA/cassa-frontend/backend/modules/orders/order-lane-metrics.js
2a8db3afe7d869f8ff5c192d3935c07fd089c9693076f1c7c4d70f0c12d9b25c	3810	644	SORGENTE_SISTEMA/cassa-frontend/backend/modules/orders/order-line-snapshots.js
9c6adb95f45de0af6faa854b79a5aaf0ffa61070ccc328f45ec2bc96ca8fd9b6	731	644	SORGENTE_SISTEMA/cassa-frontend/backend/modules/orders/order-lines.js
03e8764fae5cb1898fac1da2341087134c5201469d61278c24bfa3d497f4fa7d	32204	644	SORGENTE_SISTEMA/cassa-frontend/backend/modules/orders/order-preparation-queue.js
35837afc02bdf80756e2be103286cdf0f035b208f096c866b6919743bd98ff7b	5121	644	SORGENTE_SISTEMA/cassa-frontend/backend/modules/orders/order-print-labels.js
93d8f97f43666e6a6e66b000da5c4b627319588575a0ed93fa362f087cd459a1	2043	644	SORGENTE_SISTEMA/cassa-frontend/backend/modules/orders/order-progress.js
17f9a20a3d5ffefc412dcb979de79660e7c340304e2db9c956f9634022d6138d	12822	644	SORGENTE_SISTEMA/cassa-frontend/backend/modules/orders/order-state-machine.js
81459d04453e8239114929fdabd3eaa11cfcc9a3c6edb46e479ed1ee55aeccfd	793	644	SORGENTE_SISTEMA/cassa-frontend/backend/modules/orders/order-timestamps.js
8732ec0b5ed3bc164bba0b7412fa86752e110761bb385842439c0db8b40c32a0	4630	644	SORGENTE_SISTEMA/cassa-frontend/backend/modules/orders/terminal-duplicate-sync-prelane.js
3946705088dd1f649584c5540676ab99bd14c12a44677d4d40220ad0b9f40104	499	644	SORGENTE_SISTEMA/cassa-frontend/backend/modules/payments-provider/index.js
12059f6c9d14e1f7784864b8a5fb35198770cbbbc7b950d89510fd4853c468c7	2636	644	SORGENTE_SISTEMA/cassa-frontend/backend/modules/payments-provider/payment-provider-state-machine.js
19d6a8a8d329e6f03ba0d0ca5696edfb26ebf2219482ab7360b3bb17f0e748c9	7660	644	SORGENTE_SISTEMA/cassa-frontend/backend/modules/payments-provider/payment-provider-transactions.repository.js
71f44f481ba011214f7c811bb553213dab6d40e754439de5c1c87ff5a6cdfcfc	5684	644	SORGENTE_SISTEMA/cassa-frontend/backend/modules/payments/fiscal-receipts.domain.js
b22e584d9141a5ca9e54ba80221557ffb410b02c6426605717b0e45fd95276b8	5331	644	SORGENTE_SISTEMA/cassa-frontend/backend/modules/payments/fiscal-reprint-reference.domain.js
48c41c5bab0901771bdbc6541ac4f715db3908405cfda726b27b670080b127f5	826	644	SORGENTE_SISTEMA/cassa-frontend/backend/modules/payments/index.js
7c9e6c068eba9768f69af9cdcd5a10727749ac3a85116ee93253b04a536bd3e5	8628	644	SORGENTE_SISTEMA/cassa-frontend/backend/modules/payments/payment-free-split-durable-mirror.js
f2a0ae914cda437b12eeb798816a30e6931846e6b88e74b9518dcfc53e288f5b	8771	644	SORGENTE_SISTEMA/cassa-frontend/backend/modules/payments/payment-free-split-fastpath.js
934bde06f56445c7244a32a6cfe228e1d5b3f9489ab7d7df4ee853ce0f69d9ff	11505	644	SORGENTE_SISTEMA/cassa-frontend/backend/modules/payments/payment-free-split-mirror-payload.js
12fb222b07afe796386421daeb829cce640e5aed9e96197aae81a72a423a3fb0	6930	644	SORGENTE_SISTEMA/cassa-frontend/backend/modules/payments/payment-free-split-stateless-mirror.js
57bca7c800e90ca241a5fc02688228c47fbab2bb590925a67399c7b7b8d5cb9f	1722	644	SORGENTE_SISTEMA/cassa-frontend/backend/modules/payments/payment-free-split-telemetry.js
720e100589228a959955d6c43f592f336d1e2cff425b57c3a3b14d25c16153c7	15768	644	SORGENTE_SISTEMA/cassa-frontend/backend/modules/payments/payment-mirror-worker.js
312da5235f5c8ba75d5392f729a8507c1c831675e1e969f5b9e6f4a7ae62de81	1627	644	SORGENTE_SISTEMA/cassa-frontend/backend/modules/payments/payment-money.domain.js
1ead659ab84341f07e1b748ab030cfe4910eb1ca895a70fa7091f168e5f67407	3080	644	SORGENTE_SISTEMA/cassa-frontend/backend/modules/payments/payment-order-refs.domain.js
0aa4d787437ef9830b3b1bc3a26fce7d87b84793235f34b14aca7e55d3e343bd	7289	644	SORGENTE_SISTEMA/cassa-frontend/backend/modules/payments/payment-print-format.domain.js
4e1a1ed08fe8d2387b8acf228b9aeb43dd73503f777e8063899887f72969d3ef	20633	644	SORGENTE_SISTEMA/cassa-frontend/backend/modules/payments/payment-record-normalization.js
256a3c6c8f320a1d686d93aeb658348965823a569b6d55d016d28dea10569fc4	2171	644	SORGENTE_SISTEMA/cassa-frontend/backend/modules/payments/payment-splits.js
b29517a4dd5a424bc2810fe370c3c8ae46de2801712e6a812847fbaaf5f7b94e	7792	644	SORGENTE_SISTEMA/cassa-frontend/backend/modules/payments/payment-state-machine.js
5644bea4b514a4ba522d5f94460dae526f3e5a04e62615857e997a533f299911	2675	644	SORGENTE_SISTEMA/cassa-frontend/backend/modules/payments/payments.domain.js
0811d5b37e3f462f1896af33dcbef54761f1e17b2ff8883b57eb39eaec8f3967	135759	644	SORGENTE_SISTEMA/cassa-frontend/backend/modules/payments/payments.handlers.js
e919c6dc0a22eb111b3e611378502b5e26fb6d2b3bd65dfd0a0919112f103477	1036	644	SORGENTE_SISTEMA/cassa-frontend/backend/modules/payments/payments.routes.js
45ab51ab3db8ab8a5be3294233e70a474cdbd98ccd6a490b12b4381160a5e3c6	24522	644	SORGENTE_SISTEMA/cassa-frontend/backend/modules/payments/pos-bill-table-normalization.js
8eb8a064f991a9fb88ed21d0accd8e19feca4e1b09efe483f9553750c3e0f8cd	5367	644	SORGENTE_SISTEMA/cassa-frontend/backend/modules/payments/relational-payment-order-sync.js
f3535f0cf473da98f13e99e6d26837913fa40048a3c185f7103c406ddeee2b9d	127	644	SORGENTE_SISTEMA/cassa-frontend/backend/modules/pos-rooms/index.js
d1b1f7c5257a5cbfae670caf18595a0587ad4b17c6424c504b3d076019687376	1997	644	SORGENTE_SISTEMA/cassa-frontend/backend/modules/pos-rooms/pos-rooms.handlers.js
0425ed03b4b28610c273e5b8fb4dc3ba30b6480175f2d85f241832cc7e412a90	290	644	SORGENTE_SISTEMA/cassa-frontend/backend/modules/pos-rooms/pos-rooms.routes.js
7061681989fcb1f4bbdf83889d814567e38905aba09af900275d7a510f405208	5592	644	SORGENTE_SISTEMA/cassa-frontend/backend/modules/pos-rooms/room-change-approve-pin-proof.js
95b8051b6219b0ba01c8db812e35417eaef2247d2a2b6127eccebb63493e9855	400	644	SORGENTE_SISTEMA/cassa-frontend/backend/modules/pos-rooms/room-change-approve-telemetry.js
2000086edd24404d3c91651969d83034cb59cfcf005087b1b8a3d93a97cadb6a	1923	644	SORGENTE_SISTEMA/cassa-frontend/backend/modules/pos-rooms/room-change-operation-telemetry.js
0300f92f92ee0802b29538f16f749c35aef4bbe952da88e8332846f9286b3b2d	335	644	SORGENTE_SISTEMA/cassa-frontend/backend/modules/pos-rooms/room-change-request-telemetry.js
9f985c04f06bd624d2e5dd32c262af277242e2872d12d8b0948e020a02491508	161	644	SORGENTE_SISTEMA/cassa-frontend/backend/modules/postazione-actions/index.js
ec2fda623bbeb6386d7a1ba3b7e97914ee01790eae60d47a6c13a1f9d82395af	9561	644	SORGENTE_SISTEMA/cassa-frontend/backend/modules/postazione-actions/postazione-actions.handlers.js
0da879a77e91728b1640dbe61b127f0512ef497d477511f37a53b798315bd116	418	644	SORGENTE_SISTEMA/cassa-frontend/backend/modules/postazione-actions/postazione-actions.routes.js
05991a486cf61e773eedccc5dce670b33f6f0f9cd64dccbcbdfa36dd81f36d2c	576	644	SORGENTE_SISTEMA/cassa-frontend/backend/modules/price-lists/README.md
b729f898efa42a78263273583ecabbc8080df374efcfb9f4e7aa3dd5757eb20e	460	644	SORGENTE_SISTEMA/cassa-frontend/backend/modules/price-lists/index.js
d007cb410c250778362b5d7d43c072e98bf8034b5dbebc661a309f5f647311da	9779	644	SORGENTE_SISTEMA/cassa-frontend/backend/modules/price-lists/price-lists.domain.js
5afdcd32e9dea19929b6394ee64b45a9c399753f9e9672a963adb8750edd6429	14028	644	SORGENTE_SISTEMA/cassa-frontend/backend/modules/print-spool/auto-print-owner.js
a0708b6f707d0c82143ef61832cecbd51751fc8a24fa154fdf9af5f3a086a9c8	2367	644	SORGENTE_SISTEMA/cassa-frontend/backend/modules/print-spool/legacy-mirror-owner.js
3af2f11c60463532631a3c4a81719157fc3da916c7972da006b602df89ed6a19	7506	644	SORGENTE_SISTEMA/cassa-frontend/backend/modules/print-spool/print-state-machine.js
1a5c4a2ffc62c32dba110959aa1c7fd8c3dc34d4d1f852fb54d0fd479600aef8	3630	644	SORGENTE_SISTEMA/cassa-frontend/backend/modules/print-spool/printer-circuit-breaker.js
f1ee6e30ed081550d0a71786b50c4b7e91693cb21d1a123486e4d27a79c9d101	5614	644	SORGENTE_SISTEMA/cassa-frontend/backend/modules/print-spool/retention.js
f8fe5c05e3618f718bf02dbe3f897bef975449d6e0cef7d29793ff13cc0d97ba	1092	644	SORGENTE_SISTEMA/cassa-frontend/backend/modules/print-spool/spool-directory.js
b5eb94011e02c8effbc9ab03aca746aa0c49b461aaa5d1b2fa6da3187c0b6cfc	1436	644	SORGENTE_SISTEMA/cassa-frontend/backend/modules/print-spool/sql-primary-batch.js
faa24281e55bda277434de1df6c315b72b43e38c6d1396740801c99b6e584e91	2565	644	SORGENTE_SISTEMA/cassa-frontend/backend/modules/queue/db-mutation-fairness.js
6e74510dfd662ef3da8e58d02662fbed2aef033bb3558536edf2bc2f35060b53	5974	644	SORGENTE_SISTEMA/cassa-frontend/backend/modules/queue/domain-lane-fairness.js
ba2f782d3a2df87515b1e8cbb1027d5ab98102cb948536a44a0ae3f8687f38ec	8224	644	SORGENTE_SISTEMA/cassa-frontend/backend/modules/queue/lane-routing.js
4293ed760e3cd8a1f96064b450775d38fd9bdb32e8c7aed5d107a8e7b5d5e231	4200	644	SORGENTE_SISTEMA/cassa-frontend/backend/modules/queue/latest-by-key-batch.js
be90bdf42e791fd9e753a74fb8c7859f9ebd4f523f21c38436908d949c8a7e84	8943	644	SORGENTE_SISTEMA/cassa-frontend/backend/modules/queue/mutation-lane.js
6bcb973ebd8be2e44c30fa4851d0ad34fd3759016c7df3ffa2f890842a68c725	1200	644	SORGENTE_SISTEMA/cassa-frontend/backend/modules/queue/payment-lane-admission.js
3c866fc8e6aa86db7f9f11a5e3e0fd2574054a1defd7cf7cb102245b59985e2e	762	644	SORGENTE_SISTEMA/cassa-frontend/backend/modules/queue/singleflight.js
f79fc486ff2c5a0f9e28ef2de1b297892bf78f9c750c2b8b11dc5b2dd96b2271	639	644	SORGENTE_SISTEMA/cassa-frontend/backend/modules/radio/index.js
bbddc9b584223cbc50fe92b3d514e3257390f3fd16063f261fe8e939397d8360	24142	644	SORGENTE_SISTEMA/cassa-frontend/backend/modules/radio/radio-hub.js
d5faaef4bb2193dcbf27cd9cedb497199cdb5441236e31929dc9e386c206d531	2399	644	SORGENTE_SISTEMA/cassa-frontend/backend/modules/radio/radio-protocol.js
41d53478a9365e4b31651756a58b8dc710aad53a5a6d8db3ee1c68e5777ed4eb	7056	644	SORGENTE_SISTEMA/cassa-frontend/backend/modules/radio/radio.domain.js
026bfc878f355e57f674037e1736563be1bc762ab5cc1fbd0ec5ccd6bb0e9160	6518	644	SORGENTE_SISTEMA/cassa-frontend/backend/modules/radio/radio.handlers.js
0a893ed8e8181b6841995b5a887ae3eb2dd8203092068b73e2a715d78e1ee8df	908	644	SORGENTE_SISTEMA/cassa-frontend/backend/modules/radio/radio.routes.js
05d84b0bc8d19ffadc7c691c48993169f57330c3acd989ca8b9bd63c9a0d8411	1981	644	SORGENTE_SISTEMA/cassa-frontend/backend/modules/realtime-backbone/aggregate-last-event-binding.js
e2e072f96fc983ad8f9e6188505ecaf317d428733477e55e5aee98629c8beb72	9535	644	SORGENTE_SISTEMA/cassa-frontend/backend/modules/realtime-backbone/event-outbox.js
0932be6a0f561b44b01b5af18eb12d270510d39890e960ba5fc951afe194aa83	11638	644	SORGENTE_SISTEMA/cassa-frontend/backend/modules/realtime-backbone/mqtt-bridge.js
da4f6b64fdca84e400823907b82781208817bfc5be4d6e1dadbc640c04a38f8a	17511	644	SORGENTE_SISTEMA/cassa-frontend/backend/modules/realtime-backbone/mqtt-command-pilot.js
d31c4da9f6ef202b43333ef38483d999d17a88df18a2ba813b581b16b304c16a	16091	644	SORGENTE_SISTEMA/cassa-frontend/backend/modules/realtime-backbone/notification-stream-runtime.js
aca5504ed93b93e4fba8fe0ab5d2db3c6c05e1720308214eb90cbd395857d197	5559	644	SORGENTE_SISTEMA/cassa-frontend/backend/modules/realtime-backbone/payment-idempotency.js
672ee8b27df4c924981cde8f639760842980c1b68e5055053441a7924b2f19dc	5515	644	SORGENTE_SISTEMA/cassa-frontend/backend/modules/realtime-backbone/realtime-audience.js
a1d89df3d05b2b1208a946b7058c43c5189f7aa2c1d8ad57bcd09f33310148aa	428	644	SORGENTE_SISTEMA/cassa-frontend/backend/modules/realtime-backbone/realtime-backbone.config.js
a363af81c31d0bf86ffd58957cf1435d319b172413102aa62aff4ed27f803377	157	644	SORGENTE_SISTEMA/cassa-frontend/backend/modules/redis/index.js
53b7b9b272de50171b58d27347cc515377b572634a20010199bb486db8be379e	24850	644	SORGENTE_SISTEMA/cassa-frontend/backend/modules/redis/redis-volatile-store.js
f8a4ff7e478d968d1c87292fcfb57945565d7b84e5ed0fb28ac2e87918964699	41300	644	SORGENTE_SISTEMA/cassa-frontend/backend/modules/reports/handheld-session-report.js
5c4ee1d0380018a8826a43581c75fa05e326e5a3bc4d75382de04c283adb821d	121	644	SORGENTE_SISTEMA/cassa-frontend/backend/modules/reports/index.js
751079e304fd44ffc348fd5dbc5711db010d5d570ccc2d24e53924431b65eed9	46735	644	SORGENTE_SISTEMA/cassa-frontend/backend/modules/reports/reports.handlers.js
9df75e768a3dd82876e1102e4269464795127ef166975d9e6b6f69eaed513adc	1884	644	SORGENTE_SISTEMA/cassa-frontend/backend/modules/reports/reports.routes.js
d2adc0151fc2fd4943fd5387f0201ee6d7498b321f224178e0a089528928d6c8	11198	644	SORGENTE_SISTEMA/cassa-frontend/backend/modules/reports/settlement-ledger.js
b913d8e37f5b044ce4ce518bbc3bf8c093a92ab1fbed69bb9a618951d32a4850	364	644	SORGENTE_SISTEMA/cassa-frontend/backend/modules/reservations/index.js
63b682cef3d1b6931ddb645ce78af419021b652e5e96b2fd2666a1d268c84413	4543	644	SORGENTE_SISTEMA/cassa-frontend/backend/modules/reservations/reservations.domain.js
2a7b6896d34ccbeb556c152ee39d00f0af94b29067a9234601c501649485fbe6	52283	644	SORGENTE_SISTEMA/cassa-frontend/backend/modules/reservations/reservations.handlers.js
c6884d3ab2b7fb369c1e20e044b84cac8803e9e2741c78b51c82e458c74f727e	2853	644	SORGENTE_SISTEMA/cassa-frontend/backend/modules/reservations/reservations.routes.js
478511ef3920bd51ea9738620cb7a545d8daa05e7cd2c2ace72a10f5b151dd4e	9994	644	SORGENTE_SISTEMA/cassa-frontend/backend/modules/runtime-feature-profile.js
7f7c86ebffda44da2950683924c5748ce436862b2e039a040eddadffc35c6839	46442	644	SORGENTE_SISTEMA/cassa-frontend/backend/modules/runtime-metrics.js
13d055f0a706a99e29993798b51afe4454096bfcef68ae9c3b2950eebaa1bd0f	802	644	SORGENTE_SISTEMA/cassa-frontend/backend/modules/sales-sessions/index.js
b89c66e5c352ba01bdad55a2a071a60fdf2a0de0c6065ee201a871d9643d8b94	8995	644	SORGENTE_SISTEMA/cassa-frontend/backend/modules/sales-sessions/sales-sessions.domain.js
71a7079b8a79be029ece01040c0e2dc8c4d17838a10c6e61401b30c0ddaf17c9	4728	644	SORGENTE_SISTEMA/cassa-frontend/backend/modules/sales-sessions/sales-sessions.handlers.js
9bc2fe47dec70bd16fe90723319d248925441941bf4fece625f1b8182a430546	2885	644	SORGENTE_SISTEMA/cassa-frontend/backend/modules/sales-sessions/sales-sessions.lifecycle.js
52f3f031fdba87b4c56abd882efac1486e6b7bf1068f4f7f4a9a85250eba0920	1452	644	SORGENTE_SISTEMA/cassa-frontend/backend/modules/sales-sessions/sales-sessions.repository.js
8feb50cea310315bfafb3c011b8b687914db6d83425dd9e2eb43812ef2ea16c3	639	644	SORGENTE_SISTEMA/cassa-frontend/backend/modules/sales-sessions/sales-sessions.routes.js
f3e93a62d19d0317c6a7d285dca9e698721bf4f867a716a91d63deb9604b387f	534	644	SORGENTE_SISTEMA/cassa-frontend/backend/modules/scoped-reads/index.js
cd657f7cd3ddb601f7bf87d746615481626e46221361e5d2c791529619df3238	1620	644	SORGENTE_SISTEMA/cassa-frontend/backend/modules/scoped-reads/relational-order-read-model.js
8c5b1e030d442d0305e6d67dd75d318345df3befc4a682f8fe02afc4e49c22ec	2003	644	SORGENTE_SISTEMA/cassa-frontend/backend/modules/scoped-reads/relational-table-read-model.js
c3a66e5453b79a897ab534c089451749faeccdf3d61d5b73808476485755517d	4084	644	SORGENTE_SISTEMA/cassa-frontend/backend/modules/scoped-reads/scoped-reads.domain.js
ab85484e015402a821d2e6c9b7eff815a7429966494eb75576caaa745eb70dba	12663	644	SORGENTE_SISTEMA/cassa-frontend/backend/modules/scoped-reads/scoped-reads.handlers.js
e21f26b3b607fbd34610e8766d8a92b832e7511050fd6aca4969041637237e92	668	644	SORGENTE_SISTEMA/cassa-frontend/backend/modules/scoped-reads/scoped-reads.routes.js
f1f3857dc795bfbc748dcd3dc1c49135d2b03539641edbc24f1ca95e95f92fa7	125	644	SORGENTE_SISTEMA/cassa-frontend/backend/modules/settings/index.js
c7704231e229a54599b127ae37286dfdbe07c8c1943344d05ba431635edfdfd2	19794	644	SORGENTE_SISTEMA/cassa-frontend/backend/modules/settings/settings.handlers.js
6302c0bf89336c937800bfeb20e96e783b2a11b0e0ed360a6f58e924264147c3	2651	644	SORGENTE_SISTEMA/cassa-frontend/backend/modules/settings/settings.routes.js
77bb5ff07ddc2fa473a6833d42fb3de7764ff1a07bbda952f591f26abf511bd7	59	644	SORGENTE_SISTEMA/cassa-frontend/backend/modules/smart/index.js
503e2dadbf38b476810080f3322745a8aeaae8ade3213112693d639114c2c29d	20272	644	SORGENTE_SISTEMA/cassa-frontend/backend/modules/smart/smart.handlers.js
a6d82351392b32a6015512784b15cbba1e9a2bbec2e20310b5cec7f44c377eae	117	644	SORGENTE_SISTEMA/cassa-frontend/backend/modules/status/index.js
eeff81c61621865bd090f4caeed490f36b70bc2696dd9c7ddc08f57bda14acf4	78026	644	SORGENTE_SISTEMA/cassa-frontend/backend/modules/status/status.handlers.js
62c068c3be8fc690692488e0d002d70489a6fcdd57cf1b57e58600053d1784b0	1762	644	SORGENTE_SISTEMA/cassa-frontend/backend/modules/status/status.routes.js
992d693cb1c455e1f27cf35889cfcd0c8164986df9ab1de58f92db5369029eae	120	644	SORGENTE_SISTEMA/cassa-frontend/backend/modules/table-room-move/index.js
7fb2383672857009401a4eaeaba33951ef79853a5d4d12ed459ac62039597aa3	4413	644	SORGENTE_SISTEMA/cassa-frontend/backend/modules/table-room-move/table-room-move-request-app-state-fastpath.js
8c0e66349dc0dfffb3a1ca77b03a66e7a42a5f14f6987bb3c5b2790a15f8726a	8602	644	SORGENTE_SISTEMA/cassa-frontend/backend/modules/table-room-move/table-room-move.domain.js
4592abab155e7f869ef58beec312e6fec2772e48a15087d87fe8256679d0d044	367	644	SORGENTE_SISTEMA/cassa-frontend/backend/modules/tables/index.js
a3c82cc1fa97859254eb6a885885194010ddc4e1337cfe386021c1267420dc5e	4217	644	SORGENTE_SISTEMA/cassa-frontend/backend/modules/tables/relational-table-locks.js
f3347ffd982f3ba7eb2911851be968c87476d33082fb71d9440acd72ea7c95c4	5048	644	SORGENTE_SISTEMA/cassa-frontend/backend/modules/tables/relational-table-move-writer.js
145b13175b3ae93192b109c6a9c80946863d1b84b2cd50f73b99ebedef496e88	608	644	SORGENTE_SISTEMA/cassa-frontend/backend/modules/tables/table-capacity.domain.js
5c194e80c85237b09124fa781eb92b5bc88800ec3a085c2d1b5a9c96c5550d9d	5100	644	SORGENTE_SISTEMA/cassa-frontend/backend/modules/tables/table-lock-worker-request-fastpath.js
10848fa2300ab6300443ed8e8246b2fcbccfce39d2f4e0daaa2d99629689158b	3913	644	SORGENTE_SISTEMA/cassa-frontend/backend/modules/tables/table-sync-app-state-fastpath.js
951d48dd90943605a233f00dc6eb3d674c0875de2d8934459cb39e4e1cc40f04	4396	644	SORGENTE_SISTEMA/cassa-frontend/backend/modules/tables/table-work-lock.domain.js
649413e066fa3e3d426c9ad3ef8a234fe3bf30b2df8326db9886732089eccc23	9201	644	SORGENTE_SISTEMA/cassa-frontend/backend/printing/escpos-codec.js
bd33d4fa615e40c60ee2a0ed28863282a12763e5118ede00af61744a7356806a	2200	644	SORGENTE_SISTEMA/cassa-frontend/backend/printing/escpos-style.js
e02ab7e7cd8052e37f83cf4e58590fce03600f71a4202d13f8b6abdeed99e226	10800	644	SORGENTE_SISTEMA/cassa-frontend/backend/printing/order-ticket-renderer.js
b44656a66567dfbd8ac75069a0ac514d76dc7564a5df5e56780b94e5e5955c67	10964	644	SORGENTE_SISTEMA/cassa-frontend/backend/printing/payment-receipt-renderer.js
4253d40109e9e7ff72bca5dcbf837be062a1a4c5a16c540de2be5bf86c9f7ebb	2053	644	SORGENTE_SISTEMA/cassa-frontend/backend/printing/preconto-branding.domain.js
95aa2b493a961ba93370b32dc700bc920c27c3d4d3c47609a9998d8de89c8d94	8652	644	SORGENTE_SISTEMA/cassa-frontend/backend/printing/preconto-layout.domain.js
afbd2796912c29899671e66a3821f2094c7e5250dcdc65b69e34954a4bae462e	13337	644	SORGENTE_SISTEMA/cassa-frontend/backend/printing/preconto-renderer.js
64347caa9d9858f6631f0560a2d3653b422517b5f597cb0966cd0733a7b3ab50	11090	644	SORGENTE_SISTEMA/cassa-frontend/backend/printing/preconto-supplements.domain.js
5f9c50177d3d86df5b5f9c8b508d487932d55ca94ca2deacc9df03ec1c9b9d11	3937	644	SORGENTE_SISTEMA/cassa-frontend/backend/printing/print-location.domain.js
eef39532c5655b08646bf452469dcefd4211af4aa2fee97a43d4c790a1720bd8	4544	644	SORGENTE_SISTEMA/cassa-frontend/backend/printing/print-utils.js
5821a904da3b7e64de8fa2975a4a0cec54b4bdbb863d5cee540c5d5c1d094442	6742	644	SORGENTE_SISTEMA/cassa-frontend/backend/printing/printer-config.domain.js
c6eae8a7244e7425651f3a2466c200f7ba9afb898392f1dbb7ca49f9738d951c	4708	644	SORGENTE_SISTEMA/cassa-frontend/backend/routes/index.js
100e9d9c34cfdc4a1840ffa82954cf5afb70ee023a2b384609240e674e7197b3	9496	644	SORGENTE_SISTEMA/cassa-frontend/backend/routes/route-handlers.js
a95ff633ca4f43ca11d66375e684a052f49c79434ce2ec02ae01b13f444e1cf4	15526	644	SORGENTE_SISTEMA/cassa-frontend/backend/scripts/audit-room-permissions.mjs
7a36c9df9cb86997cc6a8242f53a14834f90c231336ad9b1edf46cdd221df93e	4719	644	SORGENTE_SISTEMA/cassa-frontend/backend/scripts/convert-split-state-to-full-json.mjs
a43faf679f3d3915ea0c92a95087937b979a8a13d63054677e8e2f7cfdc3195f	7926	644	SORGENTE_SISTEMA/cassa-frontend/backend/scripts/create-admin.mjs
6b47d0b9912ff5e541dbf6ab5f72eb43110c3c37d6e2316c38dff7b1c938845c	5701	644	SORGENTE_SISTEMA/cassa-frontend/backend/scripts/migrate-app-state-to-relational.mjs
c37b87b5ac3882655b2eb65479566ef9a485d1a9856905dd21c6421417152034	2066	644	SORGENTE_SISTEMA/cassa-frontend/backend/scripts/migrate-relational-schema.mjs
6b1b9ce09e94fb9611218de494bab6b6ec7579de05c9c7ed8ed0d4eceb98f7e8	129	644	SORGENTE_SISTEMA/cassa-frontend/backend/scripts/start-backend.mjs
ce695e45e8c85f209d7905740c3294db17cd75932f8d8e229f50c88f1fd7d255	1413287	644	SORGENTE_SISTEMA/cassa-frontend/backend/server.js
54cb0f4587af09cce897218017c44a0ef71113f1bb8c3820e96698f6f3f2f86a	4209	644	SORGENTE_SISTEMA/cassa-frontend/backend/smart-card-local-middleware.js
502011d2b0293bcb65a5376a69f0fd84b037d35dfaa3c6aa3dbebaf35fdae8fd	4828	644	SORGENTE_SISTEMA/cassa-frontend/backend/tests/activity-config-domain.test.mjs
8dafeaf3602fd98d647642ce95d27c481970ed7b07a5cc93dbfee0230dceffde	1035	644	SORGENTE_SISTEMA/cassa-frontend/backend/tests/api-worker-read-canary-static.test.mjs
ad28f62be0dd210c84a86260010791bd79d50e4befe7022b8b3ee6e7a541a5bd	5284	644	SORGENTE_SISTEMA/cassa-frontend/backend/tests/api-worker-request-fastpath.test.mjs
a63b375b5f999da3de3d4afd14680a84d67c781b88cf37f09cebb459dff6ffa6	11357	644	SORGENTE_SISTEMA/cassa-frontend/backend/tests/app-state-persistence.test.mjs
108a191bc8058f7e17140416e061f5f829e2ad6ea1c1e62db20d91f9f522ddec	140279	644	SORGENTE_SISTEMA/cassa-frontend/backend/tests/app-state-repository.test.mjs
cd7d25888db5bdcc32c76239c239873484df3dba27ea94e02832d1edde8fffc8	851	644	SORGENTE_SISTEMA/cassa-frontend/backend/tests/architecture-line-budget.test.mjs
8bbdf196edda0fac025b89e77925d22aab115a6ba246d24428bc88599f391e10	2634	644	SORGENTE_SISTEMA/cassa-frontend/backend/tests/architecture-roadmap-reconciliation.test.mjs
86a3dffed0964bb8daf12b9593b94953553b55613bcf5d581b9666074cf6d42f	6347	644	SORGENTE_SISTEMA/cassa-frontend/backend/tests/area-config-domain.test.mjs
e51fb654ad39eba8a2402c8c7498b8a59dd723fec74b16c6886f97df3353f358	2915	644	SORGENTE_SISTEMA/cassa-frontend/backend/tests/audit-room-permissions.test.mjs
23c99fe93676f782453f60a0f22ac6dc2df74932a58439587d68aac242492900	10188	644	SORGENTE_SISTEMA/cassa-frontend/backend/tests/auth-session-redis-cache.test.mjs
b906432d0204830c6422c0d225bc5e1f21f281d2aff3914367c78baf9a68587a	35088	644	SORGENTE_SISTEMA/cassa-frontend/backend/tests/auth-session.e2e.test.mjs
d73d1f7786da5499689b4a34a233800acfe8d4ca0bc5b54ff75efbaf8ff558ab	3592	644	SORGENTE_SISTEMA/cassa-frontend/backend/tests/automatic-cash-real-mode-guard.test.mjs
3576decf8554b6c8243766d0b2e5feabba15440464efee05a906e9a09cad5bee	2614	644	SORGENTE_SISTEMA/cassa-frontend/backend/tests/automatic-cash-split-guard.test.mjs
02a1a5c54c46f7e15458c0efe391f4f5a8effd28a9c748ac6440d94f36e8ed5f	89749	644	SORGENTE_SISTEMA/cassa-frontend/backend/tests/automatic-cash.test.mjs
e0e96874ac9ef8586f89811af4624f448e419670b1fc98b9e1fdf242e2896b2a	3312	644	SORGENTE_SISTEMA/cassa-frontend/backend/tests/command-inbox-pilots.e2e.test.mjs
dbc75f8b5e2d35d44efb257d4eda74faabddbb9b8c721f28903907ff8840a1d7	10968	644	SORGENTE_SISTEMA/cassa-frontend/backend/tests/command-inbox-pilots.test.mjs
dab80582cd824e6a306b13c1015730cd3055a23f04c158d22ff24e0d1021fd57	4713	644	SORGENTE_SISTEMA/cassa-frontend/backend/tests/command-inbox.test.mjs
6b5fef6eb591a98aba5a0e9b19b7b4034009130eb5d5317317733e9b4c995f37	17955	644	SORGENTE_SISTEMA/cassa-frontend/backend/tests/commercial-benefits.test.mjs
db075d0ee8180d76fb179967e31126073fc3cacd081a0cbf26f118a38ca2cfed	7965	644	SORGENTE_SISTEMA/cassa-frontend/backend/tests/concurrency-cas-regression.e2e.test.mjs
96947c78dc46520074789bbfd5ae11436d635016f769b73d7d71fb9d34946e08	3393	644	SORGENTE_SISTEMA/cassa-frontend/backend/tests/concurrency-harness.test.mjs
8111c78d5cb1e176d1584067d34b3e15085afe74f33d794f650f6e63b73aae1f	7672	644	SORGENTE_SISTEMA/cassa-frontend/backend/tests/configuration-save-contract.test.mjs
68bb73e3e6f56e8a669c2cd67a1e1b603bafea549b44e3c644287653b62d2ffc	18205	644	SORGENTE_SISTEMA/cassa-frontend/backend/tests/configuration-snapshot.test.mjs
73fa8aaaa4670000be00237d01c96518024106e5ec38a7ccdc0cc4b0d5ee58a9	146129	644	SORGENTE_SISTEMA/cassa-frontend/backend/tests/continuity.e2e.test.mjs
e4512af5bcfb0bb8c37743ce08a8bf16cec00aa04141dcc55433fd8ce0fcd5ce	3530	644	SORGENTE_SISTEMA/cassa-frontend/backend/tests/counter-collection-writer.test.mjs
a050cbae67407a13e7a0c8fa4cad57fe8941fe3dc5082ae4e34cb4037f188f68	1413	644	SORGENTE_SISTEMA/cassa-frontend/backend/tests/db-mutation-context.test.mjs
d37edf85060bece069940c4c332653132c6288d9585d54f7af632ca84073d9ad	2424	644	SORGENTE_SISTEMA/cassa-frontend/backend/tests/db-mutation-fairness.test.mjs
b3c6a7738c58d94c40739cba0c1bce2fdee337ac370e6dbfd9164c23254d5f34	4490	644	SORGENTE_SISTEMA/cassa-frontend/backend/tests/default-drink-premium-menu.test.mjs
ad1c24067ccf676b2bf18986484c39458c6fdd7e84454ac28944c35a5e5847c0	2766	644	SORGENTE_SISTEMA/cassa-frontend/backend/tests/device-status-split.repository.test.mjs
f88fda590015096ea9adfebdd1c28338bcca4f99a1a0816a583efc96773a3b51	9971	644	SORGENTE_SISTEMA/cassa-frontend/backend/tests/domain-lane-fairness.test.mjs
fb3d1ac94ee939851bd8534227b7707948984089171ef89228be3884f11d2fe0	1590	644	SORGENTE_SISTEMA/cassa-frontend/backend/tests/escpos-codec.test.mjs
2c6dac8d647e447ccc1c5a46423d79faf1bfa8010b5d3070b49412f3f4806311	2261	644	SORGENTE_SISTEMA/cassa-frontend/backend/tests/escpos-style.test.mjs
c938bedd4425a58722315928010ea20ca942cc922ca43e26712e5eafb8555a5a	5828	644	SORGENTE_SISTEMA/cassa-frontend/backend/tests/event-outbox-pilots.e2e.test.mjs
6afaf0460969872a1f6c1cddeeb0c887f6b3c81dc04bc579b79f586bd3564cce	4062	644	SORGENTE_SISTEMA/cassa-frontend/backend/tests/event-outbox-replay.test.mjs
309c9abc22703c52bf2021b396275256b74658b1cdff4390c2aac761d630b528	1995	644	SORGENTE_SISTEMA/cassa-frontend/backend/tests/externalized-order-target-refresh.test.mjs
9a88ab135bc9d872f390194dd64d670893be2773d0c2fa76b2e4f3e96e89b1e5	11094	644	SORGENTE_SISTEMA/cassa-frontend/backend/tests/fiscal-optimism-boundary.e2e.test.mjs
9b37341fe1f7202c8b459749a8cc5d1a97676bdcf507e36cd0da93e86e9fd935	15935	644	SORGENTE_SISTEMA/cassa-frontend/backend/tests/fiscal-outbox-pos-worker-canary.e2e.test.mjs
60f4158823e36c23ab5685446045054100917f843eb46243c218e3e85c21e1e6	14709	644	SORGENTE_SISTEMA/cassa-frontend/backend/tests/fiscal-outbox-worker.test.mjs
cee142e2a046779ca2741e2c7a956359c22370d2cc3ed946138b6f03d9dcf774	1224	644	SORGENTE_SISTEMA/cassa-frontend/backend/tests/fiscal-provider-status.test.mjs
30ae0c23c0c81a6335ceea4e4d84ef1f947689b1b287dc52e459f0ba705e615d	6288	644	SORGENTE_SISTEMA/cassa-frontend/backend/tests/fiscal-receipts-domain.test.mjs
e14f7d928db37a4df35fa94cb147edd3530543f1d06d8a93fea54ccf4993a841	4620	644	SORGENTE_SISTEMA/cassa-frontend/backend/tests/fiscal-reprint-reference-domain.test.mjs
f7ea4b8c00a36e4cba2ccd1a1a79b9819832c527ae38f6a5589d56dcab4a0f23	9415	644	SORGENTE_SISTEMA/cassa-frontend/backend/tests/fiscal-verification.test.mjs
94b80dbcdc44b597577c6dd3e854268b9961b1917f4e6fcbe176f5075a5b0625	4962	644	SORGENTE_SISTEMA/cassa-frontend/backend/tests/fixtures/fondo_cassa_15_combinazioni_casuali.example.json
d62cc15527af31132f019599d9e460168ac2c4ffd2d465be0763a1316bbf4915	3395	644	SORGENTE_SISTEMA/cassa-frontend/backend/tests/glory-removal.test.mjs
67b3f92d49a55bf69d9af0c6aeed8e3815d2da81f6025155eb0bdc34d4e6a15a	13889	644	SORGENTE_SISTEMA/cassa-frontend/backend/tests/handheld-session-report.test.mjs
e1efcf23b937ac51e1a51a6b44a845ba1a20eac389df5bf9b5ce606a6e5452a3	3322	644	SORGENTE_SISTEMA/cassa-frontend/backend/tests/helpers/concurrency-harness.mjs
d6f67f3fa3aef40fb7355136065ccaa27d3fe45114ac612223b76d8297dfb0f3	17344	644	SORGENTE_SISTEMA/cassa-frontend/backend/tests/helpers/test-server.mjs
f9eee10a6917bd48214bda41d25fa044d4bfa0023f4269d8389d238c3534c7dc	1498	644	SORGENTE_SISTEMA/cassa-frontend/backend/tests/http-client-core.test.mjs
cadd8422f41f83c52240ac62691468e1e3a9a18b7e264bebc091166842582697	8620	644	SORGENTE_SISTEMA/cassa-frontend/backend/tests/integration-current-table-session.test.mjs
bea40f39979bddc4fc2def39b99abd8b88247e1153f1c2fc8550dbc28b169cc8	2398	644	SORGENTE_SISTEMA/cassa-frontend/backend/tests/integration-hot-cache-invalidation-static.test.mjs
9517aa2e82200d1d9a0b9586afce51489552e3e28eb1ac4fb2a17f28e1163b79	6389	644	SORGENTE_SISTEMA/cassa-frontend/backend/tests/integration-order-line-variants-domain.test.mjs
9fdda673c691ee341e254df00fb21549f7dddfd47e34e3d80dee1633ffd67bbd	2600	644	SORGENTE_SISTEMA/cassa-frontend/backend/tests/integration-order-lookup-domain.test.mjs
c1a104f12fdd1e4c4adb0edcdd3bc6643c680d9d43932a581ce1512da2a91abb	2644	644	SORGENTE_SISTEMA/cassa-frontend/backend/tests/integration-rooms-domain.test.mjs
c833ce9568e749fadc6f24486f8aa14844481ac54cc3da732d67b940a9c55da0	8019	644	SORGENTE_SISTEMA/cassa-frontend/backend/tests/integration-station-states-domain.test.mjs
f801d1f34a44a585340055e4964292248a0b12512bd9145850191ef18d2ac37a	2162	644	SORGENTE_SISTEMA/cassa-frontend/backend/tests/integration-stations-domain.test.mjs
658442daa2cbd895b5ef95ef46116255aaacbd83565bf990088ff7698a8ff3aa	7594	644	SORGENTE_SISTEMA/cassa-frontend/backend/tests/lane-scheduler-step11.test.mjs
4110c0cbec510432e6b51747ab33d95005c9ae2b5efbbbf854d9fa9f34a2d98d	3017	644	SORGENTE_SISTEMA/cassa-frontend/backend/tests/latest-by-key-batch.test.mjs
22afb4eb34268179412f39390d8f35d4423e5fbffdb0fade02b960f93849325c	18063	644	SORGENTE_SISTEMA/cassa-frontend/backend/tests/listino-time-pricing.e2e.test.mjs
f2b485ffa3757186c8027543c8068d01da76578a2f28b3af8e52428d61f1fb1b	7572	644	SORGENTE_SISTEMA/cassa-frontend/backend/tests/load-balancer-station-eligibility.test.mjs
cadaa18e294aff0be9e5f7d56916436a8ef161c369aef464e4c13c2927baabf9	2114	644	SORGENTE_SISTEMA/cassa-frontend/backend/tests/locale-config-domain.test.mjs
f69737029fe37d56431b399259ab2f7b347a660d8739e0bb155a61b5705848eb	4707	644	SORGENTE_SISTEMA/cassa-frontend/backend/tests/menu-domain.test.mjs
a1127bfdd38ae0d6be5f0518cb6df7dbbe98314b7023c402e63f2601ddf5d8a6	9411	644	SORGENTE_SISTEMA/cassa-frontend/backend/tests/menu-routing-domain.test.mjs
82f8e338e5e23ca086bb9b50805e2b5bd08b4ccbaecad2cee9b0c1b2a53c1437	3594	644	SORGENTE_SISTEMA/cassa-frontend/backend/tests/menu-settings.e2e.test.mjs
4521567d377f65de36b212edc7365a8a250474bdd2d1c9a218f9c008721c5a28	6629	644	SORGENTE_SISTEMA/cassa-frontend/backend/tests/mobile-battery.test.mjs
5bfdc02d2e9c25796288a861497119b1655bd01348327c8f32fc2fd0828b0630	4340	644	SORGENTE_SISTEMA/cassa-frontend/backend/tests/mobile-device-config-domain.test.mjs
6e5bbb3886d8c1ec0f40b675c5ce7573fcf56179b47d3c7c1436c42c8248f551	1692	644	SORGENTE_SISTEMA/cassa-frontend/backend/tests/mobile-device-fiscal-policy-static.test.mjs
d20b271073344aa1d927172483b84f6504cf138b39054ba502536075d30bb70e	2567	644	SORGENTE_SISTEMA/cassa-frontend/backend/tests/mobile-logout-handoff-auth.test.mjs
e3d3bc5a55fc756de9632a8d173ee27f72dd41f37eae3b72f44f119dcf346eff	2796	644	SORGENTE_SISTEMA/cassa-frontend/backend/tests/mqtt-acl-policy.test.mjs
55af82fb5beeb2d013862c6def0e14ec350238f3541ded9b3dbca421b4b2884e	1010	644	SORGENTE_SISTEMA/cassa-frontend/backend/tests/mqtt-bridge-canary.e2e.test.mjs
cf1895108612141aa303c83b9d766fc4b3f607c946678175ada3cbc4dc7836cb	1037	644	SORGENTE_SISTEMA/cassa-frontend/backend/tests/mqtt-bridge-load-canary.e2e.test.mjs
d1767435bcb5c9755051558b5f23f8caa65b0fa8d9b4ea5e6aa885899ccaaf9a	1076	644	SORGENTE_SISTEMA/cassa-frontend/backend/tests/mqtt-bridge-reconnect-canary.e2e.test.mjs
3053620d3a4f2b290747abff9ff1d023524571f8c5fd21fa9a79b254a42995f7	1140	644	SORGENTE_SISTEMA/cassa-frontend/backend/tests/mqtt-bridge-storm-canary.e2e.test.mjs
d1156fc6d4870a3a61dfbca2bef0e84d756399057b3ac1ed9ca0edda3d5ef2b3	8809	644	SORGENTE_SISTEMA/cassa-frontend/backend/tests/mqtt-bridge.test.mjs
06e830b7aa79b0b5d5cc574f6de1894dbffa80464dd8cd8613b39426f2d02d97	1562	644	SORGENTE_SISTEMA/cassa-frontend/backend/tests/mqtt-command-gate.test.mjs
a997c7f6d95daae8810f383a892410e9e56d4070e31c166786683ccb5e23cf21	10465	644	SORGENTE_SISTEMA/cassa-frontend/backend/tests/mqtt-command-pilot.test.mjs
15fd8dc83e61b302bb4ab6c37832a94a0ce59163695dcf6c09613a0a162b4480	4712	644	SORGENTE_SISTEMA/cassa-frontend/backend/tests/mqtt-mosquitto-live-canary.e2e.test.mjs
39d0f8bc8be7a6c57d4270226a88d68d0318656de1506ad8bb6a8227289f8296	5146	644	SORGENTE_SISTEMA/cassa-frontend/backend/tests/mqtt-retained-persistence-canary.e2e.test.mjs
d3226ded9c0ee0aaf5ade47293e6dfce9f755b390bb59ae9e123fcc522538221	2094	644	SORGENTE_SISTEMA/cassa-frontend/backend/tests/mqtt-tls-policy.test.mjs
a41617acf1b56173c0a3135be7d316d4dd2864d282be0794b88d4bbdf9aa7030	11508	644	SORGENTE_SISTEMA/cassa-frontend/backend/tests/mutation-lane.test.mjs
1b4e45d18fd5280e828052da18d041cd0db1d6f0006f4c90a5f4f9f5eb20de46	6793	644	SORGENTE_SISTEMA/cassa-frontend/backend/tests/mysql-atomic-selection-writer.test.mjs
4d3cb8d4f68cca071470860e85338804634e29f36738e3be3f7951b020fb1392	28480	644	SORGENTE_SISTEMA/cassa-frontend/backend/tests/mysql-domain-lock-order.test.mjs
a3a88d0607485c63be81a560691869d9fef6d88f7ec57120bfa224133a6613df	15245	644	SORGENTE_SISTEMA/cassa-frontend/backend/tests/mysql-named-lock-coordinator.test.mjs
798318d924247b4520cab1dbc9d173c5eae84f14d8ef0f4a8cc8d2ac034492cb	8140	644	SORGENTE_SISTEMA/cassa-frontend/backend/tests/mysql-sessions-split.repository.test.mjs
4fe0b66dc6eb708f43ab9ea86844e1e0d95b8c0f15b6d96cdb128d9d84664ac8	7899	644	SORGENTE_SISTEMA/cassa-frontend/backend/tests/mysql-station-last-write-nowait.mysql.test.mjs
09c69d884f102054481210fc06643023d856a57af7174683f35b8c03b852bdb0	7561	644	SORGENTE_SISTEMA/cassa-frontend/backend/tests/mysql-station-state-monotonic.test.mjs
425da7d83a4cf2d998378d80931c9e6a1fd4c0b449f575706909ec0e9a1dad0f	8165	644	SORGENTE_SISTEMA/cassa-frontend/backend/tests/mysql-station-states-marker-lock-elision.mysql.test.mjs
1f420037a5a004c6537ff5f308917bd6376c08596284fbab86c9617d4c5ff2de	15624	644	SORGENTE_SISTEMA/cassa-frontend/backend/tests/mysql-station-states-marker-lock-elision.test.mjs
ac6970df8cae4298c2ea35558a42b1258fd1a0807b6b8165b78d710f886890f8	6961	644	SORGENTE_SISTEMA/cassa-frontend/backend/tests/mysql-table-locks-tombstones.mysql.test.mjs
eca688e0c4eb01de1e24ad9909f9433eba85a9062013b766133eaa54f616e3d6	14365	644	SORGENTE_SISTEMA/cassa-frontend/backend/tests/mysql-table-locks.repository.test.mjs
5305d0cd33e940fe9dcf634354ec0a3b3ed96587b3123f15d74c644bd94325fb	1609	644	SORGENTE_SISTEMA/cassa-frontend/backend/tests/no-fiscal-auto-paid-user-static.test.mjs
56ce2a3a39b5686c60bd5f9f377589d9a5880f8c2f543bc01fc4dff99ed9d8de	4467	644	SORGENTE_SISTEMA/cassa-frontend/backend/tests/notification-delivery-session-policy.test.mjs
36ee6b93c49d142df78ea6a1d6f3e5365c3bb51a02eaa72c89286823a6158bd9	8676	644	SORGENTE_SISTEMA/cassa-frontend/backend/tests/notification-native-session-auth.e2e.test.mjs
d86512774d755d89ee0fe660a3a220bc0dc370c1e566fb34984905753648ce69	3804	644	SORGENTE_SISTEMA/cassa-frontend/backend/tests/notification-persistence-writer.test.mjs
524bbbe4b7480b25964301108d3b8aed040d5c0ce88876727833d811dcbd56d7	7004	644	SORGENTE_SISTEMA/cassa-frontend/backend/tests/notification-realtime-latency.e2e.test.mjs
da742b8bb7ece801114d345c4aa455f53639fb3469cc03ac812677fe0a8aeaa1	15941	644	SORGENTE_SISTEMA/cassa-frontend/backend/tests/notification-records.test.mjs
0ca3cf2a8315880cae34079e6cdc4ecb9700a50b0514a6cd4a761584af5944f5	16808	644	SORGENTE_SISTEMA/cassa-frontend/backend/tests/notification-stream-payload.test.mjs
0fdb281db9ae6c56fb1f784d967df178c8828dc7e44ba7e0a12d2ebef5136872	9177	644	SORGENTE_SISTEMA/cassa-frontend/backend/tests/notification-stream-runtime-flush.test.mjs
ed453208a18ddbca64afee9826b1e8432293faa6cfe7cf2f73f3d8bc5ca7ecc5	18536	644	SORGENTE_SISTEMA/cassa-frontend/backend/tests/notifications-persistence.e2e.test.mjs
970830d794a2086058eea12a47f8a10b26d6edcfea0427488c2627ef22f664f0	3861	644	SORGENTE_SISTEMA/cassa-frontend/backend/tests/notifications-priority.e2e.test.mjs
510c7fdb4e6c76f1335bb097bfbf2858ee114c57686e55284719414ea667ded9	3253	644	SORGENTE_SISTEMA/cassa-frontend/backend/tests/operational-context-alias.test.mjs
f29b943cc4d9df6d4201813ed746f5d5c1cc1e84a5997b1373447f8cde435bfd	4631	644	SORGENTE_SISTEMA/cassa-frontend/backend/tests/operational-punctual-writers.test.mjs
6faf933af2a567235c54d4519ea26254e72816b021d1c7c1452b4dcfc719a90f	12784	644	SORGENTE_SISTEMA/cassa-frontend/backend/tests/order-async-appstate-flush.test.mjs
ff8685c89923a1c1dcd0db08a0b02f973c020c356a153d84fed99224e2f9b759	3608	644	SORGENTE_SISTEMA/cassa-frontend/backend/tests/order-async-owner-flush.test.mjs
570cd652291d5f12db8174af4c0329d01d8372324311ed8cbe9570f4a727f182	4678	644	SORGENTE_SISTEMA/cassa-frontend/backend/tests/order-correction-changes.test.mjs
44148220fb7fe6477005d9df2fb8faa0855619ec26e1a2943772bb1a33217f5b	2575	644	SORGENTE_SISTEMA/cassa-frontend/backend/tests/order-correction-print.test.mjs
39f24328cf4bba6f7e0546ed59b7899b90831c98e12d4258d346fa02c41a04ea	1962	644	SORGENTE_SISTEMA/cassa-frontend/backend/tests/order-correction-read-model.test.mjs
3dcfe4e4190ea2ac6997d98d472c8bbf7535e50ea82f8f8b5973fcd005edf2e2	4554	644	SORGENTE_SISTEMA/cassa-frontend/backend/tests/order-create-assignment-plan.test.mjs
f2b7872f360e76dd1e8d2e909277800fdf5587dddf2cd68ae6befc3c5a83c9c5	1766	644	SORGENTE_SISTEMA/cassa-frontend/backend/tests/order-create-parallel-refresh.e2e.test.mjs
98c0553228283e280ea93357157295411cb9c98603655e846c740bbfa348a0c0	3438	644	SORGENTE_SISTEMA/cassa-frontend/backend/tests/order-create-read-refresh.test.mjs
ee01cffab254db60a9b5246a59cca95465110896df1a20aeb8c94c24b89fb5bc	367	644	SORGENTE_SISTEMA/cassa-frontend/backend/tests/order-dead-code-static.test.mjs
66095c13c8e5e2990cae6b5d1797615e722c16937d42a0d6c2096edfe91ec418	5449	644	SORGENTE_SISTEMA/cassa-frontend/backend/tests/order-delivery-confirmation.e2e.test.mjs
0187f0983eb0c5294af1b69e444ddc57329be58ad1447199184c1b1ce09686f4	15340	644	SORGENTE_SISTEMA/cassa-frontend/backend/tests/order-financial-sync-source.test.mjs
3444db7f552790db997508821e04f32bddd09f2a43e031e4169c7a7df9bada6d	2215	644	SORGENTE_SISTEMA/cassa-frontend/backend/tests/order-financial-table-write-guard.test.mjs
d4fe01e35d9fa86b07ad18f3b2c2e772a76c1b200e05d63b71c0a52e512c84a4	4477	644	SORGENTE_SISTEMA/cassa-frontend/backend/tests/order-line-snapshots.test.mjs
91310254459fbac647801d075e026cf2886ac4b7261ca62207d61fcc84b765f1	1354	644	SORGENTE_SISTEMA/cassa-frontend/backend/tests/order-lines.test.mjs
db5ffc62564458f41eb143bd52732aed59c6b8a1f8eb2a2fb4763998531fe557	39915	644	SORGENTE_SISTEMA/cassa-frontend/backend/tests/order-preparation-queue.test.mjs
fcdf4d1dcef62b43840889de31a5f305cc38fc59e1000dea031d96ddab600dc8	4306	644	SORGENTE_SISTEMA/cassa-frontend/backend/tests/order-print-labels.test.mjs
63e9a51f90b181114a48d0b726a698333fcaef2f7909bbfef85ed4c891dd2442	3462	644	SORGENTE_SISTEMA/cassa-frontend/backend/tests/order-progress.test.mjs
f15baecd72f71f67b5a6355553fbd1b093c051bb7bfdc3d058fefc7cc10ea933	7015	644	SORGENTE_SISTEMA/cassa-frontend/backend/tests/order-ready-handoff.test.mjs
7dfd2f3cf6e91f3249ed1020a8a708d972fb7c1a0011493fba90f6b4c3184f34	10533	644	SORGENTE_SISTEMA/cassa-frontend/backend/tests/order-state-machine.test.mjs
59b9bfe82e65d39e562a1a0e4b21f822afa46b751499541ae0defb80ca796dd5	3031	644	SORGENTE_SISTEMA/cassa-frontend/backend/tests/order-table-financial-plan.test.mjs
4af232023605b6f0df44260ac01c31fcc4bc6b1ec704541246f448a71de616f7	1727	644	SORGENTE_SISTEMA/cassa-frontend/backend/tests/order-terminal-duplicate-sync-prelane.test.mjs
36800e0a9969a4e89b1e1f0f4f3d1ed2539ae6f0dfa5443d7cb2ff9ec25b1cad	3387	644	SORGENTE_SISTEMA/cassa-frontend/backend/tests/order-ticket-renderer.test.mjs
a5cecb80d83548f3990ca29aad42cf2c9d88a969acc3a29842f1b55e7f760ffe	2586	644	SORGENTE_SISTEMA/cassa-frontend/backend/tests/order-timestamps.test.mjs
bfb84c0709144842b99da3319ca9c9888d469cf362689756a9a2b61b39dbad5c	19649	644	SORGENTE_SISTEMA/cassa-frontend/backend/tests/order-workflow-externalization-audit.test.mjs
a28425b88e8a67c5332532a9d27e3b37b88d25cdf7f928f04f495bf42eafa5c8	15479	644	SORGENTE_SISTEMA/cassa-frontend/backend/tests/orders-flow.e2e.test.mjs
3ed5718eace42b9c11c949145e490a6af7b3224bf65fd6b640d8422eda1b3d11	27425	644	SORGENTE_SISTEMA/cassa-frontend/backend/tests/orders-payments-invariants.test.mjs
7619002361875ec1ce942d8eb325d4fcbff771281d017b6e39cdc6b741e03d86	3732	644	SORGENTE_SISTEMA/cassa-frontend/backend/tests/orders-retention.test.mjs
342050fa47826c5e724f558dcac3d557b2c6095533bff5213554f6bf3dd9e2ae	15692	644	SORGENTE_SISTEMA/cassa-frontend/backend/tests/payment-free-split-fastpath.test.mjs
837940b96f88b05d3df1cd4b5819f9099886f18cc14aec2fc06ac8eba99aeeb2	4211	644	SORGENTE_SISTEMA/cassa-frontend/backend/tests/payment-free-split-mirror-payload.test.mjs
22db67b3013ec774f3c1b6b7978760ff701aed4a9506abf4e587cbcb56c80e99	23543	644	SORGENTE_SISTEMA/cassa-frontend/backend/tests/payment-free-split-stateless-mirror.test.mjs
b96b79eb46d9ab45e9999d9fb9f548f09aed8592f80bc6fefe26c1e558f08138	2215	644	SORGENTE_SISTEMA/cassa-frontend/backend/tests/payment-free-split-telemetry.test.mjs
5c837b14ab4a9cdf98398f284d4e8d6c4e9539ae9bdcbd21734756642241ae59	3892	644	SORGENTE_SISTEMA/cassa-frontend/backend/tests/payment-lane-admission.test.mjs
2b11221d11999fede846a06816981cc64c8a378f1b30fe7926f155e9c58c293c	5058	644	SORGENTE_SISTEMA/cassa-frontend/backend/tests/payment-lane-local-admission-static.test.mjs
1a0a1cd592c23840289d53c4eb83fbed68507b1b75478af8a633b12565e51086	20891	644	SORGENTE_SISTEMA/cassa-frontend/backend/tests/payment-mirror-outbox.test.mjs
fe48bf967d9f2a690f22bf572ced4db65de5d4a3cdd18ba311761fe1bc60a060	1841	644	SORGENTE_SISTEMA/cassa-frontend/backend/tests/payment-money-domain.test.mjs
36a8677852d301a27d6f40e29776f0e0bbdd028640a0ed8e09496864eb632011	4840	644	SORGENTE_SISTEMA/cassa-frontend/backend/tests/payment-movement-fiscal-actions.test.mjs
8522473482e78ec39f774771fc8dad0b39d5d2e51067864dbef6ec5f16bda036	2479	644	SORGENTE_SISTEMA/cassa-frontend/backend/tests/payment-order-refs-domain.test.mjs
ab7e427a9fcf430c98917251eb881261018cd3f5495b4864a887993edbcaf098	5077	644	SORGENTE_SISTEMA/cassa-frontend/backend/tests/payment-print-format-domain.test.mjs
c7d1ebf16bf598c33b646d8e6dec04dd2fa1b1f85beaa8e718b0f59586deddb6	7802	644	SORGENTE_SISTEMA/cassa-frontend/backend/tests/payment-provider-transactions.test.mjs
26e4c4bfa3a61a444d443b6cd66b0305202b8ca3b7a0eb2c01c8b52b646f9528	3680	644	SORGENTE_SISTEMA/cassa-frontend/backend/tests/payment-receipt-renderer.test.mjs
641f070da58411711dd2053397d77c34512625afac6836e254b67f87c441e22e	4809	644	SORGENTE_SISTEMA/cassa-frontend/backend/tests/payment-record-normalization.test.mjs
9c46b5067b7d239b6fa468f76e6cdaebc351cc86091f110fea20220cb7bab9eb	3939	644	SORGENTE_SISTEMA/cassa-frontend/backend/tests/payment-smart-normalization.test.mjs
bf9bec2828b42561525b8eec0adb4decfa8a96ddc7413ef5a0ed7abf9ad7cccd	2619	644	SORGENTE_SISTEMA/cassa-frontend/backend/tests/payment-splits.test.mjs
3e67d26d58cb06dde3a9a3cd13b8f58191a619c7c69ac6b0c396ab4474ba1dd5	4345	644	SORGENTE_SISTEMA/cassa-frontend/backend/tests/payment-state-machine.test.mjs
4e7e024fa1c05a8e4f739493b7bdacf0a3474d0ec6891f88932198cebf85ce19	40470	644	SORGENTE_SISTEMA/cassa-frontend/backend/tests/payment-weird-cases.e2e.test.mjs
4376c65a1981e8f4e29d97606167a35cacd2f5e5f3facf5d96d38d07f9a5c600	36264	644	SORGENTE_SISTEMA/cassa-frontend/backend/tests/payments-fiscal.e2e.test.mjs
4330fb2788cc849dad67f62bcc4b414d5f93bb6b49636cca888a88141cb4064f	58813	644	SORGENTE_SISTEMA/cassa-frontend/backend/tests/phase-p-validation-preflight.test.mjs
8b943d99e9060a24775c6867e1cffd24d9314a5e4e33f51d80e2ac471280b32a	5177	644	SORGENTE_SISTEMA/cassa-frontend/backend/tests/phase-zero-tools.test.mjs
c92ab99888b52c9c616a3617b3641afb0145beeba6013beeb492f868e5317964	5235	644	SORGENTE_SISTEMA/cassa-frontend/backend/tests/pos-bill-table-normalization.test.mjs
339c4515e524bcbeb0b2f306513591ef9fc6fcbe9251fbc64b2d3e7a92b50d40	20211	644	SORGENTE_SISTEMA/cassa-frontend/backend/tests/pos-fiscal-retry.e2e.test.mjs
d2ec85c583162147fe82c39730930504cbd80e9e84af58b5a2d6dbb1e2de8103	4537	644	SORGENTE_SISTEMA/cassa-frontend/backend/tests/pos-rooms-handlers.test.mjs
1ae26b4c8313a58312111e6b77ddea170e6fd6713bf1c28a09e4f31d611a49c2	7608	644	SORGENTE_SISTEMA/cassa-frontend/backend/tests/postazione-logout-availability.e2e.test.mjs
347be0184606dd7a57a67c124a62c03db6eb4c980d3b1bbb63085d2e1e162c5a	3296	644	SORGENTE_SISTEMA/cassa-frontend/backend/tests/postazione-logout-writer.test.mjs
9d8d60e56ed1b8601f1adf1220dfe9dc810f4a13b518eb64191d9bc6cb874044	3964	644	SORGENTE_SISTEMA/cassa-frontend/backend/tests/postazione-preparation-selection.e2e.test.mjs
1f20e5ba1a4363c9e73621b5b15fb78d8bf1f01a5ddc356403feeefec8d517ea	3389	644	SORGENTE_SISTEMA/cassa-frontend/backend/tests/preconto-branding-domain.test.mjs
9b4b9d9ebf6965b624508d1278b424713493d46e3f753c2d6726c4d9a84cf744	4707	644	SORGENTE_SISTEMA/cassa-frontend/backend/tests/preconto-layout-domain.test.mjs
32d7f5a99c49e52a73774475d7b4ba8dffcb4643dda8b9dd1706d3678f8669d6	4363	644	SORGENTE_SISTEMA/cassa-frontend/backend/tests/preconto-renderer.test.mjs
7cf26f582946a0659d66af94d0cbc9da771e70fa8a107a7a3f5ae3066e16ca47	3340	644	SORGENTE_SISTEMA/cassa-frontend/backend/tests/preconto-supplements-domain.test.mjs
2c1662790925ab1aaf657c689526c3b384bc1dfe60652adf5530927ce06f58a7	3766	644	SORGENTE_SISTEMA/cassa-frontend/backend/tests/price-lists-domain.test.mjs
97ca54242a74fa6d82564afb329afcc7eb05be3b3fee7fb49daa4e9faaa5740d	2909	644	SORGENTE_SISTEMA/cassa-frontend/backend/tests/print-location-domain.test.mjs
a6387abd47c7eb2a3bb50b51cb4f0da9197b1b40ef78e57ea6c64989f6f2f7d2	12031	644	SORGENTE_SISTEMA/cassa-frontend/backend/tests/print-spool-auto-print-owner.test.mjs
94e28047063b7970996ad2dca7ea37fd880c4386e7e3e5a8241ee18c3e5ecd1b	5005	644	SORGENTE_SISTEMA/cassa-frontend/backend/tests/print-spool-durable.e2e.test.mjs
03ed876adee33fdbc02e63af53c15d742f1696229b4b79724e314a4b492796d4	10349	644	SORGENTE_SISTEMA/cassa-frontend/backend/tests/print-spool-fast-worker.mysql.test.mjs
6f5e2537adf1ca5d59876b5c26a976a4ac0015742926daa846f31cb4c78fed94	3013	644	SORGENTE_SISTEMA/cassa-frontend/backend/tests/print-spool-legacy-mirror-owner.test.mjs
7f5342f036097d756fa90ed8f1c86a8c4b2132b77933299ea0afa3a508d4c603	7283	644	SORGENTE_SISTEMA/cassa-frontend/backend/tests/print-spool-repo.test.mjs
7823d0299be8a7cc3b4233031124accd0aa3f79607d3a9b14fc6664108ec833c	6514	644	SORGENTE_SISTEMA/cassa-frontend/backend/tests/print-spool-retention.test.mjs
ae46301b8fa5a8be4f86a0212ea90a18d7d31146ab90a845ecb7dd1d3c0c31f2	1890	644	SORGENTE_SISTEMA/cassa-frontend/backend/tests/print-spool-sql-primary-batch.test.mjs
84adb7fe6c96812c8ab4021fb2001bb632340242efc8001f847126780122cbee	6184	644	SORGENTE_SISTEMA/cassa-frontend/backend/tests/print-spool-sql-primary-closure.test.mjs
5652bfed090483849e70d97ff59fe736f8222f3758b6717140669d2a20ce24f9	4096	644	SORGENTE_SISTEMA/cassa-frontend/backend/tests/print-state-machine.test.mjs
5267e2012029c987c42cc881e25550ccb3e644b9c81719e451326a7cb1b19828	1910	644	SORGENTE_SISTEMA/cassa-frontend/backend/tests/print-utils-core.test.mjs
ca02e5db79c522a83af39da870f61f6f6dba6946c5b9d643ffc6a134ffcece06	2543	644	SORGENTE_SISTEMA/cassa-frontend/backend/tests/printer-circuit-breaker.test.mjs
1ab4d53c7847905fa23a8b9f23332eeaa74fdf733dfe53b8c71f7ee05b9156e3	6458	644	SORGENTE_SISTEMA/cassa-frontend/backend/tests/printer-config-domain.test.mjs
b9be4a5626f772560d60daf90dae3cc97b86260e801246fd1fcb8fa2ddfcd95a	19236	644	SORGENTE_SISTEMA/cassa-frontend/backend/tests/process-topology.test.mjs
99ef1f06686b5869614f4aecb441f736021f604abdcd4c94ec004280a7b61d2d	6872	644	SORGENTE_SISTEMA/cassa-frontend/backend/tests/radio-domain.test.mjs
046c8bccafbb1fd1a4396dc526d02567cf64ee88207ba8539d9387820970ee23	8404	644	SORGENTE_SISTEMA/cassa-frontend/backend/tests/radio-handlers.test.mjs
98890f18371c8005a9c649cdae98cbfeb6877b86763f287902a293c379f5171e	24837	644	SORGENTE_SISTEMA/cassa-frontend/backend/tests/radio-hub.test.mjs
7c467773de5e97361c758ced5074efe1f4e95f1c0c3eb8f7b23219881e72bef5	8554	644	SORGENTE_SISTEMA/cassa-frontend/backend/tests/raspberry-multiprocess-deploy-static.test.mjs
1eb4a0dd8a3e568ad3be747d53121de35b7186a75d92d2b5e9c43b06b8fc762f	1461	644	SORGENTE_SISTEMA/cassa-frontend/backend/tests/real-device-io-test-safety-static.test.mjs
c73de4f8b8d6da7ccb02210ae2307d1f46656a4af0c61a7f5f14d861dfee273c	3432	644	SORGENTE_SISTEMA/cassa-frontend/backend/tests/realtime-audience.test.mjs
8b53b1d2c944fa023564a3a56ae2121aa3873f6b67f7618848fe4225c937dec0	15531	644	SORGENTE_SISTEMA/cassa-frontend/backend/tests/realtime-backbone.test.mjs
c9d3ac411a203253d9e90594ef7ecdd065fbfd13e2c7967bc026b6e530f99ec4	27826	644	SORGENTE_SISTEMA/cassa-frontend/backend/tests/realtime-event-outbox.e2e.test.mjs
8e90cdfcf7f7f0a76716189efe5ea79229cbd1b31fc91c732f5a8b2b9406b902	4141	644	SORGENTE_SISTEMA/cassa-frontend/backend/tests/realtime-proxy-streaming.e2e.test.mjs
41f9ac65630ddbc916772ff0a3de3870cb5dafbb41a8eeb300ec72244ebf2198	843	644	SORGENTE_SISTEMA/cassa-frontend/backend/tests/realtime-proxy-streaming.test.mjs
4ff10305c3531d76df96db424bfbedf7b6d09e0f42377c421d4fb852ab23c815	12953	644	SORGENTE_SISTEMA/cassa-frontend/backend/tests/redis-volatile-store.test.mjs
0e501f79ea5424aed126026c78004e6befcf119df80050e0ea6151cff55060d8	17601	644	SORGENTE_SISTEMA/cassa-frontend/backend/tests/relational-equivalence.test.mjs
c2f5fb7d59f01e809d99261136bb09c75af992701d3def79c120b30653924e40	6919	644	SORGENTE_SISTEMA/cassa-frontend/backend/tests/relational-fiscal-command-write-primary.test.mjs
defbcf5d3f0e92bf5ed860067213bf75f9db67a02f195bd32a15a29dfc73cdd0	8383	644	SORGENTE_SISTEMA/cassa-frontend/backend/tests/relational-fiscal-receipts-write-primary.test.mjs
e328a4975da3704a246e300bc511b17b8bee4f8d6e317152e75638440bb992f0	3455	644	SORGENTE_SISTEMA/cassa-frontend/backend/tests/relational-layout-orders-read-primary.e2e.test.mjs
f5ae2e59ede7675d39050605cf6cab5a698561c62ff424f9992e3a1bf11669de	10436	644	SORGENTE_SISTEMA/cassa-frontend/backend/tests/relational-menu-settings-primary.test.mjs
96e2d8711008bb6d0f4ffee2bab6ded5531ff1b86a012538d1eef2398637d11e	13025	644	SORGENTE_SISTEMA/cassa-frontend/backend/tests/relational-menu-settings.test.mjs
0b60e4144fddf7f3cd17c046176b3573d7bbb942e4bcd14a4396693a2d86ad7e	11509	644	SORGENTE_SISTEMA/cassa-frontend/backend/tests/relational-migration-script.test.mjs
e07e69474aabcb7384ca553730467ae064a758bde012ac1b89eedf80453cf7ba	2387	644	SORGENTE_SISTEMA/cassa-frontend/backend/tests/relational-order-events-write-primary.e2e.test.mjs
57daaf76ef622ea0c16ec582aa60edfa414d703fb341328d820ada2203c12f9c	13115	644	SORGENTE_SISTEMA/cassa-frontend/backend/tests/relational-orders-async-ack.e2e.test.mjs
486423a31a2a6dd0bc1a64204e5ffabb91fae7d0bf5509aa178c4fbd0b432835	5677	644	SORGENTE_SISTEMA/cassa-frontend/backend/tests/relational-orders-bar-replacement-write-primary.e2e.test.mjs
3289660be5e84ed8dba22bb28b962795e69a59ab043fa43add0edfdbce5e6d92	7051	644	SORGENTE_SISTEMA/cassa-frontend/backend/tests/relational-orders-cancel-write-primary.e2e.test.mjs
cdffd164d7d0dabadd1d7f1b7ca58d00850d0944c9a3ce39b4f1b8170fdda8ff	5293	644	SORGENTE_SISTEMA/cassa-frontend/backend/tests/relational-orders-comp-write-primary.e2e.test.mjs
2a73c31f85703402f8e73cea397a0ef18a413492ee6473632626d3d78db5bb3c	5007	644	SORGENTE_SISTEMA/cassa-frontend/backend/tests/relational-orders-correct-write-primary.e2e.test.mjs
20de2f8d4c513d099cf2ca0b9e7b2a9056e2a817697295992e8406dd2eb9aa91	3561	644	SORGENTE_SISTEMA/cassa-frontend/backend/tests/relational-orders-crash-reconcile.e2e.test.mjs
4baba2b62cf84bc691203f23883b0be6b32740f028ef7d4a236e8c563de9fcdf	3729	644	SORGENTE_SISTEMA/cassa-frontend/backend/tests/relational-orders-create-write-primary.e2e.test.mjs
2782906ccc1f8f668d76432b46e80a76b1846fbc1510eba2346a0a79da00802f	9886	644	SORGENTE_SISTEMA/cassa-frontend/backend/tests/relational-orders-line-split-write-primary.e2e.test.mjs
78d812b6119f978f876037e836b4a4dec69951e92180240fb5193319be172c20	8876	644	SORGENTE_SISTEMA/cassa-frontend/backend/tests/relational-orders-price-override-audit-financial.e2e.test.mjs
0be3ea61a46b8eb272c884723fed07c1887822fe4266b10da03487ff3c45b233	4488	644	SORGENTE_SISTEMA/cassa-frontend/backend/tests/relational-orders-price-override-write-primary.e2e.test.mjs
051eab417d526fddd0159d22157ed6c20e839646e66b3ce2a7d3bdb2d2bc986e	13768	644	SORGENTE_SISTEMA/cassa-frontend/backend/tests/relational-orders-storno-payment-effects.e2e.test.mjs
4b90f3760b825d1554ad696deb2d6db07379502c16b6ca9d024530ebda9006c3	5500	644	SORGENTE_SISTEMA/cassa-frontend/backend/tests/relational-orders-storno-write-primary.e2e.test.mjs
bcebfb1084cf7a5e21c0c98f35b50c108b32536ea3050802f16a1e0e998489dd	4684	644	SORGENTE_SISTEMA/cassa-frontend/backend/tests/relational-orders-sync-write-primary.e2e.test.mjs
db8b2912e104a996284db1e71bc9cc47770ec1f4897c17c09552f7eb0b3b535f	4825	644	SORGENTE_SISTEMA/cassa-frontend/backend/tests/relational-orders-transfer-force-audit-outbox.e2e.test.mjs
656addf26c6182706e034b7ebc731eb708c876a41dd97fafb54d0f39d806b5f9	4044	644	SORGENTE_SISTEMA/cassa-frontend/backend/tests/relational-orders-transfer-force-write-primary.e2e.test.mjs
bf02573d50ab29cb43f81f9408a62d57cbe126af61f32bd802128180da306d25	3593	644	SORGENTE_SISTEMA/cassa-frontend/backend/tests/relational-orders-transfer-notification-outbox.e2e.test.mjs
8e32d47adb2022819baf4bca0205d0d51dcddffc66957a59175d2a209dca9c26	10125	644	SORGENTE_SISTEMA/cassa-frontend/backend/tests/relational-orders-transfer-request-handoff.e2e.test.mjs
e10c0dd3f22ddb7540f1a7374aedb248170f462b598ddb43a1e10b0afaf10d85	3894	644	SORGENTE_SISTEMA/cassa-frontend/backend/tests/relational-orders-transfer-request-write-primary.e2e.test.mjs
cbb99f2f72bfb5a73e440475b4930dcb8db9f57c38c3a75ff6c4b822413d92bb	13239	644	SORGENTE_SISTEMA/cassa-frontend/backend/tests/relational-orders-transfer-resolve-audit-events.e2e.test.mjs
364ee0ce3945e88c181e468dc21bd934c4a28e648ee9188d94a1692739915e83	4885	644	SORGENTE_SISTEMA/cassa-frontend/backend/tests/relational-orders-transfer-resolve-write-primary.e2e.test.mjs
96b087115307d9517c7954fffb7eaf74eff72eb9b076e759be078e46a5542d95	41619	644	SORGENTE_SISTEMA/cassa-frontend/backend/tests/relational-orders.test.mjs
cc77eae46b9fce9e685ddf2edb099174c6e1644ececaa8ff512d5f8d06dd7307	4544	644	SORGENTE_SISTEMA/cassa-frontend/backend/tests/relational-payment-order-sync.test.mjs
8dd11116588a159867f7ba0f1d924eacfb1691b6fc7665b80fed3683da469061	16997	644	SORGENTE_SISTEMA/cassa-frontend/backend/tests/relational-payments-free-split-write-primary.test.mjs
7e7bf6784c751d3598167470d6dc6bb4d44efc06a0a2e46d826bd88dc68dfab2	10920	644	SORGENTE_SISTEMA/cassa-frontend/backend/tests/relational-payments-reports-read-primary.test.mjs
d9ff96dc450e52f63d26ac863c68a0ab6e43bdaf1186ad8f8dd901a8c4210b1f	10487	644	SORGENTE_SISTEMA/cassa-frontend/backend/tests/relational-payments-table-write-primary.test.mjs
2c8744257b29be4a341a28ea1bdf075cdfce8d82da42577a1104575f26016de5	6366	644	SORGENTE_SISTEMA/cassa-frontend/backend/tests/relational-payments-ticket-write-primary.test.mjs
054eef15f18ca7b0db08db1d0334ae36ef55fa2da38f01e1073aad7b2b41765a	25991	644	SORGENTE_SISTEMA/cassa-frontend/backend/tests/relational-payments.test.mjs
56b2c87e84aa3ace0ccc453f488f292f15f68a87d2d4373c1dafb1340c3b8211	8112	644	SORGENTE_SISTEMA/cassa-frontend/backend/tests/relational-persistence-mode.test.mjs
2e2c56c4fd1e19afd5c3dc8ae852d2afcaa264255605a9f15941599748de91ac	4968	644	SORGENTE_SISTEMA/cassa-frontend/backend/tests/relational-primary-step12.test.mjs
9166f79bef8e59d548e6259875d0cebf58410c2ec5f04509e800691bd0a0a3d3	5638	644	SORGENTE_SISTEMA/cassa-frontend/backend/tests/relational-primary-step12b.test.mjs
d4789110783821d1a6583c422baea57d2afd8d2271e697dc71599ca41f5d4bea	5545	644	SORGENTE_SISTEMA/cassa-frontend/backend/tests/relational-primary-step12c.test.mjs
1e8569741703eeea0cc8367e009d4e501b20ccb72f42ab42dfb20da3c4975d07	5534	644	SORGENTE_SISTEMA/cassa-frontend/backend/tests/relational-primary-step12d.test.mjs
a9feadc6ede09156e7db3c8a0142f59369b76bd56352e9afd7f2f48d761217df	25767	644	SORGENTE_SISTEMA/cassa-frontend/backend/tests/relational-reservations-lock-write-primary.test.mjs
24bf5cc12b4874873397d5d2aa4c2395fc535e3fded20458cac45093f9a2a576	5698	644	SORGENTE_SISTEMA/cassa-frontend/backend/tests/relational-reservations-read-primary.test.mjs
7bde2029a5cc3a0db2743b38c6188d524d35cb2a52ff5bf0df3555c184f75dd8	11015	644	SORGENTE_SISTEMA/cassa-frontend/backend/tests/relational-reservations.test.mjs
1100918d26a71523e3f570f3a498984811cc7e3bf4f54178e837df12293d7da8	6224	644	SORGENTE_SISTEMA/cassa-frontend/backend/tests/relational-room-change-request-write-primary.test.mjs
e851238df0bbfd2a62c71aeca0e84d5eef8c1c31214ab17f10db0502d4b846f3	13300	644	SORGENTE_SISTEMA/cassa-frontend/backend/tests/relational-sale-sessions-primary.test.mjs
089b496c711f3c3702e7e6be3e034b03f91db55621b0bc850a44c62db81273ef	50601	644	SORGENTE_SISTEMA/cassa-frontend/backend/tests/relational-shadow.test.mjs
63928ca24af980e6c5f85b9c3747fa9e5dd231e108ffbde6607ca5789d77d5de	7009	644	SORGENTE_SISTEMA/cassa-frontend/backend/tests/relational-table-locks-write-primary.test.mjs
5bc3a370c4809506bfddf7c751bf10b9014b6fad1749cd54a69025971bc65165	8167	644	SORGENTE_SISTEMA/cassa-frontend/backend/tests/relational-table-move-write-primary.test.mjs
8af4d5a464726b0a6b5453b1adf89865ab2f782f51991322ef6578e751187f96	8550	644	SORGENTE_SISTEMA/cassa-frontend/backend/tests/relational-table-move-writer.test.mjs
3fb776ff76f17f3e5e5505dc34c0714809775a6926d565bacbadf1526f61f342	13883	644	SORGENTE_SISTEMA/cassa-frontend/backend/tests/relational-table-room-move-request-write-primary.test.mjs
7903d85272ee21b1c79c1b82b83d985fca2a413cf50587324a95edccd710fab7	13785	644	SORGENTE_SISTEMA/cassa-frontend/backend/tests/relational-tables-bills.test.mjs
6e160f6ad8355b8e0f0a574d1de921f2fa6ea25e3399ebc03d8ca05568220727	4763	644	SORGENTE_SISTEMA/cassa-frontend/backend/tests/relational-wal-checkpoint.test.mjs
1a630e3231c4ecbccfd00aad7812e7672f1fef9ea8d9bff681ddb2770c653968	4342	644	SORGENTE_SISTEMA/cassa-frontend/backend/tests/release-package-guardrails.test.mjs
04d40f80f0e9b3b1da54370d24bef06086db544732aaa6d7ea465f4800d39764	17583	644	SORGENTE_SISTEMA/cassa-frontend/backend/tests/removed-layout-table-move.e2e.test.mjs
a4dad02bca981244d34f344224cedd6aef57c575e86ad66e6c596d595107a63f	7020	644	SORGENTE_SISTEMA/cassa-frontend/backend/tests/removed-layout-table-operational.e2e.test.mjs
3e79cd9b855927f52fd0a00d39a3e42ac9fbee13695c2bec6fa773371c533e05	1427	644	SORGENTE_SISTEMA/cassa-frontend/backend/tests/reports-auth-context.test.mjs
c6e432586c1bcffa2d92f9ceff875807c5e9056890bd2ca75404c2114111a69b	1416	644	SORGENTE_SISTEMA/cassa-frontend/backend/tests/reservations-auth-context.test.mjs
db965751ac784658a21cac6afbf286b26f4416e9798b4f92b9a35e504ddcc044	5595	644	SORGENTE_SISTEMA/cassa-frontend/backend/tests/reservations-domain.test.mjs
927faebf54c1a62b69fe4b44bc00aea04d85185d8d4eab577d8a7cd17a369a60	1986	644	SORGENTE_SISTEMA/cassa-frontend/backend/tests/reservations-multi-table-static.test.mjs
de8dd1e9bf17ed70c803fc1efd99bdf212c020d040cd19ff8b26bf0ded52b015	8850	644	SORGENTE_SISTEMA/cassa-frontend/backend/tests/reservations-offline-replay.e2e.test.mjs
3fd2c92be0dd5ae0bcdd97fc589d823f2d134d3d669fc0bf9df60ccb85a9bbeb	5740	644	SORGENTE_SISTEMA/cassa-frontend/backend/tests/reservations-status.e2e.test.mjs
b32316b7a55d00e07dfe634d7eeaeb2c92e7e23e6b9c6297c4c4553d3bc2eee6	4723	644	SORGENTE_SISTEMA/cassa-frontend/backend/tests/room-change-approve-async-pin-prelane.e2e.test.mjs
224cb130efa112621d235d7e0ed2c2c7858c99c2f783f07d778de049a8c63edb	4619	644	SORGENTE_SISTEMA/cassa-frontend/backend/tests/room-change-approve-pin-proof.test.mjs
169e65c5066156e2ad04e4834ed47af07dd1460ee47c7e33264f9458119d3675	2476	644	SORGENTE_SISTEMA/cassa-frontend/backend/tests/room-change-approve-telemetry.test.mjs
c45196976f96e8e2c8c2a20d4541d13722dd51e7f24e63e7f991bf6968aa0d51	2316	644	SORGENTE_SISTEMA/cassa-frontend/backend/tests/room-change-direct-persistence.e2e.test.mjs
33183da838b0dd7b80f842b429836ff9878b3bd08a1625225009b9fed5c07578	2350	644	SORGENTE_SISTEMA/cassa-frontend/backend/tests/room-change-request-telemetry.test.mjs
3d3035ee62860a65803a142ef2ccced079b5d659055f1e3fa5fc4aab44de8ba9	1453	644	SORGENTE_SISTEMA/cassa-frontend/backend/tests/route-builders-core.test.mjs
9ce4e41b58a89e698b61f0f86b44803ad60f1e3ee9df79850f931fc659d2b7cf	234924	644	SORGENTE_SISTEMA/cassa-frontend/backend/tests/route-policy-architecture.test.mjs
0d7e5717ff9d5b054cf54eb7cb3166cfea4c8b9ece6b3e5b91df140120c7679b	3983	644	SORGENTE_SISTEMA/cassa-frontend/backend/tests/runtime-feature-profile.test.mjs
09d7237439b395cfc5cde33fcbf31ac3949a16532f6ae57ecd489db03b19bc54	35480	644	SORGENTE_SISTEMA/cassa-frontend/backend/tests/runtime-metrics.test.mjs
6133255bf7597e007e147fbf555f7d99603c5ada39d4b57ea5d1425430a5cc5a	3391	644	SORGENTE_SISTEMA/cassa-frontend/backend/tests/sales-sessions.e2e.test.mjs
5808e91e73ea8a603b97d206af1b004924a36ce9a8591e010497b5f395793556	24070	644	SORGENTE_SISTEMA/cassa-frontend/backend/tests/scoped-orders-read.test.mjs
c330e28df7a97ec846e77c4f2722d1821cdd5c50ee7151d777da6b2078325872	3239	644	SORGENTE_SISTEMA/cassa-frontend/backend/tests/scoped-reads-domain.test.mjs
ebd853c10edd92546bdcb3fd06fcf45a37468efa05ecc2a0aa007fc4b503d296	732	644	SORGENTE_SISTEMA/cassa-frontend/backend/tests/scoped-reads-routes.test.mjs
74792fc1f3419e656f4fdc03507781cb2aed10998ea594a10acbf179b7b30e9d	3969	644	SORGENTE_SISTEMA/cassa-frontend/backend/tests/security-architecture.test.mjs
70a368da9a2458128bda3335ac8c5f28d92d7814de5ce587ceeb0b1c97b38836	1617	644	SORGENTE_SISTEMA/cassa-frontend/backend/tests/security-core.test.mjs
10b687c060e34596f6ada48ee9185c7da161ec8c2c23b9a56ca159478d1cac01	60035	644	SORGENTE_SISTEMA/cassa-frontend/backend/tests/security.test.mjs
f1e90205e454aa77f34a3f11c4127210ec24006ba351a3e96cf9e36d69dfeca9	5182	644	SORGENTE_SISTEMA/cassa-frontend/backend/tests/settings-room-table-policy.e2e.test.mjs
6b3c41d27770584dc2a7f72bbd20de86af05f589522e5dc161fa4cb2d8eee6e6	8547	644	SORGENTE_SISTEMA/cassa-frontend/backend/tests/settlement-ledger.test.mjs
1050bf1fa2021a5092a4ea7ae3dfff331ac40ffc226133ad90e1c5795be56ac3	1478	644	SORGENTE_SISTEMA/cassa-frontend/backend/tests/singleflight.test.mjs
81cb388a9245dc513a053f04ac0b7b3617c8dfef51d5817ff7d101339d08d6c7	41598	644	SORGENTE_SISTEMA/cassa-frontend/backend/tests/static-proxy.e2e.test.mjs
e4ba4397cc4f3c7bf89c4999761345832337efe8d9fd71fa92f295768a8326ac	5389	644	SORGENTE_SISTEMA/cassa-frontend/backend/tests/station-availability-alerts.e2e.test.mjs
bd5f51a240c46b875fccbcbbd6ad03792f7b10e5549bd7b027f7bb14f814447e	2250	644	SORGENTE_SISTEMA/cassa-frontend/backend/tests/station-availability-notifications.test.mjs
ec296586f46cc6506c15398c9223c8ab376c426e1698814357d74f4125e397bb	10176	644	SORGENTE_SISTEMA/cassa-frontend/backend/tests/station-last-write-at-flush.test.mjs
ccfb06b6ecc9bbe49629a19f1f3a4c170c86a7f7dbcd9cc8fc85635acc5ec034	12233	644	SORGENTE_SISTEMA/cassa-frontend/backend/tests/station-orders-reconciliation.test.mjs
91f24d3726e760083a78898718125df1af8d31fadb140e7da8fa223306e14b15	32884	644	SORGENTE_SISTEMA/cassa-frontend/backend/tests/station-pause-transfer.e2e.test.mjs
b58b0693a72cd922c51c3220f04d8aaa87acf9dac6b4bfc86b1f7c1a92efbf08	2251	644	SORGENTE_SISTEMA/cassa-frontend/backend/tests/station-snapshot-handlers.test.mjs
ea20f6fb45e6c20ca8bb767ad74ed5ce235ac5ea027ceae6d0654f5eac4b0540	3715	644	SORGENTE_SISTEMA/cassa-frontend/backend/tests/station-state-transient-retry.test.mjs
a4c3bca3229773911d115d4a65fdcb704235032cf88370174e4caa7e6ab6013e	713	644	SORGENTE_SISTEMA/cassa-frontend/backend/tests/table-capacity.domain.test.mjs
eab771e8c3c0240a54fe120acd2d9b30777f7c620973fd17f7affbaf2d17ef1f	3213	644	SORGENTE_SISTEMA/cassa-frontend/backend/tests/table-groups-domain.test.mjs
b3c21a71575a855252ecd50543508481f659829298ac98ba09ead7076b3e70e3	2119	644	SORGENTE_SISTEMA/cassa-frontend/backend/tests/table-groups-fast-writer.test.mjs
6427c49f58355a97bc6aceb4df6168eb870c34c2c3eeee462099077bdb30c3c5	5457	644	SORGENTE_SISTEMA/cassa-frontend/backend/tests/table-lock-worker-request-fastpath.test.mjs
b0a537e0091f2ae780cec0e1b19ee870d4cb847575080b1cb6fb7e5a0b40be43	6849	644	SORGENTE_SISTEMA/cassa-frontend/backend/tests/table-room-move-domain.test.mjs
e51bc69ac09d767ac8e62d4e8b683d37861bb6783b00e9b33063656e040502eb	6520	644	SORGENTE_SISTEMA/cassa-frontend/backend/tests/table-room-move-request-app-state-fastpath.test.mjs
7f065e7b6c3371bf5d43507d333a0bda0ad80aea56fb12b69b225bac03b7b90b	16404	644	SORGENTE_SISTEMA/cassa-frontend/backend/tests/table-structure-updates.e2e.test.mjs
9ac095455191eea39b5eceb471e6ecadd2088325f5b4a2ea06248e2e762189c1	4396	644	SORGENTE_SISTEMA/cassa-frontend/backend/tests/table-sync-app-state-fastpath.test.mjs
46ecba75f2a906e5df3f3936d3810e6cb14601cd554ca4a00bb614e8d5acd1ec	4440	644	SORGENTE_SISTEMA/cassa-frontend/backend/tests/table-work-lock-domain.test.mjs
15fe5884942f30a791b9f87273d88202d3057b21369aae4e59645da439c2578c	10329	644	SORGENTE_SISTEMA/cassa-frontend/backend/tests/tables-locks.e2e.test.mjs
1bb23c8231d313dc154e16d13f0d4f5f694b46c93044f2ae7dfcea24041fbb75	5678	644	SORGENTE_SISTEMA/cassa-frontend/backend/tests/terminal-duplicate-sync-prelane.test.mjs
9142a3394a09f5ce78e2ed4a4302b1d0352f330073b98c106afc2ef23fa0af78	12472	644	SORGENTE_SISTEMA/cassa-frontend/backend/tests/transactional-fiscal-outbox.test.mjs
2df463d116208ab3d427a1f392758a6d473ff37f20def55a9a725f6c1713313a	3695	644	SORGENTE_SISTEMA/cassa-frontend/backend/tests/user-app-access.test.mjs
1b005834c7cc12b9ab27b0c6c0af5a031dbbc727da4d0e6f90b4aaa3ee3a1eb8	4515	644	SORGENTE_SISTEMA/cassa-frontend/backend/tests/user-app-users-handler.test.mjs
be44d380dbfda9d5a7804f49c20e0d471893f5019ab5b24de46f9251f64ce815	6330	644	SORGENTE_SISTEMA/cassa-frontend/backend/tests/waiter-pause-idempotency-recovery.e2e.test.mjs
f414cbf609e72cb4ec5d2ce7bcb92edc3471e3240329fdc8dd8fd07e2a80f814	2045	644	SORGENTE_SISTEMA/cassa-frontend/backend/tests/waiter-pause-recovery.test.mjs
4b49f3f5d516d608fc9ecf605ddc5ad903dadba5b063cf4e88d5d21e304a3e20	2484	644	SORGENTE_SISTEMA/cassa-frontend/backend/tests/waiter-pause-telemetry.test.mjs
2fd7d759c71ef06b1eb19216b44cfe5a5e97174da45182fac99fe37a00c88629	5206	644	SORGENTE_SISTEMA/cassa-frontend/backend/tests/waiter-pause-writer.test.mjs
d8ae036c1447c30aaa1edd3df8ea2444b36a97a799eb2d41e4f8a891f1cbdfc4	3915	644	SORGENTE_SISTEMA/cassa-frontend/backend/tests/waiter-pauses.test.mjs
a9245109de6e24dcbeb02c7625cf3b3d5446d1e34547305c4d5d95cf6250d4cc	24883	644	SORGENTE_SISTEMA/cassa-frontend/backend/tests/waiters-routing.e2e.test.mjs
6ec936d79aaabf1265880d7b818c873b6f902e688322442750147d79fdc92c3f	1604	644	SORGENTE_SISTEMA/cassa-frontend/backend/tests/workstation-selection.test.mjs
72a3834a04afb495a342429c6bf524b897b15f627646d183dd7b3299790dc35f	12810	644	SORGENTE_SISTEMA/cassa-frontend/backend/users/users.handlers.js
353baa98f48da727cdea12b882f83095915e132006530938977a74bcb091f7a8	6658	644	SORGENTE_SISTEMA/cassa-frontend/backend/users/users.service.js
8ad6f25d2a788f7024ffa5eb3d304fa87505d962b3deeafdbb2ffd868653d1b0	1175	644	SORGENTE_SISTEMA/cassa-frontend/configs/canary-multiprocess.env.example
13d6c42dd23382eb1d9232ca19eeecc19ca9f5e9e274fd9d54bc3df89cf56e09	2361	644	SORGENTE_SISTEMA/cassa-frontend/configs/fiscal-outbox-worker-staging.env.example
4459888812a92eb1a8952e967261d0256470b03547b93f0888225561c98acc4d	349	644	SORGENTE_SISTEMA/cassa-frontend/configs/mosquitto-tls.conf.example
5028c4346d6f2d03b0e19281240820b74ec879adb2556097cd8980af4dcfa6af	535	644	SORGENTE_SISTEMA/cassa-frontend/configs/mosquitto.acl.example
70a5acc23ef0712acc6dfeb61b23d37dd0215aa3e51e4d4f18fab6b06737dca7	213	644	SORGENTE_SISTEMA/cassa-frontend/configs/mosquitto.conf.example
98aa02a3e9449e1eb4ebf5df727c7f6197ae856eb39fe4bd78fa5f5fdd5409ec	1925	644	SORGENTE_SISTEMA/cassa-frontend/configs/near-realtime-mqtt.env.example
4c9299e762cde199a4b0f1fac4a0b13e2088fafb74f7658cb078d07aa02620e1	957	644	SORGENTE_SISTEMA/cassa-frontend/configs/near-realtime-push-first.env.example
f4f3c23a393465a43d22354a87ef9fcb1fa0b86bea5d224524a4064f8b349ad8	2351	644	SORGENTE_SISTEMA/cassa-frontend/configs/near-realtime-redis.env.example
9e7a3e478168df0dd64eefb0d7f9a8064699d109a97ded640281da51ecaecd7c	2224	644	SORGENTE_SISTEMA/cassa-frontend/configs/near-realtime.env.example
843bae21efc687571e967eba5bd87d90bb39559a6a5ec913c5d81d341f8035a4	916	644	SORGENTE_SISTEMA/cassa-frontend/configs/rollback-safe.env.example
9811030235a3ddbc51e73ea6417b167d4ed7eaa21e4339f2dca60a3c3bd8af5a	854	644	SORGENTE_SISTEMA/cassa-frontend/configs/standard.env.example
8a15b1080b4951200207fd93f1188becfe908b4bca37872b5075e39b4e975857	4996	644	SORGENTE_SISTEMA/cassa-frontend/deploy/raspberry-final/README.md
939ed85d21be32538aa28afa1dfe65883772826c5e6019d664cd4ccf2f0e6329	915	644	SORGENTE_SISTEMA/cassa-frontend/deploy/raspberry-final/cassav4-api-worker@.service
23abf632ab0f0fc289bbf4e0a1961fad75a3d6f9506b38dc1b5d0eb85b9df98b	637	644	SORGENTE_SISTEMA/cassa-frontend/deploy/raspberry-final/cassav4-automatic-cash-simulator.service
984abba18a8b1f3db97f07636f0360ebb8afbda2293d922aa390cf71f21a1d57	832	644	SORGENTE_SISTEMA/cassa-frontend/deploy/raspberry-final/cassav4-backend.service
dbe98311913a23f2fa82c90b70c18d6e78917916d4693c62ed5b5aab36ac52e4	544	644	SORGENTE_SISTEMA/cassa-frontend/deploy/raspberry-final/cassav4-battery.service
f82f9748fd884e779221cce7fa28e575128c2b07b9a05cf16f9f0645e7315cae	488	644	SORGENTE_SISTEMA/cassa-frontend/deploy/raspberry-final/cassav4-fiscal-simulator.service
6419af23c599f100e84fa07bbff659a2a4d9d2c050ee7d0fd0203ab74d0e75db	1488	644	SORGENTE_SISTEMA/cassa-frontend/deploy/raspberry-final/cassav4-frontend.service
8ef6c8c6084ebbd7620c4127eec6081416e91a83736d3abc2561c7f0f99e0421	1014	644	SORGENTE_SISTEMA/cassa-frontend/deploy/raspberry-final/cassav4-hardware-telemetry.service
a0743ddcfe270e37db7b925a1ae7a713271aba8fe7e0b2c525b13ed3e2e10b63	5304	755	SORGENTE_SISTEMA/cassa-frontend/deploy/raspberry-final/cassav4-hardware-telemetry.sh
a2a8d539a7d610401f773ded882312b6043aec74ca50bad67a5d9499177790ee	6188	755	SORGENTE_SISTEMA/cassa-frontend/deploy/raspberry-final/cassav4-p4-crash-forensics.sh
2ebea84ac12af88f588e42921c1c5b0db358d8c6994635870b9be384c5945a18	920	644	SORGENTE_SISTEMA/cassa-frontend/deploy/raspberry-final/cassav4-realtime.service
886e6c2428201b193ddef64361486f37c894caa6742903f0486cdc261a1c3329	1270	644	SORGENTE_SISTEMA/cassa-frontend/deploy/raspberry-final/cassav4-table-lock-worker.env
bfaf4f881184d43978752ee60c9495057728118c7ebcfcb454011086996b9a67	1016	644	SORGENTE_SISTEMA/cassa-frontend/deploy/raspberry-final/cassav4-table-lock-worker.service
bc237437320e54a4d2bcdddac70e013bb821e6100de493ab2fc5fdf0c62bb430	6536	644	SORGENTE_SISTEMA/cassa-frontend/deploy/raspberry-final/cassav4.env.example
2c0b2283283849df3f7ba566e2bcf0acc700a6fcc2974c36a757d4c24510e16a	1002	644	SORGENTE_SISTEMA/cassa-frontend/deploy/raspberry-final/cassav4.simulated-hardware.env
13dce58ca1e446d478b7340b9aa16da52fa9458364155021e28dd26dc7220d60	78	644	SORGENTE_SISTEMA/cassa-frontend/deploy/raspberry-final/cassav4.tcp-printing.env
37d41b74841aa90d779db5eb0f3ce48990dc31fde91cd3adb83ee49201fcf306	776	644	SORGENTE_SISTEMA/cassa-frontend/deploy/raspberry-final/cassav4.test-safe-overrides.env
f4f6f913b76eda92350eb104ea6efa9481f0489152b67340ceea1532afaa712b	35493	644	SORGENTE_SISTEMA/cassa-frontend/deploy/raspberry-final/fondo_cassa_100_combinazioni.json
3de2343a27a0cd5756a00273d7332971b92d8adfda489a5fc76af3223fd3b515	7238	755	SORGENTE_SISTEMA/cassa-frontend/deploy/raspberry-final/install-p4-observability.sh
3dc24e470bb0e2ee5026ffd1de67e25a21c76c8c40b10619e6e2538f5872e07b	165	644	SORGENTE_SISTEMA/cassa-frontend/deploy/raspberry-final/systemd-overrides/cassav4-api-worker@.service.d/80-tcp-printing-enabled.conf
ec52bc2ad190c78164624aa0c021118ad272a2fc381c873b6c8c5322385e580e	486	644	SORGENTE_SISTEMA/cassa-frontend/deploy/raspberry-final/systemd-overrides/cassav4-backend.service.d/70-simulated-hardware.conf
cbaa6507e46a7627a2721bc9bcbc041e23805ecf908263742367ccda06db43e0	68	644	SORGENTE_SISTEMA/cassa-frontend/deploy/raspberry-final/systemd-overrides/cassav4-backend.service.d/75-p4-waiter-pause-fastpath.conf
65a56db962c4cc61fd0b97b0a74f29d7ddf6854814aacbf17b1467743a144e65	169	644	SORGENTE_SISTEMA/cassa-frontend/deploy/raspberry-final/systemd-overrides/cassav4-backend.service.d/80-tcp-printing-enabled.conf
e4c7704097e3a3a46ac11b3d47b72b401dff585d48fb9f50cc9cac06a2b7cc62	89	644	SORGENTE_SISTEMA/cassa-frontend/deploy/raspberry-final/systemd-overrides/cassav4-table-lock-worker.service.d/80-p4-redis-pipeline.conf
f3a0f40b37d4fc65ad96591cb7c7a2e800f392c802678510e4677791a770dcc3	30	644	SORGENTE_SISTEMA/cassa-frontend/deploy/raspberry-final/systemd-overrides/mariadb.service.d/cpu-affinity.conf
f3a0f40b37d4fc65ad96591cb7c7a2e800f392c802678510e4677791a770dcc3	30	644	SORGENTE_SISTEMA/cassa-frontend/deploy/raspberry-final/systemd-overrides/mosquitto.service.d/cpu-affinity.conf
f3a0f40b37d4fc65ad96591cb7c7a2e800f392c802678510e4677791a770dcc3	30	644	SORGENTE_SISTEMA/cassa-frontend/deploy/raspberry-final/systemd-overrides/redis-server.service.d/cpu-affinity.conf
1801f2c5e4382f01046c028eb396647185749da1f9a39ae3c79c3781398c5406	2343	644	SORGENTE_SISTEMA/cassa-frontend/deploy/systemd/50-p3-orders-write-primary.conf
f5f7d7210ce2f0d4e212f31cef36a6f7c3ce537cc66885d380fd1aaa534a619a	127	644	SORGENTE_SISTEMA/cassa-frontend/deploy/systemd/60-p3-relational-wal-checkpoint.conf
e3b0c44298fc1c149afbf4c8996fb92427ae41e4649b934ca495991b7852b855	0	600	SORGENTE_SISTEMA/cassa-frontend/dist/.gitkeep
e3b0c44298fc1c149afbf4c8996fb92427ae41e4649b934ca495991b7852b855	0	600	SORGENTE_SISTEMA/cassa-frontend/dist/asset/image/.gitkeep
2d4f6230a9fa8a33874e9810b444134345b3cedbe18e8a7f65e7a74cab54441b	3129	600	SORGENTE_SISTEMA/cassa-frontend/dist/assets/cash-accounting-layout-bridge.js
f117398d54626ccec7ca816ad299aa8e7a6cb4ee979be5de7eee59fb0cec985d	47398	600	SORGENTE_SISTEMA/cassa-frontend/dist/assets/cash-agenda-bridge.js
c3b6649b32eb30f0e046c9f5b8562471f2c08dde89f22cb3feaaa0db31bc6d82	12423	600	SORGENTE_SISTEMA/cassa-frontend/dist/assets/cash-agenda-overrides.css
2d11b59b00a4f494d5ab5fdc36bcd4c2d8dc3574a50d13ebed950f2a948baffa	10540	600	SORGENTE_SISTEMA/cassa-frontend/dist/assets/cash-areas-overrides.css
3147293ccd34f24374c8a20d55a6ce0599c22bb038e9b68d092c95cf99642e48	56444	600	SORGENTE_SISTEMA/cassa-frontend/dist/assets/cash-areas-spool-manager.js
889407c75d6cfef8ef1b28f75b9ab627f93833a3a7a8c106abc8dad465b07636	644	600	SORGENTE_SISTEMA/cassa-frontend/dist/assets/cash-disable-context-menu.js
a3bce329f7c3e5c3b5935bc4d44934912ced495e872a6b139a9fc43bde8aac6a	4903	600	SORGENTE_SISTEMA/cassa-frontend/dist/assets/cash-dropdown-overrides.css
21d58b05647e19686728efda3c1413ba7fe5dff9e26d8e44d5cdb83dd1f50220	17631	600	SORGENTE_SISTEMA/cassa-frontend/dist/assets/cash-layout-overrides.css
f217b0c65da0413b2774078e742f7f35827675549dff496492e37a6ba83d7612	1150	600	SORGENTE_SISTEMA/cassa-frontend/dist/assets/cash-lock-unlock-guard.js
77e3a3baa847f176a37e6850d8c87b755bf1672f7c07fe98ea10f48d2eb068b6	4049	600	SORGENTE_SISTEMA/cassa-frontend/dist/assets/cash-manual-keypad-guard.js
a7b99bdd367b5b7e9d532540a56c08dcdb018e5d1bbacdd79d06d615b822050b	5423	600	SORGENTE_SISTEMA/cassa-frontend/dist/assets/cash-menu-availability-bridge.js
404c03bd93ed5c359befc3597fba4c889f76476ed9a635de5b78f6bef33a9d91	1699	600	SORGENTE_SISTEMA/cassa-frontend/dist/assets/cash-menu-availability-overrides.css
3b464ca86993feefca5df35a8c0af34498265595149622f1744283ca5fc3c3cb	6510	600	SORGENTE_SISTEMA/cassa-frontend/dist/assets/cash-menu-card-draft-indicator.js
5a452587580b9533f93c3d5a5883bb10d20c52df9f74c2e7bf85c3952525a154	1232	600	SORGENTE_SISTEMA/cassa-frontend/dist/assets/cash-menu-long-press-customize.css
8c3653859271e7112816daf4fd871f9fe6c8beefb1250d7492fb7fe3101ff0f0	13091	600	SORGENTE_SISTEMA/cassa-frontend/dist/assets/cash-menu-long-press-customize.js
80dd4af2c1d6f64552974c94017d213bc01a10a707ff945cccf36c2df793bf34	25686	600	SORGENTE_SISTEMA/cassa-frontend/dist/assets/cash-myconto-settings-bridge.js
b00fa940bae1311a30a1bb9f1dd978dc83225a9edd59480949a7bde4a6d334ca	9926	600	SORGENTE_SISTEMA/cassa-frontend/dist/assets/cash-myconto-settings-overrides.css
457904d03ee720306496a3e75b86b0761a22218d4b6140e07cdc3645f9f355c2	8379	600	SORGENTE_SISTEMA/cassa-frontend/dist/assets/cash-open-drawer.js
e94c3f4df048c5a2ea563436b70b5b75ad6e1c899570c45783df0b994ba37174	7548	600	SORGENTE_SISTEMA/cassa-frontend/dist/assets/cash-order-correction-approval-bridge.js
47f1c84c482bade6b4485455228208f91e571735a2615a2b6d5f01bd2d643a9a	45549	600	SORGENTE_SISTEMA/cassa-frontend/dist/assets/cash-preconto-print.js
2d9e6fad071a73ab55540c74ac542bc5bc248f548aed332c9c82b155237d0412	33100	600	SORGENTE_SISTEMA/cassa-frontend/dist/assets/cash-print-preferences-manager.js
16f0c17e42446d6b6e7068828bbe400578944098e9d6c139f1ace5d3d615a338	4386	600	SORGENTE_SISTEMA/cassa-frontend/dist/assets/cash-sale-session-guard.js
293bbd1acd6175a7458be51b17021cc70eb9f4fda3f01c6b828c41cd001037b8	16433	600	SORGENTE_SISTEMA/cassa-frontend/dist/assets/cash-session-options-panel.js
1d69e4c06495f41e8cbedbbb7956a14e68197f5730f2a5d715735ba9bac0fabf	6515	600	SORGENTE_SISTEMA/cassa-frontend/dist/assets/cash-settings-live-sync.js
442bb532b42ec6a9ad4a65234eb9575d6675b49cb604b0e539c36ba0c42d734c	11946	600	SORGENTE_SISTEMA/cassa-frontend/dist/assets/cash-settings-print-tab-bridge.js
b3071550772c2308e79c93a6ade7c02ee1876d7123158d4b9f5a1d2a80375ec4	9854	600	SORGENTE_SISTEMA/cassa-frontend/dist/assets/cash-support-request-modal.js
0accb6f0f43e8ba1a66f5aabe5e63c6e23b58a24a279232449679148608c5094	9315	600	SORGENTE_SISTEMA/cassa-frontend/dist/assets/cash-swipe-guard.js
d6d05eb746e9ff1a262678a7dfe7a75824e6d1b547bffc1fb77ad8b84d5ff606	8807	600	SORGENTE_SISTEMA/cassa-frontend/dist/assets/cash-table-room-label.js
74965f26ac1d0d63f1ca74079f19a102ce9e67a4260599880257887a7d5eb10c	8971	600	SORGENTE_SISTEMA/cassa-frontend/dist/assets/cash-tables-draft-persist.js
70dbad708c4f89cfa573dc5be04aaf6f55d963632f66118142cd644a8ec9f4c3	16273	600	SORGENTE_SISTEMA/cassa-frontend/dist/assets/cash-users-manager.js
4a180603308f8cffc136b4dddb8306a9ff4e0bbdeb8e63e3302e9d76073c8cee	116996	600	SORGENTE_SISTEMA/cassa-frontend/dist/assets/index-DLlM3Z31.css
2be5cfebefbb0acf598ad3c4199cef18a1c0491f719ce0a5d56efafcb92615f1	406017	600	SORGENTE_SISTEMA/cassa-frontend/dist/assets/index-xV-uP2yM.js
05d2157385b46173ba9d997eaea55d65873cb30997aa6eff2d9dd226d3343302	149809	600	SORGENTE_SISTEMA/cassa-frontend/dist/assets/portachiavi_nfc_avvicina_lettore-CxWkVXPL.gif
b22507a5aa09c4efa213ebf23e727080729b571a6057cade1ad858d57f2191e4	27470	600	SORGENTE_SISTEMA/cassa-frontend/dist/assets/screen-keyboard-modal.js
7615ed64e00ebde38bbd40784a71509cea6c7905503316be8d404720cab90fc0	237	600	SORGENTE_SISTEMA/cassa-frontend/dist/assets/smart-read/README.md
1e85ec81b9800b4c443d39caca0d0926089a3ac201120db1ceb45b93789480b8	34	600	SORGENTE_SISTEMA/cassa-frontend/dist/assets/smart-read/card-approach.gif
1e85ec81b9800b4c443d39caca0d0926089a3ac201120db1ceb45b93789480b8	34	600	SORGENTE_SISTEMA/cassa-frontend/dist/assets/smart-read/chip-approach.gif
13e2d3a612435d4ae0a2856da36a595f0f10cdceda9afe9cd307d9f9781c525e	199136	600	SORGENTE_SISTEMA/cassa-frontend/dist/assets/tessera_nfc_avvicina_lettore-s0Vf_CG7.gif
311eb715b1edf136f8e8b62a1107076c1ad6d1e97393142516b45a46c5295cc8	37300	600	SORGENTE_SISTEMA/cassa-frontend/dist/img/Acqua 0,5L friz.png
889596172994fb8b421ae458933d0bda30c1e67647f0a966354142a8b73723fd	460622	600	SORGENTE_SISTEMA/cassa-frontend/dist/img/Acqua 0,5L nat.png
4a3633fae58c97c6fd6feeef16d12f243fc040b919e572b684ba41acec76e587	8922	600	SORGENTE_SISTEMA/cassa-frontend/dist/img/bitter bianco.avif
9c92da54598c5dc9edd43793bb02a8ae2f8ed6e18de18f413cac74e45b2698ef	108429	600	SORGENTE_SISTEMA/cassa-frontend/dist/img/bitter bianco.png
7fad72e1c6c1943eeeb38a22354b26ea6621d727630f1047523ee2a765929853	20694	600	SORGENTE_SISTEMA/cassa-frontend/dist/img/bitter rosso.png
7ec772c245d91a305da41024fd7adaaff14df42fc9beedf36e3b3b557328d46a	67039	600	SORGENTE_SISTEMA/cassa-frontend/dist/img/caffetteria.png
87094afc3f3cad80fe4db07f7d66a30f8620737967b494bf9e52ee6351e804d5	224271	600	SORGENTE_SISTEMA/cassa-frontend/dist/img/campari soda.png
319e1a38f34793e3ee90275ac47da84d627215442f72b6ca26681a91e50d917f	177803	600	SORGENTE_SISTEMA/cassa-frontend/dist/img/coca cola zero.png
31f5f30f5a60321db320e02fbea3f17da4270291cc2443635874bd4decd47b45	48476	600	SORGENTE_SISTEMA/cassa-frontend/dist/img/coca cola.png
48ffe26bfdeb5a89288292089352c2114ffe07b81b50831e31324f14c7920bc0	216983	600	SORGENTE_SISTEMA/cassa-frontend/dist/img/crodino.png
c99653a194aa952b06af4c1e243bfe67cb612addda4b9822bb31b997e01b2a3b	200733	600	SORGENTE_SISTEMA/cassa-frontend/dist/img/estathe limone.png
a4a2bcc94453ed1d9b459d69001a412cc6588576fc5fde1f9d0fad3686784899	347438	600	SORGENTE_SISTEMA/cassa-frontend/dist/img/estathe pesca.png
9abd5e09071afbf8b2e2fd9e95d8eedf6bca8dc8e98045d959d3a28a9933a4e8	81397	600	SORGENTE_SISTEMA/cassa-frontend/dist/img/fanta.png
b9f56fd5152af45d905a3ab7eea5c15638badc2c3816baf5620bc0769b443324	57656	600	SORGENTE_SISTEMA/cassa-frontend/dist/img/ginger ale.jpg
cd9c6334d8184e6ae59c569f97870199a324ed74cb7246397177dc6d7315234b	90379	600	SORGENTE_SISTEMA/cassa-frontend/dist/img/ginger beer.png
7ce8822f887aac9f3346b40d8036cae12bb8e4ed01a25a507f9024748e87808f	62719	600	SORGENTE_SISTEMA/cassa-frontend/dist/img/lemon soda.png
9b50470b0a70d09920981c20adfe2e642ca0da6633a5de7d3389b64d67b7f394	7042	600	SORGENTE_SISTEMA/cassa-frontend/dist/img/product-image-map.json
889596172994fb8b421ae458933d0bda30c1e67647f0a966354142a8b73723fd	460622	600	SORGENTE_SISTEMA/cassa-frontend/dist/img/products/prd-001.png
311eb715b1edf136f8e8b62a1107076c1ad6d1e97393142516b45a46c5295cc8	37300	600	SORGENTE_SISTEMA/cassa-frontend/dist/img/products/prd-002.png
9c92da54598c5dc9edd43793bb02a8ae2f8ed6e18de18f413cac74e45b2698ef	108429	600	SORGENTE_SISTEMA/cassa-frontend/dist/img/products/prd-003.png
7fad72e1c6c1943eeeb38a22354b26ea6621d727630f1047523ee2a765929853	20694	600	SORGENTE_SISTEMA/cassa-frontend/dist/img/products/prd-004.png
87094afc3f3cad80fe4db07f7d66a30f8620737967b494bf9e52ee6351e804d5	224271	600	SORGENTE_SISTEMA/cassa-frontend/dist/img/products/prd-005.png
31f5f30f5a60321db320e02fbea3f17da4270291cc2443635874bd4decd47b45	48476	600	SORGENTE_SISTEMA/cassa-frontend/dist/img/products/prd-006.png
319e1a38f34793e3ee90275ac47da84d627215442f72b6ca26681a91e50d917f	177803	600	SORGENTE_SISTEMA/cassa-frontend/dist/img/products/prd-007.png
48ffe26bfdeb5a89288292089352c2114ffe07b81b50831e31324f14c7920bc0	216983	600	SORGENTE_SISTEMA/cassa-frontend/dist/img/products/prd-008.png
c99653a194aa952b06af4c1e243bfe67cb612addda4b9822bb31b997e01b2a3b	200733	600	SORGENTE_SISTEMA/cassa-frontend/dist/img/products/prd-009.png
a4a2bcc94453ed1d9b459d69001a412cc6588576fc5fde1f9d0fad3686784899	347438	600	SORGENTE_SISTEMA/cassa-frontend/dist/img/products/prd-010.png
9abd5e09071afbf8b2e2fd9e95d8eedf6bca8dc8e98045d959d3a28a9933a4e8	81397	600	SORGENTE_SISTEMA/cassa-frontend/dist/img/products/prd-011.png
b9f56fd5152af45d905a3ab7eea5c15638badc2c3816baf5620bc0769b443324	57656	600	SORGENTE_SISTEMA/cassa-frontend/dist/img/products/prd-012.jpg
cd9c6334d8184e6ae59c569f97870199a324ed74cb7246397177dc6d7315234b	90379	600	SORGENTE_SISTEMA/cassa-frontend/dist/img/products/prd-013.png
7ce8822f887aac9f3346b40d8036cae12bb8e4ed01a25a507f9024748e87808f	62719	600	SORGENTE_SISTEMA/cassa-frontend/dist/img/products/prd-014.png
6db46da0b6742cb426848c460b8c0ba432dd936677f5a46328905bd40fcbcff6	178100	600	SORGENTE_SISTEMA/cassa-frontend/dist/img/products/prd-015.png
943afa8f5ff4cf8866be1f7c604ffb8a211d3a7526f60be0137a5c37936556a7	84565	600	SORGENTE_SISTEMA/cassa-frontend/dist/img/products/prd-016.png
0379829d48a00bcc6c0b423e6d5551af2cc2f48ebd1ca105a572edf25daa770a	671028	600	SORGENTE_SISTEMA/cassa-frontend/dist/img/products/prd-017.png
47d8324a1ff9932b89cbbcb741d70fe4f494fe1cc6f71cfac062f49b07b5f749	667306	600	SORGENTE_SISTEMA/cassa-frontend/dist/img/products/prd-018.png
0b415d9bf848904a13e6f7a49ec5c043bde9b400771d30387d446b0f02989467	683881	600	SORGENTE_SISTEMA/cassa-frontend/dist/img/products/prd-019.png
ca719dbcee8a072437dd96bc404e4d2d13137151e281618e6a0983ad248c5c63	679126	600	SORGENTE_SISTEMA/cassa-frontend/dist/img/products/prd-020.png
d0e968b387898ed6fdec22c3630bed840b3d5add343cc95c16b9c606eb1cf6ab	666755	600	SORGENTE_SISTEMA/cassa-frontend/dist/img/products/prd-021.png
3ff8664d7e5aa77432b4af9e20ee9feb2f0aab8f528aa72b696a287144f2dff7	679736	600	SORGENTE_SISTEMA/cassa-frontend/dist/img/products/prd-022.png
4dea880c57f1e049e0a4ca52d11c8382da943d2b2d5b7824f70f0dd27388721a	688430	600	SORGENTE_SISTEMA/cassa-frontend/dist/img/products/prd-023.png
89ebc8014402e17abaef97e74c2e6a21dbc4df8a7461229290e525ba5f68fb22	703294	600	SORGENTE_SISTEMA/cassa-frontend/dist/img/products/prd-024.png
5fb97005232df6525eec582ceb5365238775286608a771b17cb7360f2cf59eb1	667521	600	SORGENTE_SISTEMA/cassa-frontend/dist/img/products/prd-025.png
c577511c844c13ff11e46d2d9e0510f0b7b8fe77b50fdcfbac9d730d593926c1	6334	600	SORGENTE_SISTEMA/cassa-frontend/dist/img/products/prd-026.avif
7ec772c245d91a305da41024fd7adaaff14df42fc9beedf36e3b3b557328d46a	67039	600	SORGENTE_SISTEMA/cassa-frontend/dist/img/products/prd-027.png
6db46da0b6742cb426848c460b8c0ba432dd936677f5a46328905bd40fcbcff6	178100	600	SORGENTE_SISTEMA/cassa-frontend/dist/img/redbull.png
943afa8f5ff4cf8866be1f7c604ffb8a211d3a7526f60be0137a5c37936556a7	84565	600	SORGENTE_SISTEMA/cassa-frontend/dist/img/soda pompelrmo.png
0379829d48a00bcc6c0b423e6d5551af2cc2f48ebd1ca105a572edf25daa770a	671028	600	SORGENTE_SISTEMA/cassa-frontend/dist/img/succo ace.png
47d8324a1ff9932b89cbbcb741d70fe4f494fe1cc6f71cfac062f49b07b5f749	667306	600	SORGENTE_SISTEMA/cassa-frontend/dist/img/succo albicocca.png
0b415d9bf848904a13e6f7a49ec5c043bde9b400771d30387d446b0f02989467	683881	600	SORGENTE_SISTEMA/cassa-frontend/dist/img/succo ananas.png
ca719dbcee8a072437dd96bc404e4d2d13137151e281618e6a0983ad248c5c63	679126	600	SORGENTE_SISTEMA/cassa-frontend/dist/img/succo arancia.png
d0e968b387898ed6fdec22c3630bed840b3d5add343cc95c16b9c606eb1cf6ab	666755	600	SORGENTE_SISTEMA/cassa-frontend/dist/img/succo mirtillo.png
3ff8664d7e5aa77432b4af9e20ee9feb2f0aab8f528aa72b696a287144f2dff7	679736	600	SORGENTE_SISTEMA/cassa-frontend/dist/img/succo pera.png
4dea880c57f1e049e0a4ca52d11c8382da943d2b2d5b7824f70f0dd27388721a	688430	600	SORGENTE_SISTEMA/cassa-frontend/dist/img/succo pesca.png
89ebc8014402e17abaef97e74c2e6a21dbc4df8a7461229290e525ba5f68fb22	703294	600	SORGENTE_SISTEMA/cassa-frontend/dist/img/succo pomodoro.png
5fb97005232df6525eec582ceb5365238775286608a771b17cb7360f2cf59eb1	667521	600	SORGENTE_SISTEMA/cassa-frontend/dist/img/succo pompelmo.png
c577511c844c13ff11e46d2d9e0510f0b7b8fe77b50fdcfbac9d730d593926c1	6334	600	SORGENTE_SISTEMA/cassa-frontend/dist/img/tonica.avif
3299b844bc0143c1db289d521ac1dbb064ca4ed1a230932608269e8d50b4ef25	3023	600	SORGENTE_SISTEMA/cassa-frontend/dist/index.html
96fbd0bd47ca75628a72ff1bae889f60def30f5ab9c00eba4016d3006ecc191f	3071	644	SORGENTE_SISTEMA/cassa-frontend/docs/app-state-domain-map.md
138ef36c7029187ada143536ad34924d40346ccf69c377eb3a615026125a235a	45507	644	SORGENTE_SISTEMA/cassa-frontend/docs/architecture/payments-dependency-audit-20260702.json
2fe11773cae80537ee4aaa67a35bffd8bfd0f0c8b297eaacd7203867c6beae39	1601	644	SORGENTE_SISTEMA/cassa-frontend/docs/baseline-observability.md
ad67c9653ecbd24f3ef26dbe0906dca57832f999f034564edd7dc1e383e512bf	1561	644	SORGENTE_SISTEMA/cassa-frontend/docs/command-envelope-contract.md
c6787fc1c99a486cc7a8584782df26fc9e2a27818788f8a75b52d77ec494ec46	3555	644	SORGENTE_SISTEMA/cassa-frontend/docs/command-inbox-foundation.md
bdcbec153a8575327d2c4dbd922d45bfa9cf51c1ee3fe04fefe27817d1c6fb2d	4355	644	SORGENTE_SISTEMA/cassa-frontend/docs/command-inbox-pilots.md
0af365ab03a45a88e430c5999a80315732e69340af83fd53af8b1eb30f4af755	2979	644	SORGENTE_SISTEMA/cassa-frontend/docs/dirty-tracking-shadow.md
689d813e39cc443354f850f73f9fd3744a6569e596722e4c946e9f09549f7ada	4225	644	SORGENTE_SISTEMA/cassa-frontend/docs/event-outbox-authoritative.md
f89479a8f4242088ac40f4fe394b8b49bbae1ccf414c9e49f1b0d79a301ff66f	13269	644	SORGENTE_SISTEMA/cassa-frontend/docs/feature-flag-inventory.md
8a0628a7d66823aa7a6d3520b0430d5f07139edd62dc2cea2d029934f79b26cb	6981	644	SORGENTE_SISTEMA/cassa-frontend/docs/fiscal-outbox-step13.md
11c342a216e03c9093a39597dc35d7e21807f75b4886d0bdecf2e1b90f1e14ce	4487	644	SORGENTE_SISTEMA/cassa-frontend/docs/frontend-optimistic-actions.md
7911b2edbe060b8edf9f57d511807e384557348b4894bb5122bdf821e7e67ed2	973	644	SORGENTE_SISTEMA/cassa-frontend/docs/lane-scheduler-step11.md
a4588359bd199f2ec84dab20f9c03ae458392661dda83f1d63a274f317043c11	9002	644	SORGENTE_SISTEMA/cassa-frontend/docs/mqtt-bridge-step14.md
60ea13851fbbed155d2d2d44e5126b673acc0fe7bf69dd579b98c2c47a377822	1903	644	SORGENTE_SISTEMA/cassa-frontend/docs/mqtt-command-gate-step15.md
3ceae92ccc5d54521cc7a39b49121d0946a15cd1b11b05ad182068baf03a1d7a	2433	644	SORGENTE_SISTEMA/cassa-frontend/docs/mqtt-command-pilot-step17.md
dd890d3cb64ce44ff9e0372337a1db264a9fa59f6815785bf80470da29002a0d	805	644	SORGENTE_SISTEMA/cassa-frontend/docs/phase-00-report-template.md
2920b053f0d4452215a8cefcd8a2c4337019fa137a418d5f5d01945fa3c89fd9	3679	644	SORGENTE_SISTEMA/cassa-frontend/docs/print-spool-async-durable.md
d50b191a18d4dc2f58f8285bb9ecc64e6b07dc19fe0e34753507472c826dd621	2255	644	SORGENTE_SISTEMA/cassa-frontend/docs/realtime-push-first.md
a9b918051356378b0f6e2beb9769559c83e9b766e3ae41f08e9788cccc4a9a28	1672	644	SORGENTE_SISTEMA/cassa-frontend/docs/redis-step10.md
2930e63bc8b2be07191278db57a27198397d69950507ef866079661487ef3eb3	6158	644	SORGENTE_SISTEMA/cassa-frontend/docs/relational-primary-step12.md
991b4e1a9d83174584a83ca354b0834576c0d2dcfc1e46473d5e8ca2a8658645	868	644	SORGENTE_SISTEMA/cassa-frontend/docs/release-hygiene-findings.md
09691bd9fa6a32e0ddb080adf9159943f5d560c746a9311769dec512322b6043	494	644	SORGENTE_SISTEMA/cassa-frontend/docs/release-hygiene.md
1669ea886cc4d8fca2851b954a7feb9dc92efd2fa549e1cc36e1f6ac491eb4c7	1408	644	SORGENTE_SISTEMA/cassa-frontend/docs/runtime-inventory.md
ca6de6ae7d3af5dcc4742615ac9cae97b2c02ed41caaedd6d0ffabc02fb7b4f4	9337	644	SORGENTE_SISTEMA/cassa-frontend/docs/runtime-profiles.md
f7e10f8eb3ffec41d8e293676c37d481845c6c4e121da2f5d087a5462b4beb71	1354	644	SORGENTE_SISTEMA/cassa-frontend/docs/scoped-reads-step9.md
3e639d68c2e85e73b504d51fe7b56c1f69d126fa60e7c223c1eb6884fb8ea5e8	1838	644	SORGENTE_SISTEMA/cassa-frontend/e2e/__inspect-order-detail.spec.mjs
45c209a0f93fb0635f0bb44b905617e48a39eaae04a6d2bf1127725439f0b1ee	3613	644	SORGENTE_SISTEMA/cassa-frontend/e2e/fixtures/app-fixture.mjs
eed589ab4a723089b17910296093883bf3f9a65b4a1f83ef4afe1b50dd287499	22957	644	SORGENTE_SISTEMA/cassa-frontend/e2e/gui-boundary-matrix.spec.mjs
9a4c33eb398366ac462e860f18d07f88477d2d8b75a85f0664d0d592247d3f64	6336	644	SORGENTE_SISTEMA/cassa-frontend/e2e/gui-boundary-maxisimulation.spec.mjs
f0d758df3830421cfd2c6e951694b4855632bc89a7d063ce0a2cd91653a05eee	28433	644	SORGENTE_SISTEMA/cassa-frontend/e2e/gui-complex-workflows.spec.mjs
fdefe8d0b1f75182c19f32bd5bdf6e67bf6680ab6b23117c5420daf4a0943907	22272	644	SORGENTE_SISTEMA/cassa-frontend/e2e/gui-expanded-regression.spec.mjs
f96427a0305ae6cd1d6533b41eaf0cb9d5c0fd71d72af25ed0f8a81682418a45	3240	644	SORGENTE_SISTEMA/cassa-frontend/e2e/gui-listino-time-pricing.spec.mjs
26f3171d1ff4f821d895384df55f955ba1d978d32b998a017bf7f7a50b3f3882	12947	644	SORGENTE_SISTEMA/cassa-frontend/e2e/gui-operational-flows.spec.mjs
954ac1e75ac3aee8eecfeb4585d874f3ae66e448cddd9f043a632f8a9eb06f35	28949	644	SORGENTE_SISTEMA/cassa-frontend/e2e/gui-scenario-workflow.spec.mjs
5119a526b33f3467d797d421f83ca49e51840e1c692c90a3bc6064ae0c8ead03	22313	644	SORGENTE_SISTEMA/cassa-frontend/e2e/gui-ultra-workflows.spec.mjs
919ee013c59d63b338fdd7864c6444f58c5de38b98bea6b47285cab674d5acd0	18567	644	SORGENTE_SISTEMA/cassa-frontend/e2e/helpers/operational-gui.mjs
b0f28e5b82297e4b73936955f25577688c001136fa92cbb6c9302eee5a529bef	7238	644	SORGENTE_SISTEMA/cassa-frontend/e2e/mobile-battery-widget.spec.mjs
01c3d2c324b0bafca3a23e0a995afea5e5c12ded1a9ad5ca4a9597d9de8778d5	6144	644	SORGENTE_SISTEMA/cassa-frontend/e2e/mobile-cassa-postazione.spec.mjs
75fe32720b3cb934d2d93e61c2c516ab75bb65cac0d3f4aeb2368f62287c9da1	10905	644	SORGENTE_SISTEMA/cassa-frontend/frontend-tests/bridge-hardening.test.mjs
830243e7a808c39ca8f31469b5527899b71f3af6110cbdb2932e0ca7828e74fe	2771	644	SORGENTE_SISTEMA/cassa-frontend/frontend-tests/cash-bridges.test.mjs
f518964212018da42fee4a7ece4851d2caedbc62f742dbcdc5a8d7562696fa65	2430	644	SORGENTE_SISTEMA/cassa-frontend/frontend-tests/helpers/bridge-env.mjs
a0cc3dbf0fc4a0987fb7f17d4e6fbc373682feb211245ecbd0a70c5f4f0847c0	7006	644	SORGENTE_SISTEMA/cassa-frontend/frontend-tests/listino-time-pricing.test.mjs
18894fe9f0b0603bc616f20fe2d1c783fcf175c71ba5fa35885371f70c2d6492	10978	644	SORGENTE_SISTEMA/cassa-frontend/frontend-tests/mobile-bridges.test.mjs
d301b330fe990154ce34c5a48a931c1075cbb5454b1bc714135b1e553c90a216	22431	644	SORGENTE_SISTEMA/cassa-frontend/frontend-tests/mobile-frontendv2-static.test.mjs
25c311f781788ad19005fe24881d81752ef832bcb7ef92c84f867e1e15f68112	2197	644	SORGENTE_SISTEMA/cassa-frontend/frontend-tests/monitor-configuration-static.test.mjs
d6f9c9d8f46a406541f1226e44c3d8812d09578daceab6b65a8a67f4836ba566	12233	644	SORGENTE_SISTEMA/cassa-frontend/frontend-tests/postazione-bridges.test.mjs
37bcf538f739bdd05fb3d2d1734cbebe94d050c09a5b975aeeff5cc4649eee56	3962	644	SORGENTE_SISTEMA/cassa-frontend/frontend-tests/postazione-cancelled-ui.test.mjs
57e1beeccdfeaf13bdaa8b03af64c0391c8b9c03091cb30fc59b243ef0a51a5a	2755	644	SORGENTE_SISTEMA/cassa-frontend/frontend-tests/postazione-logout-session.test.mjs
116690b9deaac300c334bea1241aef59f0a53a08eca9dba8b2300edbee480202	2321	644	SORGENTE_SISTEMA/cassa-frontend/frontend-tests/postazione-order-list-ui.test.mjs
f4f6ec414dc9caf297f0874740b4eff303ae69a7ee90ebf129668a0e8316b254	3927	644	SORGENTE_SISTEMA/cassa-frontend/frontend-tests/postazione-waiter-availability.test.mjs
e017a4058f3ef566cf728489481b08c817dd816f047ed4dbf51fc52397adebba	5076	644	SORGENTE_SISTEMA/cassa-frontend/frontend-tests/settings-automatic-cash-native.test.mjs
4cab0988cbcabb36b3de1618e8ec1ea8c7710db9fb024c5fba5b2f4b386b5274	1595	644	SORGENTE_SISTEMA/cassa-frontend/frontend-tests/settings-handhelds-native.test.mjs
ad28d9fa1492f281227392694fb2bf4ab5e16299edb9e53c0b3b641d2f398b98	2294	644	SORGENTE_SISTEMA/cassa-frontend/frontend-tests/settings-radio-native.test.mjs
71cfd80e6d756ee201f39b32761f424d4006ee4d6ee50ffc12671307d1913892	4695	644	SORGENTE_SISTEMA/cassa-frontend/frontend-tests/settings-user-app-access.test.mjs
491a07dd0ae12bfc53f655d2be220ca7bf18757b6824c4271a160dfd8866ef59	1107	644	SORGENTE_SISTEMA/cassa-frontend/launcher/_start-profile.cmd
975fa805ef1ef8b0c3ebbbd455060cf5bf7260aaca9487ebb1a6c49073b7d2a8	942	755	SORGENTE_SISTEMA/cassa-frontend/launcher/_start-profile.sh
d67bddb15c8d79aa6fdf36756ad72c9994a6fd1d9651083ca6b1502b89502bea	438	644	SORGENTE_SISTEMA/cassa-frontend/launcher/start-canary-multiprocess.cmd
0ee25eee47a7a26b59f0dc0779ee1f04e9043bbead1e8eda0bcae29fc0c864be	452	755	SORGENTE_SISTEMA/cassa-frontend/launcher/start-canary-multiprocess.sh
7cd2a14ef69f14d41d6a744137df6cc54eb5815f8d3ef4cb7777c04ac6a152f9	99	644	SORGENTE_SISTEMA/cassa-frontend/launcher/start-fiscal-outbox-worker-staging.cmd
cfe21de9859c351f44bcdde42301095b28e8213674cd6b6f2517a5482a7ec793	119	755	SORGENTE_SISTEMA/cassa-frontend/launcher/start-fiscal-outbox-worker-staging.sh
cb3ee88037f2748b7291d65ad64d30b01ada8ecaa6e09ca0e9816f3923477e28	132	644	SORGENTE_SISTEMA/cassa-frontend/launcher/start-near-realtime-mqtt.cmd
f33216b135adb5ef99a4a9c5bac89c71e1882cc54348116a363c44379a2bc486	178	755	SORGENTE_SISTEMA/cassa-frontend/launcher/start-near-realtime-mqtt.sh
ede01588619df2e00ae97b7f76c9b6c0c235dde8c00dbb2bb20a61265543e116	134	644	SORGENTE_SISTEMA/cassa-frontend/launcher/start-near-realtime-redis.cmd
f7280ff5606983a3b6e8342225535d4060a0dca8d44bc9e7f6831fe07a4eca6d	180	755	SORGENTE_SISTEMA/cassa-frontend/launcher/start-near-realtime-redis.sh
117ab3de7e2d28b2dbfc765649ddcd64d7492462ab7b47a22a37c9906b91db3d	342	644	SORGENTE_SISTEMA/cassa-frontend/launcher/start-near-realtime.cmd
d6c358e2037c514f49b723fe8952448c79a288e2f564da7bbd2f1d35ba204c6a	350	755	SORGENTE_SISTEMA/cassa-frontend/launcher/start-near-realtime.sh
2bb92df5e9955dd3ae1599c91298d538116bf975fe2308247760409c7ca2ffd2	291	644	SORGENTE_SISTEMA/cassa-frontend/launcher/start-rollback-safe.cmd
841edf1f8532a3dd2257b18c8d3d362b56f6bb05586dde3195183a22935ba02b	299	755	SORGENTE_SISTEMA/cassa-frontend/launcher/start-rollback-safe.sh
8a5c42d2fa5ee04d295a1d8c29a2fb1d7580425f28d4cbbce92fa32b412d4203	281	644	SORGENTE_SISTEMA/cassa-frontend/launcher/start-standard.cmd
cb5d1623c557d59efd2761bba34f3bd650b0a79e3e9e8898819fb8b75e68aa37	289	755	SORGENTE_SISTEMA/cassa-frontend/launcher/start-standard.sh
fe7059ab13c88a3390901cd453783874063c071cf315a48b7bc1bee88c1af815	123008	644	SORGENTE_SISTEMA/cassa-frontend/package-lock.json
0d6bef6d5b367148f2aca4ba6182d6df1c96ff74e0644bb5860aaf5859343a39	18860	644	SORGENTE_SISTEMA/cassa-frontend/package.json
9ad981332f752755bab401935e361a91a76373a14a721b3236e8c34305a78a27	422	644	SORGENTE_SISTEMA/cassa-frontend/playwright.config.mjs
ba68e248e14cd95c9d560a81f7aae55ff20d548f51494c65f31329d2c6ade766	4477	644	SORGENTE_SISTEMA/cassa-frontend/scripts/analyze-command-inbox-snapshot.mjs
77cc6f33c6eec8e90e44620cb6748e64df5983ddb4d16c95712f5b4da3fa8d0d	6024	644	SORGENTE_SISTEMA/cassa-frontend/scripts/analyze-dirty-tracking-snapshot.mjs
15d33f20bd506dfbe805d13e2b83d0e4584fcab01d60b9e3f16877b02c1bf147	13941	644	SORGENTE_SISTEMA/cassa-frontend/scripts/api-worker-read-canary.mjs
0596772e969a2825f02c67390db255ea740d6db2f5e1102dc35bc51164aeb232	28268	644	SORGENTE_SISTEMA/cassa-frontend/scripts/architecture-health-report.mjs
5999e7c4242087dc43bc9e5cf177760098ba48aaba8b0da6c9c8b5ed17911d19	6683	644	SORGENTE_SISTEMA/cassa-frontend/scripts/architecture-security-gate.mjs
2ac0c5f74c86e00ac5ad2cbd7b03ae928831b99fbdbad57c62af63fa1e24241c	9462	644	SORGENTE_SISTEMA/cassa-frontend/scripts/archive-integration-orders.mjs
a36bd3d5cb5d39d5bf7567b93448e97f6ed66919c68cfb9a97ba875484cf138a	7808	644	SORGENTE_SISTEMA/cassa-frontend/scripts/backend-architecture-security-audit.mjs
3ad56deff1291c98722fb9e3d1f297910d594a3f82d37b2900e55420da2376a5	1794	644	SORGENTE_SISTEMA/cassa-frontend/scripts/backend-process-topology-report.mjs
c12a8608c9964a164d778c7d41d79f3c0f5c7f02a5a92bfb7f1ba2c43ad9f5d2	3280	644	SORGENTE_SISTEMA/cassa-frontend/scripts/backend-release-gate.mjs
d1005fe20b81aa21d8d63aeb01203a4c19c6c820dc8c21f35b5d57bb056488b8	1853	644	SORGENTE_SISTEMA/cassa-frontend/scripts/benchmark-room-change-pin.mjs
7ec644f8dbb91fcad4393e690ea80bb2ee5062bac6131d7ded7251e7c2e85b90	4771	644	SORGENTE_SISTEMA/cassa-frontend/scripts/cancel-order-by-api.mjs
8da25d9fee9c984eef1932cf935eb8778f984e5da648bd744bd8b61d8b4bdb7b	6988	644	SORGENTE_SISTEMA/cassa-frontend/scripts/check-release-clean.mjs
c9b26a4c53a7d990f861199ac3d79f6d1b6bec07daf3a6ad28172245381eae41	3338	644	SORGENTE_SISTEMA/cassa-frontend/scripts/collect-runtime-metrics.mjs
f36262ba0695c24570f2327ca92927ddb8322dfa8044978b246c27a6707c08ff	9877	644	SORGENTE_SISTEMA/cassa-frontend/scripts/cpu-profile-summary.mjs
ddd30c762eab175ffb5a3aa732312bae63ea9e667ca03b5529d50494abc8b2d8	16376	644	SORGENTE_SISTEMA/cassa-frontend/scripts/dependency-audit.mjs
c0894a15c8b2de48466d61f07aba34290738a2b17bfde9a578a3df984d2276e9	8006	644	SORGENTE_SISTEMA/cassa-frontend/scripts/enable-all-user-apps.mjs
84c83546d30dfdf1d73a20daba0c7c87781bc349f75926a37d49bb71ce36ed1e	14117	644	SORGENTE_SISTEMA/cassa-frontend/scripts/endurance-report-pdf.mjs
4288afa79714ffd009dd78c4ff63e6817c587e7f59797a823497a6505fb0a31c	110878	644	SORGENTE_SISTEMA/cassa-frontend/scripts/endurance-sim-50k.mjs
e1db4fcfd569c76ba4804cf5510531b62e597a21c97d27a27757e843afddd7a3	18623	644	SORGENTE_SISTEMA/cassa-frontend/scripts/fiscal-outbox-mock-provider-canary.mjs
8d38c55744877be22e91283a5b216a8634e7d6c9b94dea472722e621537be239	21865	644	SORGENTE_SISTEMA/cassa-frontend/scripts/fiscal-outbox-payment-canary.mjs
ab8ef43e7289e71f1cd0905476cf39f68ce403ef4837a4abeff4785ab14f54cd	15985	644	SORGENTE_SISTEMA/cassa-frontend/scripts/fiscal-outbox-staging-smoke.mjs
ab3429f2781e6984baa88989559c3060cc14bb15679ca1c8980a1002126dfa1d	11676	644	SORGENTE_SISTEMA/cassa-frontend/scripts/fiscal-outbox-step13-evidence.mjs
5931dbd20215423b8268ec5bc1ddfd79d09de42243ad0629ddd900afc417bde9	14460	644	SORGENTE_SISTEMA/cassa-frontend/scripts/layout-latency-canary.mjs
3cdeff5e229015b15aa9475a4cb511c97612777a6304f57f5bb84b066145656d	400188	644	SORGENTE_SISTEMA/cassa-frontend/scripts/loadtest-full-capacity.mjs
86b1bf0633945079e46a8a7e8208401b94d2446eca5a849a7b35ae59cb97b64b	777	644	SORGENTE_SISTEMA/cassa-frontend/scripts/loadtest-mysql-status.mjs
67cc2e11961f15e505c15bbbab3516723d604a3455c2fdc3aef3894f80a6b073	1828	644	SORGENTE_SISTEMA/cassa-frontend/scripts/loadtest-mysql-status.test.mjs
0e757f63a5023ba049d5c4ff16b11a3c069889af50a4dcd0801aee784168285b	3603	644	SORGENTE_SISTEMA/cassa-frontend/scripts/loadtest-order-article-units.mjs
26b9f4ca81d9a2972052d149337c8d274ba22b288636a57d23fdd4fc8f0bb9a8	3136	644	SORGENTE_SISTEMA/cassa-frontend/scripts/loadtest-order-article-units.test.mjs
c264494208acbdb1224545b8cd66d55f5c32488e9cc9ba01543456eb25d3c9a7	1136	644	SORGENTE_SISTEMA/cassa-frontend/scripts/loadtest-realtime-delivery.mjs
68952c929b358b48f4fec398d2105265320626bf80443956377027a30b8c41f3	1703	644	SORGENTE_SISTEMA/cassa-frontend/scripts/loadtest-realtime-delivery.test.mjs
2f3731b57003d3e1144444ef391c6426d45c8878bd8ed51aac710ce0b584f4c4	3808	644	SORGENTE_SISTEMA/cassa-frontend/scripts/loadtest-runtime-metrics.mjs
49898395338c398124f892835a44e8fbb824e801109b3eda4b1e7ee7542e7d43	5183	644	SORGENTE_SISTEMA/cassa-frontend/scripts/loadtest-runtime-metrics.test.mjs
88e0472e63db890650f3a56ae9fc0c3142a857518a98c6946cf82929306eaf6a	30489	644	SORGENTE_SISTEMA/cassa-frontend/scripts/mega-sim-100-devices.mjs
2ff92951e2876dd73e7d2b8f46e584ecd703d2f162db7eae94f3994e439a6071	33803	644	SORGENTE_SISTEMA/cassa-frontend/scripts/mega-sim-400x50.mjs
5561f367d9f300a2df3afa73a60c5307b6c72ce0d8207bf2c18d49be4cf63d67	12609	644	SORGENTE_SISTEMA/cassa-frontend/scripts/mqtt-acl-policy-check.mjs
f2a0b31fc381c3f6755179f7d4b107dfe5ea48517fa24c23531b7055da5491ad	16854	644	SORGENTE_SISTEMA/cassa-frontend/scripts/mqtt-bridge-canary.mjs
c4033443ee25c2276573e9b5dd2fda4c60579055717801c6e7da2225b1a91b4d	16032	644	SORGENTE_SISTEMA/cassa-frontend/scripts/mqtt-bridge-load-canary.mjs
7d1729ae5d902bc5eea90d0e8a73008ca96c59942140beb58983267c079bb22e	15406	644	SORGENTE_SISTEMA/cassa-frontend/scripts/mqtt-bridge-reconnect-canary.mjs
e493fe02a247c86fc572f6c0ffb2efc27f57874068ebfaebca06dc55be9457fb	18556	644	SORGENTE_SISTEMA/cassa-frontend/scripts/mqtt-bridge-storm-canary.mjs
54fb386de672c05cf904ae6a1e84443ac5f75267166763c40c1e9094e3d874d0	6389	644	SORGENTE_SISTEMA/cassa-frontend/scripts/mqtt-command-gate-check.mjs
75a94bbfb1f93978e8bb3e01ccb872700285a0ec1743435333a6bf66643f8960	28807	644	SORGENTE_SISTEMA/cassa-frontend/scripts/mqtt-mosquitto-live-canary.mjs
a8f51db113c535cc46d3a8bed792abadbfe91ff2b0eddae897df09da7c3ac376	29449	644	SORGENTE_SISTEMA/cassa-frontend/scripts/mqtt-retained-persistence-canary.mjs
c64c81f38ba86e5d37ef9a56f762d1da2cfca240dc8b5e423a0292f037b61599	7030	644	SORGENTE_SISTEMA/cassa-frontend/scripts/mqtt-tls-policy-check.mjs
059d7d6dc7f129a5894147c8de88d6141b3f93fddb10d114751a07e22008c4af	24505	644	SORGENTE_SISTEMA/cassa-frontend/scripts/multiprocess-mixed-canary.mjs
2cbdac905fa9e656249fb0ce5f66aabf5c69d66ca8b73e8979fb6cdf9487814f	19030	644	SORGENTE_SISTEMA/cassa-frontend/scripts/operation-latency-matrix.mjs
dfb73498e319b34051f9bfa7a68865713149449cf281a72d78fc5762e5cc5527	15727	644	SORGENTE_SISTEMA/cassa-frontend/scripts/order-payment-chain-latency.mjs
1365551bbb25f9a30939e61604e11ec8f1e3eab390480802d551135d5bfbb048	5291	644	SORGENTE_SISTEMA/cassa-frontend/scripts/order-worker-fuse-canary.mjs
28f78c8ab8f3000ab28128472a879f5cacf42c7fda3d50666736173a48a9b069	6331	644	SORGENTE_SISTEMA/cassa-frontend/scripts/order-worker-route-canary.mjs
53e94cb4603995b48ea398117d3794bb57452528c862a216ec742079ccd92526	18239	644	SORGENTE_SISTEMA/cassa-frontend/scripts/order-worker-sync-e2e-batch-canary.mjs
48d5fd45f3e5cf4d469e3ddde60f3bc8ebd0121fe80c950fc4fd4fddcebc33ee	2497	644	SORGENTE_SISTEMA/cassa-frontend/scripts/order-worker-sync-e2e-batch-canary.test.mjs
6141a3629e02944924755cec8b1b5457f15bdd1c6ea380999305631d6d1ecd94	49572	644	SORGENTE_SISTEMA/cassa-frontend/scripts/order-worker-sync-e2e-canary.mjs
b936f3e723d4bbdf9f4a51376131c26927467af285752d09c4b327df11a59027	40480	644	SORGENTE_SISTEMA/cassa-frontend/scripts/order-workflow-externalization-audit.mjs
2dda1f56a9c2eeec4b60919308ed3b951bd38c7d80f8e301efa14b26451e2224	20609	644	SORGENTE_SISTEMA/cassa-frontend/scripts/p3-retry-stage-breakdown.mjs
7cb33e75a09a3b0cd2c77180ba1cd11664f150a1f8628de3972546e7f6f88951	7770	644	SORGENTE_SISTEMA/cassa-frontend/scripts/p5-action-scheduler.mjs
d8d4759f95358d48b1fa6229e961c2401066ba05e15e161695293f5617b4255e	3007	644	SORGENTE_SISTEMA/cassa-frontend/scripts/p5-action-scheduler.test.mjs
744569a01d831bf573445852c868199044272a605477a0a059e2eaf8011d96b5	9831	644	SORGENTE_SISTEMA/cassa-frontend/scripts/p5-contention-report.mjs
54df9bc793e790ac7c1fb6f575649fa3344cf54cb0e15f4b13ff38afaa5580a6	2973	644	SORGENTE_SISTEMA/cassa-frontend/scripts/p5-contention-report.test.mjs
763aee7d6c85c35fa7d40b7d01d1d915df9efc54d27feebba34adee4df0f68c8	11949	644	SORGENTE_SISTEMA/cassa-frontend/scripts/p5-endurance-contract.test.mjs
04b86e56a8e85d58a314f9d12d43bb2a809e0b481d4f509d2844b63f9fa054eb	10620	644	SORGENTE_SISTEMA/cassa-frontend/scripts/p5-endurance-report-pdf.mjs
5116791b39151577254af269a92cdd77dd8d851c5fbca6cbad061094543d29a6	483	644	SORGENTE_SISTEMA/cassa-frontend/scripts/p5-expected-interruption.mjs
77ea333ad6a7ed16159f4ad6bbae86dee6349a60b781dec4ce06a0721b969cca	965	644	SORGENTE_SISTEMA/cassa-frontend/scripts/p5-expected-interruption.test.mjs
f9173c82d71bee887d816ed9212d87c52a5866e3d94d3a935aaa0bb7d4fd3ff3	44405	644	SORGENTE_SISTEMA/cassa-frontend/scripts/p5-headed-gui.mjs
bcb0400091d9294e8993d5785f5adfcb056052e4103ca5512bf528863def997d	3929	644	SORGENTE_SISTEMA/cassa-frontend/scripts/p5-latency-checkpoint.mjs
cca675f445fc2469280a70ff6a6adf07d561501eed66a68e33373f044afd6519	3009	644	SORGENTE_SISTEMA/cassa-frontend/scripts/p5-latency-checkpoint.test.mjs
52fe29aea9906d4b863f9412c055b526a8025c449e8531767a044bcb6e054883	4506	644	SORGENTE_SISTEMA/cassa-frontend/scripts/package-guardrails.mjs
fb26525dcfd151f67440e4f9591ede36429e718033e3ddc7f545ef504ced39db	6308	644	SORGENTE_SISTEMA/cassa-frontend/scripts/package-preflight.mjs
5fe17e3721ac12512d36273845845a991837688a5cac09568892ffb92d262fcf	5829	644	SORGENTE_SISTEMA/cassa-frontend/scripts/package-runtime-smoke.mjs
ebed79aa3a388bce75463b27ccafa8c073beaf9abac52f52edac6ba122cbca9d	10639	644	SORGENTE_SISTEMA/cassa-frontend/scripts/parse-latency-logs.mjs
d728744a94e46d2a3ff306495888e2ec52a8cba17eea6f6af8043772d8c0e700	54043	644	SORGENTE_SISTEMA/cassa-frontend/scripts/phase-p-validation-preflight.mjs
ad126e7a7bae9de868df1e0638d5eac58cd3e7c5d50774f26f97b4ef01262ad1	18576	644	SORGENTE_SISTEMA/cassa-frontend/scripts/phase0-tools.test.mjs
0cf5150f461ac73ef39bba16f007be0bb96e3e01dce6d46a97f12136f7dcb984	22266	644	SORGENTE_SISTEMA/cassa-frontend/scripts/print-runtime-profile.mjs
d8787a3a9c21e6e5c7d2113f246a0bf0addcfad819353388ddce65ada7ab7f0c	13757	644	SORGENTE_SISTEMA/cassa-frontend/scripts/real-boundary-maxisimulation.mjs
547ee09e787b178faee51d478045728123e3bf325db1747a4b9faee6f8fb97bb	17985	644	SORGENTE_SISTEMA/cassa-frontend/scripts/realtime-gateway-canary.mjs
ffa052e1bced58d0e71b1a4b139d92953558aa465c65e346feb266b2a46b376d	11594	644	SORGENTE_SISTEMA/cassa-frontend/scripts/release-package.mjs
cf867d3a903f129b1ca47af4b3637a49d6e89336ce216cddb275ab293a5d44f5	23239	644	SORGENTE_SISTEMA/cassa-frontend/scripts/reservations-write-audit-canary.mjs
c023e82a58604e3becddc06ca6fe928f4fa5310639da55bfc7632a81c87b9220	13215	755	SORGENTE_SISTEMA/cassa-frontend/scripts/run-p4-load100-raspberry.sh
4e31bade7f2abad1596fb526cf989ff2425fef6e365768f45a54d0a3c8c6634e	11622	644	SORGENTE_SISTEMA/cassa-frontend/scripts/run-p5-endurance-25k.mjs
034b7e5f8b8b8bcff751d9684bb17b0f0ec131a67a36790fbd186c4ffebdcdb7	54429	644	SORGENTE_SISTEMA/cassa-frontend/scripts/run-v5bt-b4-web-gui-lab.mjs
1b3ffa1f439c70c22489eb48b74a67edf1e1267e1d9b213ceead7653cade44db	17807	644	SORGENTE_SISTEMA/cassa-frontend/scripts/run-v5bt-b4-web-gui-lab.test.mjs
3373266480443fe5768678f4b1f990876caa4b16c62249643d37057a659c4d7f	28413	644	SORGENTE_SISTEMA/cassa-frontend/scripts/run-v5bt-operations-30.mjs
04efe824b7d5b050e8bd52fb137f98bb577533ac68d5eede3ce33ea651b04332	5817	644	SORGENTE_SISTEMA/cassa-frontend/scripts/seed-commercial-workstations.mjs
99f820f71342f0bc351d2c95af0ae2db0e4fe798c6ac697eb4558c4b3039666f	11410	644	SORGENTE_SISTEMA/cassa-frontend/scripts/staging-smoke.mjs
d1ff26a9f9a58940d54c308e3ddf9d9b158954fb102f84433b4da2b0c9383465	26855	644	SORGENTE_SISTEMA/cassa-frontend/scripts/state-machine-ab-canary.mjs
17e85a74fed9550f0859f03b0d1513677a10d2a0e2397b7848d40dd2a437099c	9638	644	SORGENTE_SISTEMA/cassa-frontend/scripts/station-orders-scoped-load.mjs
0578da171f28ebce7af08cf4707c111a297bb5d24511c99a7252c19d533eb730	4309	644	SORGENTE_SISTEMA/cassa-frontend/scripts/sync-default-drink-premium-menu.mjs
aeeab0e4725f0128cf06fa43a70f9be39baf2fc3e0abf0d277594021f610f72c	6355	644	SORGENTE_SISTEMA/cassa-frontend/scripts/table-lock-cross-process-contention-canary.mjs
d8be65f277ffa82113406a5e8962544183a6b59a4b1a65b6c0c88a24c82fb3f7	8030	644	SORGENTE_SISTEMA/cassa-frontend/scripts/table-lock-worker-canary.mjs
87c76bcf2c9757275873d6d6d7d2143c469988673f6cf3a04336d6c2daec6180	11278	644	SORGENTE_SISTEMA/cassa-frontend/scripts/tables-read-primary-equivalence-canary.mjs
f2e0c3a057e210ae62ff378232f3a0aaafb57036278f973da43d04e4bfac6630	27585	644	SORGENTE_SISTEMA/cassa-frontend/scripts/tables-rooms-write-audit-canary.mjs
fd760aab1f928c2cdf1dd18a18321595734c55dc1b0f4de1714ba8188884c578	947	644	SORGENTE_SISTEMA/cassa-frontend/scripts/test-fixtures/performance-baseline-sample.ndjson
371a0aafa907e7c2bf26e1a20a87df961ea02b35a342d5161c7ec6f94cdc7e55	4862	644	SORGENTE_SISTEMA/cassa-frontend/scripts/v5bt-auto-print-owner-gate.mjs
815d8163f6031439b2d548c549a61371ccedb61995af682467e1668b0e9aad13	6387	644	SORGENTE_SISTEMA/cassa-frontend/scripts/v5bt-auto-print-owner-gate.test.mjs
47af09bbd01c7e1c1fd4a196d604248bed3be84a2f6d6718e9c7c03c44adf439	69964	644	SORGENTE_SISTEMA/cassa-frontend/scripts/v5bt-b4-web-workload.mjs
c0d766e64e4717d4bbf925dc87655c0237473f93ae8170c78b275766c4f76f34	26000	644	SORGENTE_SISTEMA/cassa-frontend/scripts/v5bt-b4-web-workload.test.mjs
2c1f522a354f5e6d056b3e310b054efc6241b840455bfa77988c360ccb606c73	14763	644	SORGENTE_SISTEMA/cassa-frontend/scripts/v5bt-b5-web-pilot.mjs
e84b0e8ad5488d83c738a47a31a1d1bb1326c43cff3337ee24d75a1ec3480fb0	4298	644	SORGENTE_SISTEMA/cassa-frontend/scripts/v5bt-b5-web-pilot.test.mjs
8b63bf8d5a5f4f6a4ddbfacfbe495c978930897c06499d1194871b3fc2461ffb	652	644	SORGENTE_SISTEMA/cassa-frontend/scripts/v5bt-fixture-table-cycle.mjs
7d222feddeb870676f3536541075ec567e55d6f1360b50365f1a091d643e7f79	4804	644	SORGENTE_SISTEMA/cassa-frontend/scripts/v5bt-host-pressure-preflight.mjs
86c96b20ed44a8be01fc689eeba3150692d8ce4b027f7ffc0d09b4706dcbf8f6	5730	644	SORGENTE_SISTEMA/cassa-frontend/scripts/v5bt-host-pressure-preflight.test.mjs
9482036e7a0ac287b71a1de93f49eb11794ceda09e5648ac34a3504c91949322	16044	644	SORGENTE_SISTEMA/cassa-frontend/scripts/v5bt-latency-attribution.mjs
be0ed4bd94a74ace2a4fb7a75f773d217e2cdb715274335274e388058aa62aa6	9241	644	SORGENTE_SISTEMA/cassa-frontend/scripts/v5bt-latency-attribution.test.mjs
c197a77ab7709d3f489e9f110e9b04b9105ca38cfb1e54c6b5d1f344e11438f6	2305	644	SORGENTE_SISTEMA/cassa-frontend/scripts/v5bt-mobile-action-retry.mjs
20bbbca544920754e10abaf12872258a597be295dbc0dcb236e4558bbec6392d	4285	644	SORGENTE_SISTEMA/cassa-frontend/scripts/v5bt-mobile-action-retry.test.mjs
505fdb2162418dcf852fc4b937d2272fe4b34df71c39b27b5487083e5565dd30	62318	644	SORGENTE_SISTEMA/cassa-frontend/scripts/v5bt-operations-contract.test.mjs
e64038d4770d4115f1700a4402b25c7e84dfbd50bc0d8742026ac932c074af73	5988	644	SORGENTE_SISTEMA/cassa-frontend/scripts/v5bt-operations-gates.mjs
d218517c0f61ec1227e011003afcce0e16526945292a1670b67e870c417fe7b5	4168	644	SORGENTE_SISTEMA/cassa-frontend/scripts/v5bt-operations-gates.test.mjs
f315035f0b5b1928faa089a198e0144e5f9b0a7dbf20a1e0836fc95172d9d78c	41208	644	SORGENTE_SISTEMA/cassa-frontend/scripts/v5bt-operations-readiness.mjs
fa1a2429c6368d685c68d86e10b402ee4b1adabba8195f53e4031bb6c674ce2d	16514	644	SORGENTE_SISTEMA/cassa-frontend/scripts/v5bt-operations-readiness.test.mjs
4484a2437a3299dec2edf45752ce360008e1e6cc9cd8bb18130af519578c4d1c	18116	644	SORGENTE_SISTEMA/cassa-frontend/scripts/v5bt-operations-scheduler.mjs
8c5485be8731ebf57a582e2efb2eb827a13efeb9827a6f7caef90ab3087d886b	17852	644	SORGENTE_SISTEMA/cassa-frontend/scripts/v5bt-operations-scheduler.test.mjs
2296d6b3ffb36fe4894dd88b41ae7287b7c49b33fe38c721efa8dbb68f7e49fe	1398	644	SORGENTE_SISTEMA/cassa-frontend/scripts/v5bt-order-create-retry.mjs
056b27abba4469dc7733e415d034d66bc05fc17387330dde6e5c625fb5a3bc04	2348	644	SORGENTE_SISTEMA/cassa-frontend/scripts/v5bt-order-create-retry.test.mjs
22e9f3a552bbdd58c2dd0b5a0068555adce2f8f8771c7600d526e8d7ef0e471c	3401	644	SORGENTE_SISTEMA/cassa-frontend/scripts/v5bt-order-table-acquisition.mjs
6b92a86437b5ce925f01310871e4d88273e07760eaa7033a45b4c33149473c8a	3140	644	SORGENTE_SISTEMA/cassa-frontend/scripts/v5bt-order-table-acquisition.test.mjs
fae98a039b4a11ed7c4383e28acb1ed6d9a17c02179da8dd613bf6a8be5aa70d	3547	644	SORGENTE_SISTEMA/cassa-frontend/scripts/v5bt-order-table-capacity.mjs
06812cafce68ca2cb38a7a024744a1916078f1a97d2c1f8bafba524d421ef085	3878	644	SORGENTE_SISTEMA/cassa-frontend/scripts/v5bt-order-table-capacity.test.mjs
c06b74a9a51b30224f6ec5ea228d67db377cafb36bc938d02ef4bdac77a65c68	1469	644	SORGENTE_SISTEMA/cassa-frontend/scripts/v5bt-outbox-drain-lifecycle.test.mjs
0aede7c4a743b2cc7631feb7a332b4a2e67f417a991ee17147122d9746db675e	4562	644	SORGENTE_SISTEMA/cassa-frontend/scripts/v5bt-station-state-last-write-gate.mjs
1e58499e21825268b18bd8490c1dbf20f93bedbbe3b12fc0814af13b4821164d	7253	644	SORGENTE_SISTEMA/cassa-frontend/scripts/v5bt-station-state-last-write-gate.test.mjs
f17aad5fe20c599daedd0031068a1cfd9b10b061f5eb8a0ee03d5eb811660dc2	3484	644	SORGENTE_SISTEMA/cassa-frontend/scripts/v5bt-station-state-marker-gate.mjs
9f0878d5e05e3d4cbc53e8bdde26167d61b5686d8548c77f7c4c950a6e8d7abe	3485	644	SORGENTE_SISTEMA/cassa-frontend/scripts/v5bt-station-state-marker-gate.test.mjs
7ee7f8a9d79b92298a50774f14ec2c97d953d4b5b355a3a7360187cc5cda4be1	1099	644	SORGENTE_SISTEMA/cassa-frontend/scripts/v5bt-station-workflow-reservation.mjs
4a543d77caa06e1f964ef793aba2bdb1211ecd5b36bf1ae2336bd5176391acf3	1393	644	SORGENTE_SISTEMA/cassa-frontend/scripts/v5bt-station-workflow-reservation.test.mjs
f4f05b4909cb505fc7bd4319691648fe11c6d176caec31081817c65a55bf1db9	2551	644	SORGENTE_SISTEMA/cassa-frontend/scripts/validate-static-dist.mjs
7692260fa93f11f8839a2aae1e27749b2981709ed16089542620b0b0f5fa173e	3794	644	SORGENTE_SISTEMA/cassa-frontend/scripts/validate-static-frontends.mjs
20ace4b43f9a4e1969f89c13ecd3b8c8db59010974391e4efd4d54e93c33adeb	316	644	SORGENTE_SISTEMA/cassa-frontend/tsconfig.json
5b715c5762b5594cc1bac22f88f154fa2a91719e82b3ac53d470e9da22e9a0e4	4624	644	SORGENTE_SISTEMA/docs/architecture/ADR-0001-modular-monolith.md
045bcb821858f7de47f526dbfb9ccdb34264cd76e479af47cd82831901b648cc	3500	644	SORGENTE_SISTEMA/docs/architecture/ADR-0002-modular-monolith-revision-20260703.md
89e932a3137fa6df9948fe1a50de98ebff56bf9775abce62c906a04ed842fd26	6806	644	SORGENTE_SISTEMA/docs/architecture/HANDOFF_GATEWAY_RESET_RESTART_CASSA_AUTOMATICA.md
ff7b04210cfe2881551f595a89ebca1ff8d7fc451de46ab5f46d1d898db2e7be	8697	644	SORGENTE_SISTEMA/docs/architecture/PHASE0_BASELINE_v4.1.0.md
d26cb89ee2525dcf9c8d627f81878213f6d6b8e487c938bfa6e1145bd314bec4	2555	644	SORGENTE_SISTEMA/docs/architecture/PHASE0_GATE_RESULTS_v4.1.0.md
ccd7cd563ce82d5864aef742c944dde0e49e6774add84ee0c490bfc3d6a49bdc	2090	644	SORGENTE_SISTEMA/docs/architecture/PHASE1_GATE_RESULTS_v4.1.0.md
4900ab710ce09d7f0f96579f247fb169028c38ee6ac8ee2bc2ab8d78b024742e	2606	644	SORGENTE_SISTEMA/docs/architecture/PHASE1_RELEASE_GUARDRAILS_v4.1.0.md
c356adf5dd4478608025368d7d8c9c4af53ab30590b4a4d53455e1358685050e	44059	644	SORGENTE_SISTEMA/docs/architecture/config-surface-v4.1.0.json
252d37820a4590b8888a53a922d364c6a5a27a77fa7541b587e9fa53c87d34ed	6140	644	SORGENTE_SISTEMA/docs/architecture/db-domain-map-v4.1.0.json
27dd2b29fc934b23342eff66d781a0f8bb03a99d80bb688bf45076e41c82c218	161043	644	SORGENTE_SISTEMA/docs/architecture/phase0-baseline-v4.1.0.json
79ccce4b67cd4291e7bad40a66a06cf4ad6a8facb3ac69169f521ed5891ce107	84246	644	SORGENTE_SISTEMA/docs/architecture/route-map-v4.1.0.json
76f34a066a57a4fc59efb3dc2df006cb784c6823353d6b420377483727eac363	233	644	SORGENTE_SISTEMA/mobile-frontend/.env.example
f2256b0af1e7cf561363603b1199ec5e5e479e772b4eeea9646568e81e25deca	209	644	SORGENTE_SISTEMA/mobile-frontend/.gitignore
3180322bc1b0adc0a85b26ac4095b065756bc9c5a7ed4f4b64eb6d7d1e3f10bd	172	644	SORGENTE_SISTEMA/mobile-frontend/.prettierignore
fc9eab59b6abdbe67e849f53c17cda4fab1990e5cc91f5fee9f3bb7225af4c5e	50	644	SORGENTE_SISTEMA/mobile-frontend/.prettierrc.json
4b2391c7c58aaa92f0dad2b9033f132738a317b33da1c6a2d6d6879156c1d10d	1138	644	SORGENTE_SISTEMA/mobile-frontend/AGENTS.md
965a93f1640865aa62ad822ca20c1791df696bfb791a125cb80c390b46a4d263	4324	644	SORGENTE_SISTEMA/mobile-frontend/CONTESTO_FRONTENDV2_CODEX.md
edfaab2bb738c349bde2d6ef2a759cb74c04daf6c7dd3a5f5158a74970020428	900	644	SORGENTE_SISTEMA/mobile-frontend/README.md
e3b0c44298fc1c149afbf4c8996fb92427ae41e4649b934ca495991b7852b855	0	600	SORGENTE_SISTEMA/mobile-frontend/dist/.gitkeep
0dbe1a92bda5893ef815bd308901f4dab90fa0539e045357880bd7c24aa6f420	53146	600	SORGENTE_SISTEMA/mobile-frontend/dist/assets/AnalyticsWorkspace-M7ilSNvP.js
d7a4edc01283bcbd5fe97939ddb2eb52e0f143a09061a18d38e9df7a21eb3ca7	1893	600	SORGENTE_SISTEMA/mobile-frontend/dist/assets/GlassDropdown-dzwHIIK6.js
c097109c47fb9fbc06567244b5103760eb78dcd83f4002690b5811ad6e3fb4c6	81495	600	SORGENTE_SISTEMA/mobile-frontend/dist/assets/HomePage-BOUoqv1s.js
f73be44d30def8cb8bdf5525aa19bc9590bc70b498c417a534604a91af0fae07	18606	600	SORGENTE_SISTEMA/mobile-frontend/dist/assets/MenuWorkspace-CeQmwJ8j.js
68628f42defcae12b1d5dad3e9b9801d579a31acb00f8cdf6bab7a32bff57b6e	54407	600	SORGENTE_SISTEMA/mobile-frontend/dist/assets/PaymentSettlementSection-xJ3IeuWu.js
d2fdbeec5c93191346be49488b46d152cc1d9278bd8c881164721cec040758fe	60734	600	SORGENTE_SISTEMA/mobile-frontend/dist/assets/PaymentsPage-DgcHMlGm.js
40298ca661d2da08c4ae8eb7d2a57adac2658ad8e3e24796aca9ba240b684707	6692	600	SORGENTE_SISTEMA/mobile-frontend/dist/assets/ProfilePage-wJfndKLz.js
0e804c575b07c8212a08eca9db7a1604fa2bc012ce9b6ca648bb535483308e5c	4693	600	SORGENTE_SISTEMA/mobile-frontend/dist/assets/QrCameraScanner-xP0aaQg2.js
b2f3e87c97d540dcbb437e402d879b7c14d066f244b78879fcb1000846326fdd	11518	600	SORGENTE_SISTEMA/mobile-frontend/dist/assets/RadioPage-CKN6zY8R.js
9e8d056ecea30be2aeef142604ccb4be4c32d0419a4d7c831989917a99d2b125	36006	600	SORGENTE_SISTEMA/mobile-frontend/dist/assets/ReservationsWorkspace-DnMbhzpb.js
65ce7640b3d6bb990796e8055915fe9d6339521f929508856b96589550e126fc	17919	600	SORGENTE_SISTEMA/mobile-frontend/dist/assets/SettingsPage-BGFbsb2W.js
b3879c48fa5574ed284ec002cae87d3580daafdb14bdda61a66500d6a7229643	3400	600	SORGENTE_SISTEMA/mobile-frontend/dist/assets/SwipeBackHomePreview-ZAwF4vwu.js
076a421e880da3e13689c7c68e0ff9c6f6ecd74fecd4772a9c754f925acd2c4e	257576	600	SORGENTE_SISTEMA/mobile-frontend/dist/assets/TablesWorkspace-Bbmkmbv3.js
05f6e9d88eaa43355249a687bab59e51e7b480a4411776de87edb9233f597401	91044	600	SORGENTE_SISTEMA/mobile-frontend/dist/assets/agenzia-entrate-BDim6g-4.png
f5c24e00a9af0f1f378f9ffdb6e11fc1a14eb78ce7ab9886a6bb5e695e5e1a57	47447	600	SORGENTE_SISTEMA/mobile-frontend/dist/assets/allergen-arachidi.png
393f511c5055c38f53d993e871183d8f8938e7865b1092c5dcfc017e5c2fa365	12392	600	SORGENTE_SISTEMA/mobile-frontend/dist/assets/allergen-crostacei.png
a26be95d1557ce3cb7ef10210e4ff5453da39f8252bbc54fe14629ce4c33c2a7	40209	600	SORGENTE_SISTEMA/mobile-frontend/dist/assets/allergen-frutta-a-guscio.png
6b305533a73b071bd7c6e4be078f369392ac2d681510bbfba7ae5a055d2f56b9	22569	600	SORGENTE_SISTEMA/mobile-frontend/dist/assets/allergen-glutine.png
7d68c9795a7ac198c147690b08c69b628addbe478fa00e14dc6a296c5c1f5c51	14760	600	SORGENTE_SISTEMA/mobile-frontend/dist/assets/allergen-latte.png
6bc727ee24057cc9840544e2fb1e2f16941f95f34f02cbadc91d703ecd57a376	40615	600	SORGENTE_SISTEMA/mobile-frontend/dist/assets/allergen-lupini.png
dd38699c612fc613aebd1ec9557232be88ea884e3e48bd832b60728f6bd5d9f6	40902	600	SORGENTE_SISTEMA/mobile-frontend/dist/assets/allergen-molluschi.png
43afba1338b44b3904c2bc3d87c15d06b7deda226473e1790d88652256e128ba	19797	600	SORGENTE_SISTEMA/mobile-frontend/dist/assets/allergen-pesce.png
3a26fe3f2aba9cf6865ad5e656b89b4d0f6a3366e41e71fa6463d6d912e4577e	60334	600	SORGENTE_SISTEMA/mobile-frontend/dist/assets/allergen-sedano.png
e3932adc5b7c6a3eb7b115cdeb7ba6c50148fbd8635a479320f5a05ba44dc315	22521	600	SORGENTE_SISTEMA/mobile-frontend/dist/assets/allergen-senape.png
d00d4d3398bf3728debe08a32a285e70b0551e9c393fe1d7ee781b395228eed6	34865	600	SORGENTE_SISTEMA/mobile-frontend/dist/assets/allergen-sesamo.png
1b6c9846229fdb468947f9845def483c023a361074e00b21b622acd9ad405111	47431	600	SORGENTE_SISTEMA/mobile-frontend/dist/assets/allergen-soia.png
3c8a36251bc6f9b532ff737a45ecbf9cf0737cbccc79f8bdef5d104793ccbe69	33431	600	SORGENTE_SISTEMA/mobile-frontend/dist/assets/allergen-solfiti.png
a357b319f1dbe9eb5e187a6b0431c404d3494431f689ed22b0add3ce5f667dea	11583	600	SORGENTE_SISTEMA/mobile-frontend/dist/assets/allergen-uova.png
41b724090664744a5878c54d2f0ca80f2884d81b91a29753ef5cb026f94b65b1	14982	600	SORGENTE_SISTEMA/mobile-frontend/dist/assets/analyticsPaymentMovements-DrXcIokA.js
d96b796f8d6befa655d2df929ed3df7486086d76a3d128bbe2678109e5063e4e	252082	600	SORGENTE_SISTEMA/mobile-frontend/dist/assets/angry-9beoPkl7.png
8d3a0a8f395d5ecb91a25de463796300bcd2f489a92b992fdff281fdd8c3fa9e	41074	600	SORGENTE_SISTEMA/mobile-frontend/dist/assets/arrivati.png
bbf993d412f3d13e3a17c670a0c09da8f896f96b9053f838af0fa281d48d39a2	69269	600	SORGENTE_SISTEMA/mobile-frontend/dist/assets/articolo-D0LL91QD.png
18da372f917b31291fbcee65e69c5d43b6ef402a2d4c2cb7d7622b52ddbcbb38	4203	600	SORGENTE_SISTEMA/mobile-frontend/dist/assets/automaticCashErrors-C_qGP3pD.js
c002797b0269403c09543a41d89176724041405abd157be1ef568804a96b871f	6111	600	SORGENTE_SISTEMA/mobile-frontend/dist/assets/banco-CO_GxRSc.png
97440a345948c14fc3def09d484d5750255a45c97a8df6d10d5d28a611d8a2e1	15382	600	SORGENTE_SISTEMA/mobile-frontend/dist/assets/bookings-gN9JURSU.png
addfc17dbd34fea6044bbede7e360247653e2977f34b59122265ae1acbe222a5	11556	600	SORGENTE_SISTEMA/mobile-frontend/dist/assets/brokenglass.png
dcb19b32be8f2a6d52ee6e332d1a3e22c7e0e09daeb137269470ce25170ddfcd	8994	600	SORGENTE_SISTEMA/mobile-frontend/dist/assets/cancel.png
d57f61cadba8821ddccfa557580f3872e41adcc0fbb424f168a531c6d4075002	65201	600	SORGENTE_SISTEMA/mobile-frontend/dist/assets/contounico-Oev6ZsFI.png
23d487fbfee008faf95a0c5cbe4fccbf9e69220a68ffa2e438c0c9799c5d2c93	439	600	SORGENTE_SISTEMA/mobile-frontend/dist/assets/currency-DbII_JAp.js
323a445f9770239d857fe257d959c9fdfeda4b744eb9fbb9be8e3c0c583b0a42	709	600	SORGENTE_SISTEMA/mobile-frontend/dist/assets/edgeSwipeBackPolicy-D8BIKy4i.js
f2b85f9c44c7f5821e262c77347b27edb9aac418e109d3b01d9cfce363913ef3	259135	600	SORGENTE_SISTEMA/mobile-frontend/dist/assets/happy-DRFLFAJV.png
6c72345e23658af23230220c4c4603dc94115fd715b684028963c9fc7f061161	6259	600	SORGENTE_SISTEMA/mobile-frontend/dist/assets/home-Dzx5QTpF.png
ec15885b4a46ee66747c18250473c160c3581d0df62cdecd86f86b94cb374d69	61253	600	SORGENTE_SISTEMA/mobile-frontend/dist/assets/importolibero-7_JWczCc.png
2d0ebcf617ad1d6ad8b16b84fd42acda0e5448ae44931178553be5727cbb9c2f	434310	600	SORGENTE_SISTEMA/mobile-frontend/dist/assets/index-By4MrQFB.css
3e7007ecf1846f45ccb008430e3a60aa408fd3e4b352f4f3704ec82c5740d062	496360	600	SORGENTE_SISTEMA/mobile-frontend/dist/assets/index-giLSj8ZY.js
efb527de987994b665d59945c9a57dca99b6a6f4c566083f61b25119358d1a21	5029	600	SORGENTE_SISTEMA/mobile-frontend/dist/assets/indietro-kElIJVtR.js
438bee6ae55aae858f66f27f15c5f6a31f095b7badcd56d840dc261d898abbc0	1429	600	SORGENTE_SISTEMA/mobile-frontend/dist/assets/intoleranceTokens-8MRVNbTW.js
59825ff8a9b78c9501c34d6477d9e33d192d203440f1582e927541566a9a690e	85134	600	SORGENTE_SISTEMA/mobile-frontend/dist/assets/logout-BtFqvS39.png
374ec20f2e983f686b7ac1234f642e868f9aae2c84775a79ca62f09265b68221	7190	600	SORGENTE_SISTEMA/mobile-frontend/dist/assets/menu-_lm1QSPy.png
066793ac1d1cbb6b79736d976d1812a28d039793fc63bdc1e74a3d212a2547c5	3735	600	SORGENTE_SISTEMA/mobile-frontend/dist/assets/menu-back-indietro.png
e047e11688301286bfb28358ba8291cd74afad9e2b567354521dfa4362cf40f0	559	600	SORGENTE_SISTEMA/mobile-frontend/dist/assets/menuStationBadgePreferences-Ds4ziOGE.js
26ff84e646db07d7031a4b62b817a5298f359a6841287811cda7b6d34ec8bcde	1035	600	SORGENTE_SISTEMA/mobile-frontend/dist/assets/mobile-analytics-overrides.css
39e07c231090b84f5ff78a55ddaaf6a1aa7e0540a8f98c94a5864af1d8ef108c	3074	600	SORGENTE_SISTEMA/mobile-frontend/dist/assets/mobile-battery-widget.css
1ae9fb50d1ae3fcfefa3b8cafdf5af7fe00c22ea540b111037dc16ff633b7fe8	12600	600	SORGENTE_SISTEMA/mobile-frontend/dist/assets/mobile-dropdown-overrides.css
60f30399977b90acdf0ac035e1a92138d9a9ecfd70071a1826a12740ed7dabf4	15497	600	SORGENTE_SISTEMA/mobile-frontend/dist/assets/mobile-home-dashboard-overrides.css
3f5aea92d17df5cea3569376150cca1b2960232e96cc7e1b33622a91ce581455	1803	600	SORGENTE_SISTEMA/mobile-frontend/dist/assets/mobile-menu-availability-overrides.css
01ace0327b3f34993723cfe4cbffa101251ce47fc0ce27467dbe1f6d315fc64b	631	600	SORGENTE_SISTEMA/mobile-frontend/dist/assets/mobile-menu-category-badge.css
47866d332883875db9aaebc4b4ba0b102bb17708c6697f9d0e965bc6b983915e	860	600	SORGENTE_SISTEMA/mobile-frontend/dist/assets/mobile-menu-department-badge.css
0b757ec01e4283052af478dfa16a7abbfd6b8dd736047318f6bdd1ebe7cca144	1423	600	SORGENTE_SISTEMA/mobile-frontend/dist/assets/mobile-menu-section-dividers.css
911a2d3382f93915757f9f030ad9bfa77affd304ca894a48deabf908e11b9e1e	14166	600	SORGENTE_SISTEMA/mobile-frontend/dist/assets/mobile-night-modal-overrides.css
fc813e2b0ed6a660f7fad2a7017b57089cfde8853b056e127e339a219d06d147	1824	600	SORGENTE_SISTEMA/mobile-frontend/dist/assets/mobile-order-composer-draft-badge.css
da46779d1b82a440ed1759de2579f7ed7126c5be956a22acd437fc9044efe61f	1760	600	SORGENTE_SISTEMA/mobile-frontend/dist/assets/mobile-order-history-contrast.css
1a32e35c4188a5ae83cbdb0660b649055a1d9b0c12039dc94b2ff7dc7ac470c1	5954	600	SORGENTE_SISTEMA/mobile-frontend/dist/assets/mobile-order-history-print-buttons.css
d57937fcba6329014e0f2c21f57ed5e0540a255597c6bb08dc96eef608b16fed	13965	600	SORGENTE_SISTEMA/mobile-frontend/dist/assets/mobile-order-payment-layout-fix.css
ec663e6be17c5321c486e4c56c521f5afd9a91d3a06878187e159d256a834fb0	58225	600	SORGENTE_SISTEMA/mobile-frontend/dist/assets/mobile-order-service-recovery.css
dbf9b9145b031223479f1ffc2f8c2088a6ef6ea6067ebed22af95b4482c79598	474	600	SORGENTE_SISTEMA/mobile-frontend/dist/assets/mobile-order-touch-interactions.css
b96f03f16c876aee387381f165018e381818e6230d0052f315b4d0415ab6b3aa	10453	600	SORGENTE_SISTEMA/mobile-frontend/dist/assets/mobile-payments-settlement-overrides.css
57f6e852ae0c0075bd7909c12917e1bd9e5ad2f0a0ca40426c2d6e4b0d50729c	858	600	SORGENTE_SISTEMA/mobile-frontend/dist/assets/mobile-product-image-overrides.css
0486e8098c3b888d4ed646ac779a8d2598b53e4f89b87d7499c2ab07f827d228	2109	600	SORGENTE_SISTEMA/mobile-frontend/dist/assets/mobile-product-press-feedback.css
4a7aa5be5ee590a748319335ceb954ffbce2d576e49656bc4e5a6fc58dce410d	3812	600	SORGENTE_SISTEMA/mobile-frontend/dist/assets/mobile-reservations-header-overrides.css
e80822afdfd7b7cf86e91686e5ddf0698751ce38633453e49e6e776124963758	16238	600	SORGENTE_SISTEMA/mobile-frontend/dist/assets/mobile-table-groups-overrides.css
d4dcf3c24cbc8aa58f0804bebd186a9b797c12c732ea14ccee7e0b05a3ffc829	2866	600	SORGENTE_SISTEMA/mobile-frontend/dist/assets/mobile-table-lock-modal.css
c0d01f42c6d03274cde26fdae79b07c4fbb9fb9891442d3c20a126f8299a3c8d	7663	600	SORGENTE_SISTEMA/mobile-frontend/dist/assets/mobile-user-menu-overrides.css
fdd6d173a439a9da9b408a9f37df4ab18ededb6334b9f4985323ef3de44f6353	2197	600	SORGENTE_SISTEMA/mobile-frontend/dist/assets/noshow.png
7fcb9fe40d7ff2f58ac6892288ae9a1565c6b532b0f7791d1484488d779b51b7	5263	600	SORGENTE_SISTEMA/mobile-frontend/dist/assets/notifications-IMYL541L.png
066793ac1d1cbb6b79736d976d1812a28d039793fc63bdc1e74a3d212a2547c5	3735	600	SORGENTE_SISTEMA/mobile-frontend/dist/assets/payment-back-indietro.png
55ebd1a8e2098db10587dabf3ff401be6a75b7ea6c85dc8c27b02d48e49b565e	2279	600	SORGENTE_SISTEMA/mobile-frontend/dist/assets/paymentSettlementEndpoints-CznfktW3.js
e80cc51969579aeba0086043c72c4a8c64633e19da40b2b0b0c25b7c12d13b8f	1218	600	SORGENTE_SISTEMA/mobile-frontend/dist/assets/productSearch-DaqTs-hB.js
f6c979703a5e535b0c638ba4adfbbd82df63f9a4f00e8a882e144ef574d1c27f	8634	600	SORGENTE_SISTEMA/mobile-frontend/dist/assets/profile-RJh5DvTu.png
b706ba69be011a11dd282421f9acbb8866484176797db766dc8a17ee4b2e6e55	71185	600	SORGENTE_SISTEMA/mobile-frontend/dist/assets/romana-mL0XYhg3.png
96d3e5087f30c4ed9e58ebacc7ed6ab4e31dd14f344a00ffcfa9bd43b159db14	271985	600	SORGENTE_SISTEMA/mobile-frontend/dist/assets/sad-B3UYy2SR.png
166909e22fea8ba5c3ee98f2330e9f8fb0ad7b859f55c105230aa4f48ef699de	7506	600	SORGENTE_SISTEMA/mobile-frontend/dist/assets/settings-C51qpZKJ.png
3b99e619626bff6a7f84277aa14187b7f361bcdca542d1ae6bebb02bf3c943d4	6459	600	SORGENTE_SISTEMA/mobile-frontend/dist/assets/stats-BbPI65Ns.png
82f937cc7cce0a13ee78a0e13ee3d699be583d1b707424b71260207731fa4a3a	1370	600	SORGENTE_SISTEMA/mobile-frontend/dist/assets/tableFilterPreferences-c5s5AgNS.js
b36331ed088a2f7862ea6b080b6c2a646d546671e0e9ddb67300bf0f9a1faf45	5775	600	SORGENTE_SISTEMA/mobile-frontend/dist/assets/useThemeMode-DKLuAM7u.js
89834e93413f28e46a70b6af1a1930b9821997c84d42ec5fc73d0344817fc1bc	264	600	SORGENTE_SISTEMA/mobile-frontend/dist/config.json
a7b63a8fc1d02f1c5ff0244b3910a9eb2e236e1766248909a0f05a3b0f56b2a5	251	600	SORGENTE_SISTEMA/mobile-frontend/dist/favicon.svg
df200e6e54a31b89b88b9f68a4c53fcb9fc546f72b4cb086d45d2592672273fe	3878	600	SORGENTE_SISTEMA/mobile-frontend/dist/index.html
19e5dcfa10b33c697c77ab9ebcb52a9487fb89ef2a267ac35c895714f09b47a3	2950	600	SORGENTE_SISTEMA/mobile-frontend/dist/mic-test.html
43d543a552a94edc04536bf6b78f1c1e1795623e596484c3e25378a111931969	1618	600	SORGENTE_SISTEMA/mobile-frontend/dist/radio-capture-worklet.js
d7489d22c1910c0f83c3ac845c68bff3c2f90f0958ea95c226a31412a3ff60f2	3231	600	SORGENTE_SISTEMA/mobile-frontend/dist/radio-playback-worklet.js
65fff46efc7524a7992804da3caa3ba3b59d4cf4a98c0caf92095f931fdf7d8c	2001	644	SORGENTE_SISTEMA/mobile-frontend/docs/lan-https.md
9ff63b94cd1435d2e651ef36e45e6cff8cf83dea781b3c093a8031051c0fdf0f	4646	644	SORGENTE_SISTEMA/mobile-frontend/docs/mobile-frontend-v2/ARCHITECTURE.md
9c49cdc584b6db4824046c691974592bf95b30ed56bed7de12adcc7f8c0da8b9	9380	644	SORGENTE_SISTEMA/mobile-frontend/docs/mobile-frontend-v2/BRIDGE_RETIREMENT_PLAN.md
2961c799a7c624e7effac2752675b3f263828db4308bda084f8935a491c668c1	68039	644	SORGENTE_SISTEMA/mobile-frontend/docs/mobile-frontend-v2/CODEX_HANDOFF.md
940cab9f45da4049f0ac49a9cc2acf72f6862b1a60b7575a6602d51ce2a3aac5	1225	644	SORGENTE_SISTEMA/mobile-frontend/docs/mobile-frontend-v2/CODING_STANDARD.md
8d86ffd754bca6f0b97b1d8523b657a6d8a61e777dd454b93cdd912a0dc17ac0	1283	644	SORGENTE_SISTEMA/mobile-frontend/docs/mobile-frontend-v2/QUALITY_GATES.md
5b3c73e80852fb8a6e1e472f4e89f97cd742dac2618b5f3e55083d4318061690	6326	644	SORGENTE_SISTEMA/mobile-frontend/docs/mobile-frontend-v2/V1_BRIDGE_NATIVE_IMPORT.md
3b1212ca110d479f70ac244067b6d5657a53bd518fbece3722a3497b822318e9	1030	644	SORGENTE_SISTEMA/mobile-frontend/docs/mobile-frontend-v2/VISUAL_PARITY.md
49aa6990a1a864ab0792d7ad2bda00a93ef73ed664a8f9bf35884b401e56f3df	1940	644	SORGENTE_SISTEMA/mobile-frontend/eslint.config.js
823c357917b833cf3ea96ba2452f9d2cca076d80c62c730348cdf0727a2ea3ba	1393	644	SORGENTE_SISTEMA/mobile-frontend/index.html
26ff84e646db07d7031a4b62b817a5298f359a6841287811cda7b6d34ec8bcde	1035	644	SORGENTE_SISTEMA/mobile-frontend/legacy-mobile-assets/assets/mobile-analytics-overrides.css
78982489ad98f10356655a676b2d9a94589c46c10eb56c0355fe2e54ebc85de6	7965	644	SORGENTE_SISTEMA/mobile-frontend/legacy-mobile-assets/assets/mobile-battery-widget.js
57bdff62a12905f5b36b6c0a37351b61f933118467ce704783b7f9e90150b862	3975	644	SORGENTE_SISTEMA/mobile-frontend/legacy-mobile-assets/assets/mobile-disable-context-menu.js
d1ec30833657866c6e314b2b04d0f12ae6621e6eeaa87435bcde5b26f0ef8a64	8789	644	SORGENTE_SISTEMA/mobile-frontend/legacy-mobile-assets/assets/mobile-giada-payment-method-filter.js
cfe2b8319d9e37efa28b90847cd780b3f870c403206bd368fd9b80c4b398c1c5	1225	644	SORGENTE_SISTEMA/mobile-frontend/legacy-mobile-assets/assets/mobile-hide-recent-badge.js
624646d344379ad03ab057cc654c7e15ee589bfac089606a84625e1906a5cc6d	29430	644	SORGENTE_SISTEMA/mobile-frontend/legacy-mobile-assets/assets/mobile-home-dashboard-bridge.js
60f30399977b90acdf0ac035e1a92138d9a9ecfd70071a1826a12740ed7dabf4	15497	644	SORGENTE_SISTEMA/mobile-frontend/legacy-mobile-assets/assets/mobile-home-dashboard-overrides.css
79e7b90f5e7c351870d2a1e963a7b246d8037d05057515882a7056fd81a119aa	6022	644	SORGENTE_SISTEMA/mobile-frontend/legacy-mobile-assets/assets/mobile-inactivity-auto-logout.js
d3d0e9bf5edc886555b3bbbbaa2aca383c8ee8ceed489e2926ff6d3f59616a1c	9025	644	SORGENTE_SISTEMA/mobile-frontend/legacy-mobile-assets/assets/mobile-menu-availability-bridge.js
3f5aea92d17df5cea3569376150cca1b2960232e96cc7e1b33622a91ce581455	1803	644	SORGENTE_SISTEMA/mobile-frontend/legacy-mobile-assets/assets/mobile-menu-availability-overrides.css
e4acf0c995aa83238f1e2e06fc499526eb85a7775ed96e323fe5d72226129af4	6234	644	SORGENTE_SISTEMA/mobile-frontend/legacy-mobile-assets/assets/mobile-menu-scroll-restore-bridge.js
03eb2e6f2e8a9d4ff230572179357a76ae8568ca036d0a7dfa84d5bc650019b1	13602	644	SORGENTE_SISTEMA/mobile-frontend/legacy-mobile-assets/assets/mobile-notification-poll-accelerator.js
6adbafe83f0ff782b11aeffbea458ee92436173678db7175155d19880b7c271d	13127	644	SORGENTE_SISTEMA/mobile-frontend/legacy-mobile-assets/assets/mobile-notification-reminder.js
fc813e2b0ed6a660f7fad2a7017b57089cfde8853b056e127e339a219d06d147	1824	644	SORGENTE_SISTEMA/mobile-frontend/legacy-mobile-assets/assets/mobile-order-composer-draft-badge.css
b9f3dae9d050432c2139a4b61a1a58231ddd190b09c3163b5a1bb9fb13b3b5ca	8325	644	SORGENTE_SISTEMA/mobile-frontend/legacy-mobile-assets/assets/mobile-order-composer-draft-badge.js
0d4ecce508c9e849cda09aeb369e979a6594c85a2be31a779673cec990457232	8799	644	SORGENTE_SISTEMA/mobile-frontend/legacy-mobile-assets/assets/mobile-order-history-abbuono-bridge.js
84335adf4b342f7242c25f26426915b248e92c893380d2812cbb223eb403b0e3	4378	644	SORGENTE_SISTEMA/mobile-frontend/legacy-mobile-assets/assets/mobile-order-history-payment-bridge.js
1a32e35c4188a5ae83cbdb0660b649055a1d9b0c12039dc94b2ff7dc7ac470c1	5954	644	SORGENTE_SISTEMA/mobile-frontend/legacy-mobile-assets/assets/mobile-order-history-print-buttons.css
d6b6996844092e2a3718bffe6f84c53e1b2c3b5cc70d557ff3f1065c9c2c54be	11381	644	SORGENTE_SISTEMA/mobile-frontend/legacy-mobile-assets/assets/mobile-order-history-print-buttons.js
d57937fcba6329014e0f2c21f57ed5e0540a255597c6bb08dc96eef608b16fed	13965	644	SORGENTE_SISTEMA/mobile-frontend/legacy-mobile-assets/assets/mobile-order-payment-layout-fix.css
fc3e61214f2c2cf1acf0c4ba3d07f6e08187f5ad8ed405cbbd026f45f6cf554d	21490	644	SORGENTE_SISTEMA/mobile-frontend/legacy-mobile-assets/assets/mobile-order-payment-layout-fix.js
a3a578d8246c8aaf0731064135eafb1a8e813d7553cc35e334319458d1635163	136969	644	SORGENTE_SISTEMA/mobile-frontend/legacy-mobile-assets/assets/mobile-order-service-recovery-bridge.js
5aa3026be87167dd6196e36e00c349dcb86ebce8ce57cf83017fbdd659b39948	8427	644	SORGENTE_SISTEMA/mobile-frontend/legacy-mobile-assets/assets/mobile-order-workflow-settings-bridge.js
dbfedb73aeb37024fab96b3cb802ea389a12d17e44d51aaf96205f2d389b1207	2274	644	SORGENTE_SISTEMA/mobile-frontend/legacy-mobile-assets/assets/mobile-payment-config-reset.js
5c45d4bb4b7d0bfb60681dbee52f41ab58750f7e3d3e12bfbe264352982e27bf	10890	644	SORGENTE_SISTEMA/mobile-frontend/legacy-mobile-assets/assets/mobile-payment-session-persist.js
fc1cb03f5810a3ac6af3487adb1a1184de15cb82860019a62d3d28792da2afca	48920	644	SORGENTE_SISTEMA/mobile-frontend/legacy-mobile-assets/assets/mobile-payments-settlement-bridge.js
b96f03f16c876aee387381f165018e381818e6230d0052f315b4d0415ab6b3aa	10453	644	SORGENTE_SISTEMA/mobile-frontend/legacy-mobile-assets/assets/mobile-payments-settlement-overrides.css
d55a22a8f65bfc8bda6afd9c344a50a73736c6ed05c86325781237df6baf668e	2229	644	SORGENTE_SISTEMA/mobile-frontend/legacy-mobile-assets/assets/mobile-product-press-feedback.js
e0f454c0eb4b1d249e05bbd06b4daf86bedb8b413da2098ad1ffd729167ce4fc	2586	644	SORGENTE_SISTEMA/mobile-frontend/legacy-mobile-assets/assets/mobile-reservations-header-bridge.js
fec9950ab6ae5beb8d39715ba83cabde5d27c13dbf2bd1ca0f0b2a583689077f	7199	644	SORGENTE_SISTEMA/mobile-frontend/legacy-mobile-assets/assets/mobile-room-preference-bridge.js
6a8cbba7f961db70463d55d07fc213ebaeec4739375a0d373c59659ce4f70595	6222	644	SORGENTE_SISTEMA/mobile-frontend/legacy-mobile-assets/assets/mobile-settings-live-sync.js
392a77a46d7abddd03f5a7f5fb6c3fdd09d6d5dddcf81b39349b20bea5013113	7740	644	SORGENTE_SISTEMA/mobile-frontend/legacy-mobile-assets/assets/mobile-station-availability-guard.js
2d64ae75487efab75a626c3dc1a3ced2e0497ea80ea73df57e43341d30652363	1812	644	SORGENTE_SISTEMA/mobile-frontend/legacy-mobile-assets/assets/mobile-table-detail-accordion-bridge.js
6a91cc2f53730e3a9d9b853bd769e386fc3a0d5df5d7d4dbdcbe238b85845253	80806	644	SORGENTE_SISTEMA/mobile-frontend/legacy-mobile-assets/assets/mobile-table-groups-bridge.js
27b4904e39095d48930fce04a2e5b9794aaaceea017697fade768b0a64c2f712	21645	644	SORGENTE_SISTEMA/mobile-frontend/legacy-mobile-assets/assets/mobile-table-lock-lifecycle-bridge.js
45b3a49c2fce7d00131f1b9dd55b748e82c9ea1f7c390f679160f375d516e78a	5886	644	SORGENTE_SISTEMA/mobile-frontend/legacy-mobile-assets/assets/mobile-text-encoding-fix.js
718d311c3a1ada549a55efed32c08a3edc6bc0e9629d3c9ca7202fe8d54b81d4	8842	644	SORGENTE_SISTEMA/mobile-frontend/legacy-mobile-assets/assets/mobile-user-menu-bridge.js
440a7e3405592160e20c794f6f8089a49a1dbf0932e883b5e6dda24cde3346c1	202323	644	SORGENTE_SISTEMA/mobile-frontend/package-lock.json
f6d806c48220e02c056a7ba003736551f81972337f9670329330216f2a4f22fc	1692	644	SORGENTE_SISTEMA/mobile-frontend/package.json
a4f618e31b500a2d9aa948f16a8ec0b46f69b6718ef7d6a47d9af280488e2463	261	644	SORGENTE_SISTEMA/mobile-frontend/playwright.config.ts
e3b0c44298fc1c149afbf4c8996fb92427ae41e4649b934ca495991b7852b855	0	644	SORGENTE_SISTEMA/mobile-frontend/public/.gitkeep
f5c24e00a9af0f1f378f9ffdb6e11fc1a14eb78ce7ab9886a6bb5e695e5e1a57	47447	644	SORGENTE_SISTEMA/mobile-frontend/public/assets/allergen-arachidi.png
393f511c5055c38f53d993e871183d8f8938e7865b1092c5dcfc017e5c2fa365	12392	644	SORGENTE_SISTEMA/mobile-frontend/public/assets/allergen-crostacei.png
a26be95d1557ce3cb7ef10210e4ff5453da39f8252bbc54fe14629ce4c33c2a7	40209	644	SORGENTE_SISTEMA/mobile-frontend/public/assets/allergen-frutta-a-guscio.png
6b305533a73b071bd7c6e4be078f369392ac2d681510bbfba7ae5a055d2f56b9	22569	644	SORGENTE_SISTEMA/mobile-frontend/public/assets/allergen-glutine.png
7d68c9795a7ac198c147690b08c69b628addbe478fa00e14dc6a296c5c1f5c51	14760	644	SORGENTE_SISTEMA/mobile-frontend/public/assets/allergen-latte.png
6bc727ee24057cc9840544e2fb1e2f16941f95f34f02cbadc91d703ecd57a376	40615	644	SORGENTE_SISTEMA/mobile-frontend/public/assets/allergen-lupini.png
dd38699c612fc613aebd1ec9557232be88ea884e3e48bd832b60728f6bd5d9f6	40902	644	SORGENTE_SISTEMA/mobile-frontend/public/assets/allergen-molluschi.png
43afba1338b44b3904c2bc3d87c15d06b7deda226473e1790d88652256e128ba	19797	644	SORGENTE_SISTEMA/mobile-frontend/public/assets/allergen-pesce.png
3a26fe3f2aba9cf6865ad5e656b89b4d0f6a3366e41e71fa6463d6d912e4577e	60334	644	SORGENTE_SISTEMA/mobile-frontend/public/assets/allergen-sedano.png
e3932adc5b7c6a3eb7b115cdeb7ba6c50148fbd8635a479320f5a05ba44dc315	22521	644	SORGENTE_SISTEMA/mobile-frontend/public/assets/allergen-senape.png
d00d4d3398bf3728debe08a32a285e70b0551e9c393fe1d7ee781b395228eed6	34865	644	SORGENTE_SISTEMA/mobile-frontend/public/assets/allergen-sesamo.png
1b6c9846229fdb468947f9845def483c023a361074e00b21b622acd9ad405111	47431	644	SORGENTE_SISTEMA/mobile-frontend/public/assets/allergen-soia.png
3c8a36251bc6f9b532ff737a45ecbf9cf0737cbccc79f8bdef5d104793ccbe69	33431	644	SORGENTE_SISTEMA/mobile-frontend/public/assets/allergen-solfiti.png
a357b319f1dbe9eb5e187a6b0431c404d3494431f689ed22b0add3ce5f667dea	11583	644	SORGENTE_SISTEMA/mobile-frontend/public/assets/allergen-uova.png
8d3a0a8f395d5ecb91a25de463796300bcd2f489a92b992fdff281fdd8c3fa9e	41074	644	SORGENTE_SISTEMA/mobile-frontend/public/assets/arrivati.png
addfc17dbd34fea6044bbede7e360247653e2977f34b59122265ae1acbe222a5	11556	644	SORGENTE_SISTEMA/mobile-frontend/public/assets/brokenglass.png
dcb19b32be8f2a6d52ee6e332d1a3e22c7e0e09daeb137269470ce25170ddfcd	8994	644	SORGENTE_SISTEMA/mobile-frontend/public/assets/cancel.png
066793ac1d1cbb6b79736d976d1812a28d039793fc63bdc1e74a3d212a2547c5	3735	644	SORGENTE_SISTEMA/mobile-frontend/public/assets/menu-back-indietro.png
39e07c231090b84f5ff78a55ddaaf6a1aa7e0540a8f98c94a5864af1d8ef108c	3074	644	SORGENTE_SISTEMA/mobile-frontend/public/assets/mobile-battery-widget.css
1ae9fb50d1ae3fcfefa3b8cafdf5af7fe00c22ea540b111037dc16ff633b7fe8	12600	644	SORGENTE_SISTEMA/mobile-frontend/public/assets/mobile-dropdown-overrides.css
01ace0327b3f34993723cfe4cbffa101251ce47fc0ce27467dbe1f6d315fc64b	631	644	SORGENTE_SISTEMA/mobile-frontend/public/assets/mobile-menu-category-badge.css
47866d332883875db9aaebc4b4ba0b102bb17708c6697f9d0e965bc6b983915e	860	644	SORGENTE_SISTEMA/mobile-frontend/public/assets/mobile-menu-department-badge.css
0b757ec01e4283052af478dfa16a7abbfd6b8dd736047318f6bdd1ebe7cca144	1423	644	SORGENTE_SISTEMA/mobile-frontend/public/assets/mobile-menu-section-dividers.css
911a2d3382f93915757f9f030ad9bfa77affd304ca894a48deabf908e11b9e1e	14166	644	SORGENTE_SISTEMA/mobile-frontend/public/assets/mobile-night-modal-overrides.css
da46779d1b82a440ed1759de2579f7ed7126c5be956a22acd437fc9044efe61f	1760	644	SORGENTE_SISTEMA/mobile-frontend/public/assets/mobile-order-history-contrast.css
ec663e6be17c5321c486e4c56c521f5afd9a91d3a06878187e159d256a834fb0	58225	644	SORGENTE_SISTEMA/mobile-frontend/public/assets/mobile-order-service-recovery.css
dbf9b9145b031223479f1ffc2f8c2088a6ef6ea6067ebed22af95b4482c79598	474	644	SORGENTE_SISTEMA/mobile-frontend/public/assets/mobile-order-touch-interactions.css
57f6e852ae0c0075bd7909c12917e1bd9e5ad2f0a0ca40426c2d6e4b0d50729c	858	644	SORGENTE_SISTEMA/mobile-frontend/public/assets/mobile-product-image-overrides.css
0486e8098c3b888d4ed646ac779a8d2598b53e4f89b87d7499c2ab07f827d228	2109	644	SORGENTE_SISTEMA/mobile-frontend/public/assets/mobile-product-press-feedback.css
4a7aa5be5ee590a748319335ceb954ffbce2d576e49656bc4e5a6fc58dce410d	3812	644	SORGENTE_SISTEMA/mobile-frontend/public/assets/mobile-reservations-header-overrides.css
e80822afdfd7b7cf86e91686e5ddf0698751ce38633453e49e6e776124963758	16238	644	SORGENTE_SISTEMA/mobile-frontend/public/assets/mobile-table-groups-overrides.css
d4dcf3c24cbc8aa58f0804bebd186a9b797c12c732ea14ccee7e0b05a3ffc829	2866	644	SORGENTE_SISTEMA/mobile-frontend/public/assets/mobile-table-lock-modal.css
c0d01f42c6d03274cde26fdae79b07c4fbb9fb9891442d3c20a126f8299a3c8d	7663	644	SORGENTE_SISTEMA/mobile-frontend/public/assets/mobile-user-menu-overrides.css
fdd6d173a439a9da9b408a9f37df4ab18ededb6334b9f4985323ef3de44f6353	2197	644	SORGENTE_SISTEMA/mobile-frontend/public/assets/noshow.png
066793ac1d1cbb6b79736d976d1812a28d039793fc63bdc1e74a3d212a2547c5	3735	644	SORGENTE_SISTEMA/mobile-frontend/public/assets/payment-back-indietro.png
89834e93413f28e46a70b6af1a1930b9821997c84d42ec5fc73d0344817fc1bc	264	644	SORGENTE_SISTEMA/mobile-frontend/public/config.json
a7b63a8fc1d02f1c5ff0244b3910a9eb2e236e1766248909a0f05a3b0f56b2a5	251	644	SORGENTE_SISTEMA/mobile-frontend/public/favicon.svg
19e5dcfa10b33c697c77ab9ebcb52a9487fb89ef2a267ac35c895714f09b47a3	2950	644	SORGENTE_SISTEMA/mobile-frontend/public/mic-test.html
43d543a552a94edc04536bf6b78f1c1e1795623e596484c3e25378a111931969	1618	644	SORGENTE_SISTEMA/mobile-frontend/public/radio-capture-worklet.js
d7489d22c1910c0f83c3ac845c68bff3c2f90f0958ea95c226a31412a3ff60f2	3231	644	SORGENTE_SISTEMA/mobile-frontend/public/radio-playback-worklet.js
3c28e10b88f27f5e4e8783de505af80e3a396d9e73a962896c21f4936688f8a4	4107	644	SORGENTE_SISTEMA/mobile-frontend/scripts/create-lan-cert.mjs
871ad41e23a07a4c2175d1c1ad4b095e741d56612718d5704f8c9ea1223f06c1	6936	644	SORGENTE_SISTEMA/mobile-frontend/src/App.tsx
1267061facf8ab7963d1320a9e835dbfa2f41bd899cce79e8eda77b71f24b39a	26886	644	SORGENTE_SISTEMA/mobile-frontend/src/api/analyticsPaymentMovementModel.ts
94dd02f4c92959abaa5ab2ee39504fd741adf5f0f3573453bc7d43765a62f37e	2304	644	SORGENTE_SISTEMA/mobile-frontend/src/api/analyticsPaymentMovementTypes.ts
e294317484e61d4ed2da5234598bc32b6437c04301f1e9db05a5e05cc90139ef	8710	644	SORGENTE_SISTEMA/mobile-frontend/src/api/analyticsPaymentMovements.ts
14dadf342d3fee9c0ad23e53e5bafa888542afd6c4c56876de6b2eefb3966e53	12411	644	SORGENTE_SISTEMA/mobile-frontend/src/api/auth.ts
47046fb19caea8b482e963c2a948542ec62f0d770d4636dac8355b0806e25a6b	19045	644	SORGENTE_SISTEMA/mobile-frontend/src/api/automaticCash.ts
f345f9e4f7031d0e8cdc24a7d2864676630178681978b462bbe3e0f66c2ea1e8	246	644	SORGENTE_SISTEMA/mobile-frontend/src/api/baseUrl.ts
add2fe7643fe990ee704b10da010983cccdfbdf1863af67bd273632bb9121a77	4518	644	SORGENTE_SISTEMA/mobile-frontend/src/api/cashExchange.ts
d3b57600798f92a403801bed392537f69a521238cbd46ccc7e31fb3ee1accccd	5047	644	SORGENTE_SISTEMA/mobile-frontend/src/api/commercialBenefits.ts
79d9dd0ef30f71a72a6942a77966e0d4baae32479502a092073a329dd2780c18	1171	644	SORGENTE_SISTEMA/mobile-frontend/src/api/company.ts
73b89bf7bc083239343a6d8527d4ba89e70e1ece797c76840dd1426306d209ba	2061	644	SORGENTE_SISTEMA/mobile-frontend/src/api/invoice.ts
3a492491db4e9af2367be44e0fcb7b6d3c78fb9a8fbc73244e0f9a9cee76c9df	12723	644	SORGENTE_SISTEMA/mobile-frontend/src/api/locations.ts
9805beb79c39608b6a87f30ee983c7fc29a22caa55f750fff241ebf0fbdf1f0d	36483	644	SORGENTE_SISTEMA/mobile-frontend/src/api/menu.ts
a2f222d8d4f49b4b8090a886c5c2503332516594b463966a04512ec55f1bb443	966	644	SORGENTE_SISTEMA/mobile-frontend/src/api/menuDedupe.ts
4f0d13366032b8719b9ca9b4cbc59027f0fd3906abaabedbf6ad7720c4212afb	3587	644	SORGENTE_SISTEMA/mobile-frontend/src/api/menuTypes.ts
d5c02f3eb1c63e3db4a46ebfa172d184249a9a6800e50bfb2cec3e5415b458b5	13950	644	SORGENTE_SISTEMA/mobile-frontend/src/api/notifications.ts
23ac0de2769fb43f0077cf9f5e10c33e1021fc2be4931cfd9eb28965f465424e	812	644	SORGENTE_SISTEMA/mobile-frontend/src/api/offlineConfigurationScope.ts
0dff920b58ac10095966af3aef2806feabac0281e0f0c301f9a0554e4ae84bf5	21007	644	SORGENTE_SISTEMA/mobile-frontend/src/api/orderServiceRecovery.ts
967454aa08f3ce2b4b57ade3445837b2d757ca88cbede35bc6865f6dba7367d6	3475	644	SORGENTE_SISTEMA/mobile-frontend/src/api/orderWorkflowSettings.ts
09dbc44fbf7d1038c2bdd26894badd8d9f6fb4644b6630fbe46d73e874c4fb8a	1024	644	SORGENTE_SISTEMA/mobile-frontend/src/api/paymentOverview.ts
32c3609addf6a7dc1bbab1ad388459d9cb3a18f3ba0e0299220c6dd105127c64	475	644	SORGENTE_SISTEMA/mobile-frontend/src/api/paymentSettlementEndpoints.ts
337a0beb92da2f4a07aaba4c56dec0f888f67f9cca8ef731214d59c674af9c9e	5000	644	SORGENTE_SISTEMA/mobile-frontend/src/api/printing.ts
1ed53a8ad123415c58f137e19cd9540092cb6e3e52d72d0f127af2b9f83df0a8	1781	644	SORGENTE_SISTEMA/mobile-frontend/src/api/radio.ts
883264cc1d6fd200cffd3886a20d1bd303f16bc5d6e2ec03e4d4246645925570	9625	644	SORGENTE_SISTEMA/mobile-frontend/src/api/reservationModel.ts
43163ebd74763a1e08806ea0c607aad37da2211cdd78de626553b2c0966a7543	29549	644	SORGENTE_SISTEMA/mobile-frontend/src/api/reservations.ts
dd1f3c582802c0ba2c868462f32408de4cab46efc3747f2a555b90ae32ef9adc	1606	644	SORGENTE_SISTEMA/mobile-frontend/src/api/stations.ts
ef8efd27fa1bb473d3979086d72ec300b9cf882ced13f9c0a6203f06d8762531	1135	644	SORGENTE_SISTEMA/mobile-frontend/src/api/systemStatus.ts
5d426e914750163bac13ff5ff3313660b66017c84cd42c7c0e2fdb2f232e1c95	16735	644	SORGENTE_SISTEMA/mobile-frontend/src/api/tableGroups.ts
13ea16a092a07973b1fc919ed46da2925648c8c549bbbfc27c68c9e7510d4b20	14651	644	SORGENTE_SISTEMA/mobile-frontend/src/api/tableLocks.ts
60b6611d3cb9ac3e3f9be5dbd4d94ec2f50b2da8e3d58cec777c59b8fa8cee68	9399	644	SORGENTE_SISTEMA/mobile-frontend/src/api/tableReservationWindow.ts
145eec0cac25de3584873b583a84645dfd0e3b4a53d87c7c364e08f50290d8be	93548	644	SORGENTE_SISTEMA/mobile-frontend/src/api/tables.ts
0b7b3097d0bec12df969aa2f7db981494fc573b3900e70bc1867eb0e5d545285	5067	644	SORGENTE_SISTEMA/mobile-frontend/src/api/tables/counter.ts
ad4c720e48175b3510a971d7538f9d5812472d63ab97440032117c2b330aadf8	604	644	SORGENTE_SISTEMA/mobile-frontend/src/api/tables/inputSanitizers.ts
a79d89ec8f8af3264e9c3f03d806adecee9228201d92c61fd9b2c33caa9f86fb	16488	644	SORGENTE_SISTEMA/mobile-frontend/src/api/tables/integrationClient.ts
78fea908e0ed235b04c669163467f23f39aeee8e2a33e5b3df1eaa6a391e1932	1984	644	SORGENTE_SISTEMA/mobile-frontend/src/api/topSoldProducts.ts
f1ffd543edc9fb2f0f137af1391796fe7b0519c4dc3b37b2a9116832279ae983	1308	644	SORGENTE_SISTEMA/mobile-frontend/src/api/waiterPause.ts
669928e8d05980f429ace887a84ddf99e93ab0d74c4d6f06063d2744ad14c5aa	2013	644	SORGENTE_SISTEMA/mobile-frontend/src/app/AppRuntime.tsx
8cc052e11a844b2d76e1d77256653ddbc5af9b216575a168fdabc1c8ca1c03aa	2745	644	SORGENTE_SISTEMA/mobile-frontend/src/app/runtime/BatteryStatusContext.tsx
b4619a543f3779a9145a72d44fcdf3870192568a4dd1b16e7d8c26fe9b11ab88	2388	644	SORGENTE_SISTEMA/mobile-frontend/src/app/runtime/OfflineQueueStatusBanner.tsx
f0ef9ef3006a6ed13f764177b648d376ac3a1ecbae950c24a782d94942b267e1	1140	644	SORGENTE_SISTEMA/mobile-frontend/src/app/runtime/SettingsSyncBanner.tsx
768545e9e1dea283e1138029c3f42606cdf1324ab1d80e8a3f3f040968e2a319	4117	644	SORGENTE_SISTEMA/mobile-frontend/src/app/runtime/SystemConnectionStatusContext.tsx
41f7e4044ccdff68f7d443171e6be13bef30a5f6a909213a1f1ab35e37ed1d62	5691	644	SORGENTE_SISTEMA/mobile-frontend/src/app/runtime/batteryStatusService.ts
0c51a5a0799993fedb23845dec1df191a07f7b8905b170d55bdcfe6caae1192b	4330	644	SORGENTE_SISTEMA/mobile-frontend/src/app/runtime/bluetoothDiagnosticConnectivity.ts
93e9fb783a9d4388eef048a61d905a72a2a9946332d64d20130dcd4f7a0dad1c	6867	644	SORGENTE_SISTEMA/mobile-frontend/src/app/runtime/documentInteractionGuards.ts
9dae1bd230f0b37c84afcd6d0a9f0d0c2b06924f971d6c02d66a364de6e6cb8d	5184	644	SORGENTE_SISTEMA/mobile-frontend/src/app/runtime/documentTextEncodingFix.ts
8ad70a48b85203d4ea073dfdbe7187c22cd45ab087de997d4e665ed76afef0f6	11424	644	SORGENTE_SISTEMA/mobile-frontend/src/app/runtime/offlineConfigurationRefresh.ts
de4fa57e92f5e60107ec6ff9ad7379694d8493b714f66f6f952cb327ff7d88c4	1889	644	SORGENTE_SISTEMA/mobile-frontend/src/app/runtime/realtimeTransportStatus.ts
9af1ac90afd11ad16814cef4bc601335e71ae8f0faebd975c4005a0cfe34bb0e	574	644	SORGENTE_SISTEMA/mobile-frontend/src/app/runtime/systemConnectionStatus.ts
add73cdf9b4cad0bca6214184393e8b529dcdc7c1e839d5504d328d06d09ab2d	750	644	SORGENTE_SISTEMA/mobile-frontend/src/app/runtime/useGlobalDocumentGuards.ts
d6990d4edeb285d240a1c851cb84bc04c853f6461e1c50c7ba3202b63037b38a	3280	644	SORGENTE_SISTEMA/mobile-frontend/src/app/runtime/useInactivityAutoLogout.ts
95b518188b71d61831dac0ffc50c9daf64c8f647e7a01e4908329bfd1b1a247c	7099	644	SORGENTE_SISTEMA/mobile-frontend/src/app/runtime/useOfflineConfigurationSync.ts
e0da1df04472594ec1281c4d5b1bc237e811d48d3da75cac22e14a0f02839a65	649	644	SORGENTE_SISTEMA/mobile-frontend/src/app/runtime/usePaymentSessionRuntime.ts
39ea8c4ca047c636bd285ffc32bfa42ab5d5c18572286b2384f5b761deca07d3	7693	644	SORGENTE_SISTEMA/mobile-frontend/src/app/runtime/useSettingsLiveSync.ts
908eb833793a4d1c30d029055c237f7ecd76d146bae3fadd13281b12552edb32	2234	644	SORGENTE_SISTEMA/mobile-frontend/src/app/runtime/useThemeModeRuntime.ts
1b6c39a7aa9fea2355987649af154f1d8617a24a25e857e05b9e50e1c623e9de	1081	644	SORGENTE_SISTEMA/mobile-frontend/src/app/session/endSession.ts
9e2398f2dabff406497a78ffd8c30ce1fe2f20479eacf6cea645de0cf1fd4b28	515	644	SORGENTE_SISTEMA/mobile-frontend/src/app/session/sessionLifecycle.ts
d96b796f8d6befa655d2df929ed3df7486086d76a3d128bbe2678109e5063e4e	252082	644	SORGENTE_SISTEMA/mobile-frontend/src/assets/feedback/angry.png
f2b85f9c44c7f5821e262c77347b27edb9aac418e109d3b01d9cfce363913ef3	259135	644	SORGENTE_SISTEMA/mobile-frontend/src/assets/feedback/happy.png
f3cfd905d90d97a74517304c2a94f5c42b5977c866c7be7b660a51e3baf38622	346	644	SORGENTE_SISTEMA/mobile-frontend/src/assets/feedback/index.ts
96d3e5087f30c4ed9e58ebacc7ed6ab4e31dd14f344a00ffcfa9bd43b159db14	271985	644	SORGENTE_SISTEMA/mobile-frontend/src/assets/feedback/sad.png
7641df0a5482cea7241072a7802d9481fce71516a92ff60ba83b181896654eca	253	644	SORGENTE_SISTEMA/mobile-frontend/src/assets/icons/README.md
c002797b0269403c09543a41d89176724041405abd157be1ef568804a96b871f	6111	644	SORGENTE_SISTEMA/mobile-frontend/src/assets/icons/banco.png
97440a345948c14fc3def09d484d5750255a45c97a8df6d10d5d28a611d8a2e1	15382	644	SORGENTE_SISTEMA/mobile-frontend/src/assets/icons/bookings.png
05f6e9d88eaa43355249a687bab59e51e7b480a4411776de87edb9233f597401	91044	644	SORGENTE_SISTEMA/mobile-frontend/src/assets/icons/fiscal/agenzia-entrate.png
6c72345e23658af23230220c4c4603dc94115fd715b684028963c9fc7f061161	6259	644	SORGENTE_SISTEMA/mobile-frontend/src/assets/icons/home.png
066793ac1d1cbb6b79736d976d1812a28d039793fc63bdc1e74a3d212a2547c5	3735	644	SORGENTE_SISTEMA/mobile-frontend/src/assets/icons/indietro.png
59825ff8a9b78c9501c34d6477d9e33d192d203440f1582e927541566a9a690e	85134	644	SORGENTE_SISTEMA/mobile-frontend/src/assets/icons/logout.png
374ec20f2e983f686b7ac1234f642e868f9aae2c84775a79ca62f09265b68221	7190	644	SORGENTE_SISTEMA/mobile-frontend/src/assets/icons/menu.png
7fcb9fe40d7ff2f58ac6892288ae9a1565c6b532b0f7791d1484488d779b51b7	5263	644	SORGENTE_SISTEMA/mobile-frontend/src/assets/icons/notifications.png
bbf993d412f3d13e3a17c670a0c09da8f896f96b9053f838af0fa281d48d39a2	69269	644	SORGENTE_SISTEMA/mobile-frontend/src/assets/icons/payment-modes/articolo.png
d57f61cadba8821ddccfa557580f3872e41adcc0fbb424f168a531c6d4075002	65201	644	SORGENTE_SISTEMA/mobile-frontend/src/assets/icons/payment-modes/contounico.png
ec15885b4a46ee66747c18250473c160c3581d0df62cdecd86f86b94cb374d69	61253	644	SORGENTE_SISTEMA/mobile-frontend/src/assets/icons/payment-modes/importolibero.png
b706ba69be011a11dd282421f9acbb8866484176797db766dc8a17ee4b2e6e55	71185	644	SORGENTE_SISTEMA/mobile-frontend/src/assets/icons/payment-modes/romana.png
f6c979703a5e535b0c638ba4adfbbd82df63f9a4f00e8a882e144ef574d1c27f	8634	644	SORGENTE_SISTEMA/mobile-frontend/src/assets/icons/profile.png
919a0c5b87816aba855ec5becbf5532fc21f94b16aafaa428a582a31c42345ca	1363	644	SORGENTE_SISTEMA/mobile-frontend/src/assets/icons/radio.png
0be4b7163bbf95985a97ad6212362152b6826ded80178d50647dd160dc6b6915	2704	644	SORGENTE_SISTEMA/mobile-frontend/src/assets/icons/service-bell.png
166909e22fea8ba5c3ee98f2330e9f8fb0ad7b859f55c105230aa4f48ef699de	7506	644	SORGENTE_SISTEMA/mobile-frontend/src/assets/icons/settings.png
3b99e619626bff6a7f84277aa14187b7f361bcdca542d1ae6bebb02bf3c943d4	6459	644	SORGENTE_SISTEMA/mobile-frontend/src/assets/icons/stats.png
7827d4ef0e51ea10e29c79c1768bfd7af70e505250776caa7841d07c952382b0	971	644	SORGENTE_SISTEMA/mobile-frontend/src/assets/icons/table.svg
ebdfea5aafd96f3ee710d7b719331b048566d23b6766d9dd42d800c0e56144a7	1759	644	SORGENTE_SISTEMA/mobile-frontend/src/assets/icons/waiter.png
e412a57921809b94df770db02c3bdeab1cf63609702c218fd3dd38b596f80b48	975	644	SORGENTE_SISTEMA/mobile-frontend/src/components/AppIcon.tsx
1cbe65c7b934447ece5609b27ecb198239fc1ff0453db479b863d335fb138227	297	644	SORGENTE_SISTEMA/mobile-frontend/src/components/GlassCard.tsx
919e03ea1a4f71f8f1ef3d3ab8753242c18beed5d5328d401a65d3c2b8900546	4130	644	SORGENTE_SISTEMA/mobile-frontend/src/config/runtimeConfig.ts
cf96c1eb76fbaba3b9c40674026e663b659186292cddce16bfd6cb1c1e3be7d6	1416	644	SORGENTE_SISTEMA/mobile-frontend/src/domain/allergens.ts
2a95aaca8d6244a2c0cc02d5b394c42a321374cc478d3fac975ebb97814ed0bc	1459	644	SORGENTE_SISTEMA/mobile-frontend/src/domain/offlineConfiguration/keys.ts
498fafed8c8236bb39f0ce97dc74edb26b712212692dc6853899f70fcad4dc4e	6083	644	SORGENTE_SISTEMA/mobile-frontend/src/domain/offlineConfiguration/reconciliation.ts
68223621472fb989441ea06d7373c3276c133de364b8e895be18009199864f58	10388	644	SORGENTE_SISTEMA/mobile-frontend/src/domain/offlineConfiguration/repository.ts
e967a9fcb306f8d70bbaeed28ece626ff11fc1943e966478eb284f1db5ba0e6d	1956	644	SORGENTE_SISTEMA/mobile-frontend/src/domain/offlineConfiguration/types.ts
28bd4e66807963b5310aa165dfa4c41edddb6480dec4f702839edbfab71ec1c8	307	644	SORGENTE_SISTEMA/mobile-frontend/src/domain/payments/fiscalAuthorization.ts
e8d2a42e1ba0d12a9040de8c6d4f53d938be9f5a0501387ad0fbf396945b4a78	2069	644	SORGENTE_SISTEMA/mobile-frontend/src/domain/payments/fiscalOutcome.ts
0168f31b66b041bcedc432f00202ad2795eaedd5b30ade041c395b3f58aa4d52	643	644	SORGENTE_SISTEMA/mobile-frontend/src/domain/tables/capacity.test.ts
d806997cee4917a9f5b1944062aea09a6c7fcdc4944ea556fea3768532bbd2c3	794	644	SORGENTE_SISTEMA/mobile-frontend/src/domain/tables/capacity.ts
c8f00a5ee99916367a230d895b7bc688d6d5586958d2d1b20acae8da02c1014e	684	644	SORGENTE_SISTEMA/mobile-frontend/src/domain/tables/derivations.ts
34cb5520983b278198ba66014f980481eca2e048239b2c84cf8c863163ad78fe	6544	644	SORGENTE_SISTEMA/mobile-frontend/src/domain/tables/integrationOrderTransforms.ts
a200d594813658c9c8d219848dd70ac9106b0079fcc04b2d12b327bf2204c45e	1188	644	SORGENTE_SISTEMA/mobile-frontend/src/domain/tables/integrationParsers.test.ts
c8ee6e14964498fb18ded794cc6fabc479c40aa0c9215f199a18da7d976011a1	14257	644	SORGENTE_SISTEMA/mobile-frontend/src/domain/tables/integrationParsers.ts
ae38d1fb8dd4395b0fab73b482a872e7b2fe8074dda607634d82e8dc92cf88a2	5474	644	SORGENTE_SISTEMA/mobile-frontend/src/domain/tables/integrationQueueStorage.ts
aa33f7a2816707af69e229445526c2ca7f987ea8af569c0fd5f8789187d90372	4176	644	SORGENTE_SISTEMA/mobile-frontend/src/domain/tables/integrationTypes.ts
e10e6b04963e8f35b99c23e1e6a13de98d1d6a40f0dfcb5252b9efba5b87e28d	168	644	SORGENTE_SISTEMA/mobile-frontend/src/domain/tables/queryKeys.ts
9cfbe038c6b90b9d2703ac0be82dc80885544148336c3e60b1c7df9a4518cc68	4676	644	SORGENTE_SISTEMA/mobile-frontend/src/domain/tables/types.ts
69ffef974aa67f1fc881beec85aef9baaf0c5ceeb406d4ae52ce1fcf271698fb	1553	644	SORGENTE_SISTEMA/mobile-frontend/src/main.tsx
b46202e2c5a64b7ffe93ce19282fcfad792fa1445fc260e5b50f0c3457c79613	20196	644	SORGENTE_SISTEMA/mobile-frontend/src/pages/HomePage.tsx
a344028c190e91449478ec0c91aaa38c180c919a8daa77313e8de01c818ed888	3026	644	SORGENTE_SISTEMA/mobile-frontend/src/pages/LoginPage.tsx
4ff7f2e5b61239cc47706d2eae814a00e2a7778955ee858e0d0d95a928a414a2	39624	644	SORGENTE_SISTEMA/mobile-frontend/src/pages/PaymentsPage.tsx
8c1c3cfc05aa0cb5f00b83f70aa07fcc6c096983e954befed453af30119ff5c6	11151	644	SORGENTE_SISTEMA/mobile-frontend/src/pages/ProfilePage.tsx
d4ec2a1aca1be4aa8cb3550c858e8518ccaa218eb0bfa2512469c842b2e7e2bf	25504	644	SORGENTE_SISTEMA/mobile-frontend/src/pages/RadioPage.tsx
6897d7654024bdf226d81a49ae2b9854ef056865708f6bc34b2487335b31616d	25371	644	SORGENTE_SISTEMA/mobile-frontend/src/pages/SettingsPage.tsx
6dde5efba3b163cc40b9aa95d58d9cd74f6847d88e364d1df0ae845e0ddcbede	41892	644	SORGENTE_SISTEMA/mobile-frontend/src/pages/home/analytics/AnalyticsWorkspace.tsx
e0fb80e6b593a62576083acc870e11ebaa7a07749f68834ac6123a60bb89b025	8701	644	SORGENTE_SISTEMA/mobile-frontend/src/pages/home/analytics/CashMovementsView.tsx
c8911067f55b879575376318ca3100cf4358b777bfa52379b3a809ae06389df5	2214	644	SORGENTE_SISTEMA/mobile-frontend/src/pages/home/analytics/FiscalVoidConfirmDialog.tsx
9b310aa6708b5c1058b958472b04618a381b249c0f35090d4b86893b2b44db5f	2071	644	SORGENTE_SISTEMA/mobile-frontend/src/pages/home/analytics/analyticsPrintState.ts
c407b378b35440b3cb4b7b74507bb46ba5906909f15d280fc05001032b40e6e2	4756	644	SORGENTE_SISTEMA/mobile-frontend/src/pages/home/analytics/paymentDetailLines.ts
fb7834fb25c5ab27620a188eabc81341b142cdae42b33af027d45486b5fa35fb	7506	644	SORGENTE_SISTEMA/mobile-frontend/src/pages/home/components/AvatarMenu.tsx
535ef758acf2de57f66328e34b4693944234d9de7c0b11c17a9e2785c83f121c	1944	644	SORGENTE_SISTEMA/mobile-frontend/src/pages/home/components/BluetoothDiagnosticBadge.tsx
47d232e6fb29865b1341bb7e2dcea3faca269e9156bdfc51682d4affbebee3ad	26247	644	SORGENTE_SISTEMA/mobile-frontend/src/pages/home/components/BottomBar.tsx
15b703e58506257653b3f48e55d998e29a3c2354d0be2f947e2083ff2b4552a4	1322	644	SORGENTE_SISTEMA/mobile-frontend/src/pages/home/components/CallAlertOverlay.tsx
73562125657a15ed803778564a9b84004fa8063b2e0a57d49a759e7834f12d34	10563	644	SORGENTE_SISTEMA/mobile-frontend/src/pages/home/components/CallHistoryMenu.tsx
5515f87ef21f0c5737d99b2f0c263959488ce09200890448845a3b57dc17ff91	17737	644	SORGENTE_SISTEMA/mobile-frontend/src/pages/home/components/HomeCard.tsx
cd65dfcdbed4ee0938f57a81eba281c3b563ece72d7c4520e6d5af5fc21843fb	4253	644	SORGENTE_SISTEMA/mobile-frontend/src/pages/home/components/HomeWorkspace.tsx
3d4ab61c0a9fc4efb6c9d946c5e28e3c9e6afd4f8d7c4284df9de217f500fa95	644	644	SORGENTE_SISTEMA/mobile-frontend/src/pages/home/components/LedButton.tsx
7d4bf9a3d8a23a176a7ea3f4480ae013ba8466a3001092d1b7be68cda7acd1a9	1995	644	SORGENTE_SISTEMA/mobile-frontend/src/pages/home/components/LogoutConfirmDialog.tsx
d04cd52fa26a397e4b0b03a74333038742eb2c38b654942952cdff2fd1a1a5aa	2173	644	SORGENTE_SISTEMA/mobile-frontend/src/pages/home/components/MobileBatteryWidget.tsx
5eefd07b1cfd996d65183e9dbaf0abdc1b8e86e9b14c06ac80750c6ace672c84	2231	644	SORGENTE_SISTEMA/mobile-frontend/src/pages/home/components/NotificationClearAllConfirmDialog.tsx
0cea6a544f9e050db8cec589165a206fb954296c6c16623a7b3c55c13bc439ee	16507	644	SORGENTE_SISTEMA/mobile-frontend/src/pages/home/components/NotificationsMenu.tsx
84576704600e5d762a9db511cfc6a86737c9843b4107cca979a15381b1218c9c	6727	644	SORGENTE_SISTEMA/mobile-frontend/src/pages/home/components/SystemRow.tsx
71dea4b132802b037cb1185025d482757896806472cfa062e7db0000d42da7f2	4490	644	SORGENTE_SISTEMA/mobile-frontend/src/pages/home/components/TopBar.tsx
00dc63977274886eb5595a0803bc7abb7310d42ce46e3d61f976ba244ab27e4f	2949	644	SORGENTE_SISTEMA/mobile-frontend/src/pages/home/components/TopbarLeft.tsx
04bdf9fff301c3b6aba8cbfc03fb718f207e37309b5c5b87d9cc44e728a071fe	3123	644	SORGENTE_SISTEMA/mobile-frontend/src/pages/home/components/TopbarRight.tsx
99f8feabd87dce4fc802c6de56b76c78fcb29db5f0cec2bafe9781c2f2addee1	8475	644	SORGENTE_SISTEMA/mobile-frontend/src/pages/home/components/WaiterPauseCard.tsx
46ccb80c2656c0b00e89886eb77e2950aa4f03f9ce18bea351175a1965e54732	810	644	SORGENTE_SISTEMA/mobile-frontend/src/pages/home/context/NotificationCenterContext.tsx
021c6a6a691387753d1ce6a4d749c91779a984b53d93659698eda515d8b93085	4616	644	SORGENTE_SISTEMA/mobile-frontend/src/pages/home/hooks/callNotificationDisplay.ts
ab7bb74ac3f9dc6f8b74da996ca9653381167473c0e1da9653b55c182eeea784	1059	644	SORGENTE_SISTEMA/mobile-frontend/src/pages/home/hooks/notificationDedup.ts
62ca18d133daf2973e8a1700eb3b66b082118740a9cb075ed112bc41850431af	570	644	SORGENTE_SISTEMA/mobile-frontend/src/pages/home/hooks/notificationSessionPolicy.ts
a1860d3231eeb78acdeb97234e64b1e43b71a19870752e1829d23a9f2b6c2bcc	739	644	SORGENTE_SISTEMA/mobile-frontend/src/pages/home/hooks/notificationTransportPolicy.ts
b552b17aadfa9deac97f868ac651278d0d728c09cfdf376c601e1a8588fc5642	1477	644	SORGENTE_SISTEMA/mobile-frontend/src/pages/home/hooks/reservationReleaseWarnings.ts
9340260451a2940ac662052e472fa4aec85c0cf595b12ae69d853acda0b7366d	4613	644	SORGENTE_SISTEMA/mobile-frontend/src/pages/home/hooks/themeModeCore.ts
8fbd07f962197f9717605ada2765c400b9b64f6663edd5499cd6d6e0347a9648	5401	644	SORGENTE_SISTEMA/mobile-frontend/src/pages/home/hooks/useNotificationAudio.ts
8a1f04dc5e47ea2490fe68400a11f4649e5f5ad478dfc8a0af10c4bf0dc110b6	23192	644	SORGENTE_SISTEMA/mobile-frontend/src/pages/home/hooks/useNotificationCenter.ts
c022a7d5e42fbfcda5a15c030d19b001328ee144d207af8f7c7a9a34701d0c8d	15544	644	SORGENTE_SISTEMA/mobile-frontend/src/pages/home/hooks/useNotificationTransportSync.ts
564739ea5beb07fda1abd822566495742e7e3d1caa0ff04c1cb2258f885c6134	864	644	SORGENTE_SISTEMA/mobile-frontend/src/pages/home/hooks/useSystemTime.ts
0ffec417350545c985d4b181da74e4a0e587744dab2b417b12577c32399677ad	14149	644	SORGENTE_SISTEMA/mobile-frontend/src/pages/home/hooks/useThemeMode.ts
772ff30b46c1cd412cc110482ddf3cd2752105f9bc344143a19c8a45d095c2ee	17191	644	SORGENTE_SISTEMA/mobile-frontend/src/pages/home/menu/MenuWorkspace.tsx
4fab7838a3e8a812e4f9503206952b142431e4b15104a441d299b98792f5d730	1565	644	SORGENTE_SISTEMA/mobile-frontend/src/pages/home/menu/components/MenuCategoryList.tsx
4bde6651a9e0dcdb96e847618dd8ccd4d7b1c40edff4c374587eca9b97544732	1198	644	SORGENTE_SISTEMA/mobile-frontend/src/pages/home/menu/components/MenuFeatureBadge.tsx
9b3ab20438b2005d56ec3566bfe6b11f17b16b0491495a6fbb3fcb149163f88f	6720	644	SORGENTE_SISTEMA/mobile-frontend/src/pages/home/menu/components/MenuFilterBar.tsx
6c78e2b01eecc087ccd2c49e62381b966e49af2ba836c13fcaf9af0acc4cf94f	4706	644	SORGENTE_SISTEMA/mobile-frontend/src/pages/home/menu/components/MenuProductDetail.tsx
f3d59050971bcd14510e9ee9579fd51eb9a7c776ce47e0231d494561452d8591	4353	644	SORGENTE_SISTEMA/mobile-frontend/src/pages/home/menu/components/MenuProductList.tsx
29576ec827547ac63da3765f354aba326bce85e038de8c3cf9aabbc08efd083a	2892	644	SORGENTE_SISTEMA/mobile-frontend/src/pages/home/menu/hooks/useMenuEdgeBack.ts
84adea7c1890d9a8521a4e6884641272906444f1c468acfb9acff042221da875	4242	644	SORGENTE_SISTEMA/mobile-frontend/src/pages/home/menu/hooks/useMenuSessionSync.ts
4af8b42ff6a74e43defd111bd08c7eb042d6cecc9418446042aed32a63dcf87d	2013	644	SORGENTE_SISTEMA/mobile-frontend/src/pages/home/menu/hooks/useTimedPricingRefresh.ts
d53f90bca79375d5bd58c661f06203a0d25e363707a6a107a5cd0e94bbdcb10e	905	644	SORGENTE_SISTEMA/mobile-frontend/src/pages/home/menu/utils.ts
bb3a547f98a768ed6c766e8bb783bfdc66f9c77e22bee84f3b23a61a963aefe0	732	644	SORGENTE_SISTEMA/mobile-frontend/src/pages/home/menu/utils/stationBadge.ts
6c300023ae546cb750dff37af817bb4637792f8dd4b2ecd4805203d249c6854f	80105	644	SORGENTE_SISTEMA/mobile-frontend/src/pages/home/reservations/ReservationsWorkspace.tsx
56006cc566eafbe80dc46241e5eba8ae5f8e56a6aca72be38a028728b1980986	1822	644	SORGENTE_SISTEMA/mobile-frontend/src/pages/home/reservations/components/ReservationCustomIntoleranceModal.tsx
5456e5f3fbad039b3a5ec86496163c39a00749b737cb464dc7ac13f566d625de	1744	644	SORGENTE_SISTEMA/mobile-frontend/src/pages/home/reservations/components/ReservationIcons.tsx
4fe26e624497639ac9878f2989aff8683b49b36872a436d98577dfa886f02696	966	644	SORGENTE_SISTEMA/mobile-frontend/src/pages/home/reservations/components/ReservationIntoleranceBadge.tsx
8e5beae57986cedec11c57f26fc20943d9675177c4989993032120f735e51680	110582	644	SORGENTE_SISTEMA/mobile-frontend/src/pages/home/tables/TablesWorkspace.tsx
2563f6edce424b8cae33b98a89fb947597bb0da56456f64dfdc3d8b23bce21e8	21089	644	SORGENTE_SISTEMA/mobile-frontend/src/pages/home/tables/components/AdminPaymentAdjustmentDialog.tsx
67ad11f76873077b5db8657ee3e64d903912cbdddf925e9f30e074270f671d9b	3859	644	SORGENTE_SISTEMA/mobile-frontend/src/pages/home/tables/components/GlassDropdown.tsx
9ad8edc2764f4ead30d580ca3106220984e2c28f7410b2cd64db14ea90d6b2a9	2051	644	SORGENTE_SISTEMA/mobile-frontend/src/pages/home/tables/components/TableConfigurationRemovalDialog.tsx
9bb86b56c9427ea0817697f38d6c6b256216d83497a2614f9faf488706ca01e1	7999	644	SORGENTE_SISTEMA/mobile-frontend/src/pages/home/tables/components/TableDetailAnagraphicFields.tsx
e109e64862ca1768e0e53d323b9d232137f8cbde143a3244014c0187ef262b87	63787	644	SORGENTE_SISTEMA/mobile-frontend/src/pages/home/tables/components/TableDetailPanel.tsx
842c6e840230bfc27a3bf5addae1f86807e991ab59e9f221e75311b2e264ecfa	27655	644	SORGENTE_SISTEMA/mobile-frontend/src/pages/home/tables/components/TableGroupsDialog.tsx
5b82f2ce8e089b14f88cdba78c5e1c415b795d309a19ebeed3dd9740ef8e2938	1103	644	SORGENTE_SISTEMA/mobile-frontend/src/pages/home/tables/components/TableIntoleranceBadge.tsx
34335ad793e95eca1c0a7ae7b50fd208d6cf495dc7f4ff4be01c154cbe74b593	4443	644	SORGENTE_SISTEMA/mobile-frontend/src/pages/home/tables/components/TableMergeConfirmDialog.tsx
2b88a76aa4c7459c2f030f6c834ab05aaa6f2028d45242cb2aa43b697d1ce298	80393	644	SORGENTE_SISTEMA/mobile-frontend/src/pages/home/tables/components/TableOrderComposer.tsx
ac895838358fe75d5ef017b5ae46002776308655abd969bf09f775560e95ff0d	134607	644	SORGENTE_SISTEMA/mobile-frontend/src/pages/home/tables/components/TablePaymentWizard.tsx
19b1ef604fd75615364ad164398c9035c6c30ad6c50a3f2ed3e32d813d8c15af	12248	644	SORGENTE_SISTEMA/mobile-frontend/src/pages/home/tables/components/TableReservationQuickManager.tsx
3423f91027f374f20b483da4d5e739cd88665b955bfd7288368fd3d2c091a9eb	1885	644	SORGENTE_SISTEMA/mobile-frontend/src/pages/home/tables/components/TableReservationReleaseDialog.tsx
ba53d4256330b6e9c6646aa7693f1a7781281fa176c9baa434d4e6f563097af2	3649	644	SORGENTE_SISTEMA/mobile-frontend/src/pages/home/tables/components/TableServiceRecoveryChoice.tsx
101911a529e69d62ef8f17c78e64212a4e826b32ac9b812610ca4a5b1adb243f	34245	644	SORGENTE_SISTEMA/mobile-frontend/src/pages/home/tables/components/TableServiceRecoveryDialog.tsx
de90893b08e30cd2f14f4695666495e3832407b7a7eeca1a793379cb3c30d376	5939	644	SORGENTE_SISTEMA/mobile-frontend/src/pages/home/tables/components/TableServiceRecoveryModel.ts
4c604f316fa858a06604002e129af7f53c9db1e6bebfbef3d33f146ac320c573	8044	644	SORGENTE_SISTEMA/mobile-frontend/src/pages/home/tables/components/TableServiceRecoverySupplements.ts
68f5cf38c094a1ef1ab9450e82df7326f4076ec35e2eb349b83b5db00deba216	6048	644	SORGENTE_SISTEMA/mobile-frontend/src/pages/home/tables/components/TableTile.tsx
dab953076b599e4755dc9aea0f9dfdb10cc326c4ee4e25effcab52ea4f9ade91	849	644	SORGENTE_SISTEMA/mobile-frontend/src/pages/home/tables/components/beverageApericenaCategory.ts
5117b3da676945db4108e11a4fe36b273ea8b86e350240d7d064bb23e91d9f79	3181	644	SORGENTE_SISTEMA/mobile-frontend/src/pages/home/tables/components/menuSupplementPricing.ts
e33ec96abd8f8e685275967845642f50cd1137f9353644b3420b7bb5900fda5d	1752	644	SORGENTE_SISTEMA/mobile-frontend/src/pages/home/tables/components/orderComposerProductPolicy.ts
d5e8392493a5775f8254865b1fbdbe85132ac02cae4d7782a83ac95242bd98d3	2655	644	SORGENTE_SISTEMA/mobile-frontend/src/pages/home/tables/components/useSubmitLongPressAction.ts
dfbe21a0164a43eccc3751279c5b46a75bb8a37c26cdc3eac3cf1f5f71d2ae7d	214	644	SORGENTE_SISTEMA/mobile-frontend/src/pages/home/tables/constants.ts
dd42938d74eb66f17d61b9821e00240bfa77f1a6bcc96505170a8aa502dd79bc	12074	644	SORGENTE_SISTEMA/mobile-frontend/src/pages/home/tables/counter/CounterWorkspace.tsx
e3b90abf41363929fb3297ff70f371b3d6266295e6861b0a3eb0e057a8a584b5	615	644	SORGENTE_SISTEMA/mobile-frontend/src/pages/home/tables/counter/counterModePermission.ts
093dd74adbd1380d75ccf9f155c7e217257ca48f45e64239a4365738e044158f	1916	644	SORGENTE_SISTEMA/mobile-frontend/src/pages/home/tables/counter/counterVat.ts
3a6ce6a073837b1b5ff233ae6df4f074c6b51132bfe02cbdbe3f0871226a1543	2002	644	SORGENTE_SISTEMA/mobile-frontend/src/pages/home/tables/counter/counterVirtualTable.ts
4f104e4a45568bd27749b3f91f387d5554bab1d372070b0dcbcdadf9cae951ac	826	644	SORGENTE_SISTEMA/mobile-frontend/src/pages/home/tables/counter/operatorReceiptName.ts
a4dc65fc79acca67f042090560090d9ab7f844e090c37d00e0e7b73958d87e31	2638	644	SORGENTE_SISTEMA/mobile-frontend/src/pages/home/tables/hooks/useReservationReleasePrompt.ts
f16ead449d7652e4cf4e65e13be2ff028426eea22a5aad45b373cc0fa3638c32	3120	644	SORGENTE_SISTEMA/mobile-frontend/src/pages/home/tables/hooks/useStationAvailabilityRecovery.ts
c6c64378714650827790c0c15b3ba6bc6f430fbb574a1f2a8af441206b663c92	4276	644	SORGENTE_SISTEMA/mobile-frontend/src/pages/home/tables/hooks/useTableLock.ts
333073fc8023f6b0b95936851d4d640980bf0f3bf3d1b0d719c196c0c2c6b242	9582	644	SORGENTE_SISTEMA/mobile-frontend/src/pages/home/tables/orderDraftPricing.ts
c7dfaf5e740f992f54e7cbd8d288b107e069dc59cbe153bc6d3019acd61db18c	619	644	SORGENTE_SISTEMA/mobile-frontend/src/pages/home/tables/payment/articleSplitLockStorage.ts
538a6a9112d33c1926cbcd47cf1984dcbe76325c6b0d078ef3488a4f63215098	7841	644	SORGENTE_SISTEMA/mobile-frontend/src/pages/home/tables/payment/paymentAdjustmentDistribution.ts
6fa8c4263d1bb5d125242924bd36bf3aa770c7cc58cf1601bf00777324ae840d	5132	644	SORGENTE_SISTEMA/mobile-frontend/src/pages/home/tables/payment/paymentArticleUnits.ts
2482b7d276fb27ab6e02a435d5ad9551d03d2a260014e9c27b2ca35472c2cfb7	2420	644	SORGENTE_SISTEMA/mobile-frontend/src/pages/home/tables/payment/paymentInvoice.ts
6910a0ee4e94ce4f386021dac6947ecbeed0093c46807c1c83498761634b88af	1305	644	SORGENTE_SISTEMA/mobile-frontend/src/pages/home/tables/roomMoveAvailability.ts
b24ae5145efcfdb65255c3e4768af6493635736db2038392da1d654e9428623c	2189	644	SORGENTE_SISTEMA/mobile-frontend/src/pages/home/tables/utils.ts
9eee6673cda01d21eed3ff7ae5741cf0c3a1201a5f0e81cd57e889d32e45eb0b	16236	644	SORGENTE_SISTEMA/mobile-frontend/src/pages/home/tables/workspaceRuntime.ts
552c01150c5a115e904c7787b0323c1aec61e0bce9573c2e345c0251d958c2ff	407	644	SORGENTE_SISTEMA/mobile-frontend/src/pages/home/types.ts
75789694207bb008d4188f6395940a4db74ccaa97c314817e035cc817114f9de	84	644	SORGENTE_SISTEMA/mobile-frontend/src/pages/home/utils/format.ts
82f3388155e4a21820c04c143588b627a82e514d6a7dd85f8aef15f48cf05d33	1580	644	SORGENTE_SISTEMA/mobile-frontend/src/pages/home/utils/mockMessages.ts
bf65ced32c81f1955481a47c261b69b0d138534e434d60337552461d95dd2424	374	644	SORGENTE_SISTEMA/mobile-frontend/src/pages/home/utils/time.ts
71daf786e957546e7dc0711ef8fff08d6fa93b96d57861dfb4aa0a760b3b7a31	1720	644	SORGENTE_SISTEMA/mobile-frontend/src/pages/hooks/edgeSwipeBackPolicy.ts
d53ca2561a7ce0d4012335bfd0aaef3a7ab7410378f208318a54416243f8894b	3628	644	SORGENTE_SISTEMA/mobile-frontend/src/pages/hooks/useEdgeSwipeBack.ts
10ce0dea9c156c5278c2cf3c5b7eccfe08014682ad73eb5ed6d3574c0225f8df	20715	644	SORGENTE_SISTEMA/mobile-frontend/src/pages/payments/AutomaticCashFloatModal.tsx
e812ef8f6ac45a221a174b7106391bce9c40866a0940bc2bd127aebf252eef11	12014	644	SORGENTE_SISTEMA/mobile-frontend/src/pages/payments/AutomaticSettlementWizard.tsx
03d95ef78d599d993e8b2f9fd3f60d4d04e494daca857a99110edbbe3adbdd97	4718	644	SORGENTE_SISTEMA/mobile-frontend/src/pages/payments/CashExchangeDenominationSelector.tsx
752f9307b508cd8e5d16374b29279fbabed429671b46682a149bf2937641b8dd	15306	644	SORGENTE_SISTEMA/mobile-frontend/src/pages/payments/CashExchangeWizard.tsx
f3cc22d697f934fd67f57fcb071d090373a2d858827cca433a2d17eeb200e44a	2000	644	SORGENTE_SISTEMA/mobile-frontend/src/pages/payments/CashFloatLoadChoiceModal.tsx
a12ff562b831d40b8329fc95a274a34aa6b43ed544265289b1b83caa757d27b4	5218	644	SORGENTE_SISTEMA/mobile-frontend/src/pages/payments/CashFloatTicketModal.tsx
f1811cc22e8795c96b41c589d83725699968232c7b0deaa399ea1a0268b47d50	27544	644	SORGENTE_SISTEMA/mobile-frontend/src/pages/payments/CashMovementModal.tsx
f552b6c543ee8c15f720aa88d246d8d8da912c5a7a757cac7471fc4e4ae9ea99	4785	644	SORGENTE_SISTEMA/mobile-frontend/src/pages/payments/ManualCashFloatModal.tsx
445a02729edd3d9bf4d3bead09edec704c53ef84845ed29a9561c81f3a5d12f6	12392	644	SORGENTE_SISTEMA/mobile-frontend/src/pages/payments/PaymentOverviewProvider.tsx
e27aaf88b6ac8003f3ee4838c8c15bde7396224fafbeabe9268bdeab44328735	90482	644	SORGENTE_SISTEMA/mobile-frontend/src/pages/payments/PaymentSettlementSection.tsx
bd66a89b53ab5eab74497c13263a8da85c0c918d292adb5e80a185d73963d42c	5781	644	SORGENTE_SISTEMA/mobile-frontend/src/pages/payments/QrCameraScanner.tsx
f32ec2ecd0e4ada917f561aea1fffb31a83b1210470eff891f475b453aae1002	738	644	SORGENTE_SISTEMA/mobile-frontend/src/pages/payments/automaticSettlementModel.ts
4d0e72711db65f13379e375e16624a1c22d024922d60556db8e597676c29b64c	2973	644	SORGENTE_SISTEMA/mobile-frontend/src/pages/payments/cashExchangeDenominations.ts
021ecad63f2841b076e8f3cd1d24a1f119dcf982092bb559a0e64287b23285f3	4171	644	SORGENTE_SISTEMA/mobile-frontend/src/pages/payments/cashFloatTicket.ts
2cbd89a766d855388c8e392c9fb3b76258210426ad73f74d4d17a2db885b2fe8	352	644	SORGENTE_SISTEMA/mobile-frontend/src/pages/payments/qrPayload.ts
25d0d7a1f0cee72dcb5afb9d1213c1623d3ba0db6479907c8a556cc4de6a0dd3	10362	644	SORGENTE_SISTEMA/mobile-frontend/src/pages/payments/settlementLedger.ts
68c67a9d4f883d8827b24581d9da50607f111a155be9d79c3bc2c455eedfd0a3	1513	644	SORGENTE_SISTEMA/mobile-frontend/src/pages/settings/components/NotificationSettingsSection.tsx
612e702e0b14a0fdbf3179972f5b0debe3108b766bfb37847a8535f326f82548	5786	644	SORGENTE_SISTEMA/mobile-frontend/src/pages/settings/components/RoomAssignmentSection.tsx
e7f04633ee5dd33db7f6776a8b7852290259d2dcb6582fadd4476f2ed8600ca0	2402	644	SORGENTE_SISTEMA/mobile-frontend/src/pages/settings/components/RoomChangeApprovalModal.tsx
e913e6dc15134a05c707896f0767544f880a3e7812f1db1b0145af4dd3fbb5e5	685	644	SORGENTE_SISTEMA/mobile-frontend/src/pages/settings/components/SettingSwitch.tsx
debc2fdf7ee69c1ced7bbf22bc81dcf3f8d9e75d773f2796d1989035f47483dd	454	644	SORGENTE_SISTEMA/mobile-frontend/src/pages/shared/HomeBackButton.tsx
3fd107ad75388a4993b74b35f82941b5a4e549e1d917d20fbbe2c5ad2c2544e6	1955	644	SORGENTE_SISTEMA/mobile-frontend/src/pages/shared/SwipeBackHomePreview.tsx
a726d428045044f816a6dad875a61701c549926cf99cba8da4bbc8ca719874b7	31877	644	SORGENTE_SISTEMA/mobile-frontend/src/radio/RadioProvider.tsx
abbc688c3f27552e85db52bff50c263feef2925d82656c7d19916695e527b312	1628	644	SORGENTE_SISTEMA/mobile-frontend/src/radio/mulaw.ts
39bc6197944b4b8ff7f20c2853eb52b130ac4941ce0d7a48bc6e1db350535a12	17319	644	SORGENTE_SISTEMA/mobile-frontend/src/radio/radioAudioEngine.ts
2c83ffbe7b8d072aa7691125174d1d6e744ec91b194d23e72f96c184f95d827a	995	644	SORGENTE_SISTEMA/mobile-frontend/src/radio/radioContext.ts
e0d9139644bee1c4ae7a6adc2d3eeee84ec3c863ad87584a91ccef9ce1cdc96d	2627	644	SORGENTE_SISTEMA/mobile-frontend/src/radio/radioGesture.ts
879bcc04082237c51880a2c7f8f3242b6030943b1679586f0b7aea6c656bc9c8	11375	644	SORGENTE_SISTEMA/mobile-frontend/src/radio/radioPlaybackEngine.ts
390c1b6fd0d47fba7ebe12d40cd973929ef1972cf8f8b6204a30707b8e531d26	996	644	SORGENTE_SISTEMA/mobile-frontend/src/radio/radioPriority.ts
f3b93f9e87a17da5316d60726eedd48c668b51fca047e627cca87fc533e65c8d	3534	644	SORGENTE_SISTEMA/mobile-frontend/src/radio/radioProtocol.ts
b841cd2bf7a93bc9e6d36fe45a3cac4c81c8062ccd36d9d98f14c48e746b4b36	4593	644	SORGENTE_SISTEMA/mobile-frontend/src/radio/radioTypes.ts
3b4e8f62185fd9cf778a1268d5bacc850fb0aa61b01881d91a31cf14bc84d8d3	1359	644	SORGENTE_SISTEMA/mobile-frontend/src/radio/radioUi.ts
1e2f93fb8c8d68b59c975f8a9364fc54598339e020943c44226e243f47db2661	10800	644	SORGENTE_SISTEMA/mobile-frontend/src/radio/radioWsClient.ts
4e2e3934a0cec2c7f22a642494cf7539b0f62d9f38b53a7df8607a2aa79d751a	1459	644	SORGENTE_SISTEMA/mobile-frontend/src/radio/resample.ts
697b9d7c07e9ea5b316e2fbe4ee2c2c8b38b179c0dbb9b8e0e779dfbf75c5ea9	2730	644	SORGENTE_SISTEMA/mobile-frontend/src/radio/useNativePrimaryPtt.ts
e5367ffba258d0a989fa1965370c262567f579cabb307887f41ad6e62da36bd9	341	644	SORGENTE_SISTEMA/mobile-frontend/src/radio/useRadio.ts
db6976223eeec7356ba68579056d92159131c7ebe310cbe7a8cabfab3242ab79	1616	644	SORGENTE_SISTEMA/mobile-frontend/src/shared/allergens/AllergenIcon.tsx
add580a51087c011fc007fd1f66fcf108ad57de77f38264830f4c2533d47006c	18722	644	SORGENTE_SISTEMA/mobile-frontend/src/shared/api/apiClient.ts
f43f2ad40d41d02ed9e21f98f1de15af00d85d2a08db871367c9e51d28157fd3	3099	644	SORGENTE_SISTEMA/mobile-frontend/src/shared/errors/ErrorBoundary.tsx
67933cac25654b99c0a59b8aeea8fbef59c3c051b02633599d6c8bd6082b7f3b	178	644	SORGENTE_SISTEMA/mobile-frontend/src/shared/format/currency.ts
791dfc9ed2062d97c4c42e70d9b0c0d449a6dfd03c60040a2d0f76f4aa05d7f4	2377	644	SORGENTE_SISTEMA/mobile-frontend/src/shared/menu/productSections.ts
a9d9c4606c414a77aa30941570c19d8011d135e6fe3ba8870076dca1c9f06e56	2663	644	SORGENTE_SISTEMA/mobile-frontend/src/shared/native/nativeNotificationSession.ts
12af940a8d7c4024d2a9becd1c765f075ea2f634a170dac805fe455b3d953676	3234	644	SORGENTE_SISTEMA/mobile-frontend/src/shared/offline/configurationSnapshotStore.ts
d8dc12c53d6f5a91a05a2cf778b17bf10735dacefa6bf2b3ada08fb6014a081f	6775	644	SORGENTE_SISTEMA/mobile-frontend/src/shared/offline/offlineReplayState.ts
6d249995eecb03325de211c4bacf223f833facd7e74c4ab6e6e5091a7c88399c	3670	644	SORGENTE_SISTEMA/mobile-frontend/src/shared/offline/offlineRequestPolicy.ts
222d961a7a44732a2f4524064ff62211f614fbac64a3e39d3b3e9d1690997070	10876	644	SORGENTE_SISTEMA/mobile-frontend/src/shared/offline/offlineRuntime.ts
b3d9c5a75f5afc37d63e3a0bd93fa3395557aa326e7d17f3e3b528e2fd2294dd	6683	644	SORGENTE_SISTEMA/mobile-frontend/src/shared/offline/offlineStore.ts
07b4b6da925a17e4fb8044f4394f24b60895dcd72af5af4915e506351ca7a00c	676	644	SORGENTE_SISTEMA/mobile-frontend/src/shared/optimistic/clientOptimisticActions.ts
fb36c715df82ac75ad2a67bcabd25972be5f0dc23058182419d31108dbcccb6a	3126	644	SORGENTE_SISTEMA/mobile-frontend/src/shared/pricing/orderEmissionPricing.ts
54397fef184d998736d0edb10f7399d90d323aadf1cec35546f267602b13120e	10558	644	SORGENTE_SISTEMA/mobile-frontend/src/shared/pricing/productPricing.ts
9f3ea269a5148df76d6f5aae9c935a616fd41a3d6ab477a5c5ec88e377a57a24	275	644	SORGENTE_SISTEMA/mobile-frontend/src/shared/query/createAppQueryClient.ts
ec74bea7cf82d05487f4f839f1590e360ffe20b7f324f10cd194084a9a5f0f9c	2566	644	SORGENTE_SISTEMA/mobile-frontend/src/shared/realtime/realtimeEventEnvelope.ts
9de2d807ab9472e56d2654b9529271c1b873e961c7fc8e291f2af2317ee4227f	5013	644	SORGENTE_SISTEMA/mobile-frontend/src/shared/realtime/realtimeRefreshCoordinator.ts
5282a403c6607c3f447162d3382c0e8d0f090627033e029245c3aa5a73982cce	826	644	SORGENTE_SISTEMA/mobile-frontend/src/shared/settings/settingsVersionEvents.ts
65f2fb9b529a762117d586c63fd50ff75845aa4cdcc8a0335aed810ff0e4ea49	1245	644	SORGENTE_SISTEMA/mobile-frontend/src/shared/storage/authStorage.ts
f0e60ce9c780c0c3618f86f81dd743b6dcd1dc8a3657662f6996d96b455558c3	1834	644	SORGENTE_SISTEMA/mobile-frontend/src/shared/storage/paymentSessionStorage.ts
31a461d45637b97b9c29a9c51fe81a5eea419a421179327038b78c932d7ddf27	1044	644	SORGENTE_SISTEMA/mobile-frontend/src/shared/storage/preferenceStorage.ts
420199ec29c7e6d4c1ff3af91500cb425fb9d0ca47c438128b5a5fb62e7b4980	538	644	SORGENTE_SISTEMA/mobile-frontend/src/shared/storage/reservationReminderStorage.ts
ae2c49f75dcebfc4ce2d49e41898a7cf505764413105aeedaaa48376e6cab9f2	1283	644	SORGENTE_SISTEMA/mobile-frontend/src/shared/storage/roomPreferenceStorage.ts
2f142653ad645bb9868d36cbef5d22151332b0ac8b2ece7e35df2a80eda967a6	3442	644	SORGENTE_SISTEMA/mobile-frontend/src/shared/storage/storageAdapter.ts
80b6530325d4d10278190df3d925d3c29f60a4516a49c190a12767e5dbd6a49c	496	644	SORGENTE_SISTEMA/mobile-frontend/src/shared/storage/tableFilterStorage.ts
a0cfd7f4362dfbb1f121c2bdc0c99671365e1e5d4cde6355a8b6c1a517e6e130	8101	644	SORGENTE_SISTEMA/mobile-frontend/src/store/authStore.ts
20bc990a44bb9032c378a39f7ab672cd1319fe9035698120218d95614f20215a	7670	644	SORGENTE_SISTEMA/mobile-frontend/src/store/paymentSettingsStore.ts
13aa9c383d4e71b12d8afe7312d61dcd4f9025f140ad720079441823d624a718	234488	644	SORGENTE_SISTEMA/mobile-frontend/src/styles/glass.css
25627e8d16cc542b8adcc9addc3391ea7b09ce14139ebe12e4bf59c737769ef6	20701	644	SORGENTE_SISTEMA/mobile-frontend/src/styles/menu.css
e88d8460edc8905a35ad923f0af9787ba042c1ba895d435c7a077f2a51c50edb	46259	644	SORGENTE_SISTEMA/mobile-frontend/src/styles/reservations.css
470d7445fcb5c8201ae7ecdac21aa450b93a386d95db461614b72f4ab161fa7f	264576	644	SORGENTE_SISTEMA/mobile-frontend/src/styles/tables.css
0ac8195d51dbc9568d78be21e198c50bd5bee80d82f64b82ab04be115ef47536	698	644	SORGENTE_SISTEMA/mobile-frontend/src/types/auth.ts
215138d82425a69ac3f38d200e5f78be837c646bbc26a17ae8bf0dc493eaac94	15071	644	SORGENTE_SISTEMA/mobile-frontend/src/types/automaticCash.ts
8d4f328d9d6ecd2f5dfa8b82510312f52105689e8e44af22803806557432c8d5	2129	644	SORGENTE_SISTEMA/mobile-frontend/src/types/cashExchange.ts
f3b6a9b80d603f959cd4e7d4e91eceb4eeca31b5590db854ecb70c835befafab	8677	644	SORGENTE_SISTEMA/mobile-frontend/src/utils/analyticsTransactions.ts
2073b7fdd948e7ef716786a4e21e40d90cae03bad9ab384db167372ee5df8bcd	5754	644	SORGENTE_SISTEMA/mobile-frontend/src/utils/automaticCashConfigValidation.ts
3c6102645cdb1d9c9980224ed35f129f78861ec906268a16a1ee89b1cd57acd5	6571	644	SORGENTE_SISTEMA/mobile-frontend/src/utils/automaticCashErrors.ts
c44c611330569e4e809e30caf9a1bbbdb371454461a8223c8b614f727b787af7	4277	644	SORGENTE_SISTEMA/mobile-frontend/src/utils/automaticCashPaymentPreferences.ts
946c101ea56c78f079848445a451de4683f6a7351df1b5e3f7af9060ea9c6ccc	3217	644	SORGENTE_SISTEMA/mobile-frontend/src/utils/automaticCashReserveConfigValidation.ts
0f875c25a3695166cd345f2edee5d51c6244e6b2fa1aa8c5255ebdc0c6825b81	6923	644	SORGENTE_SISTEMA/mobile-frontend/src/utils/automaticCashSettlementArchive.ts
4e380736d3a8a0dd3c53671dc1bb0836526bce6d606f9886cc9b7bd7583c5e87	5071	644	SORGENTE_SISTEMA/mobile-frontend/src/utils/automaticCashTicketRegistry.ts
234f51d7b8a25552d8a11a1f80ba5995aff842547bcfa1cdd499a8bd1d99f258	643	644	SORGENTE_SISTEMA/mobile-frontend/src/utils/device.ts
00d1297975c53cd7c9777d0e0fdae1e0d013cfb8547f81f09239fbbec3c16c9a	1164	644	SORGENTE_SISTEMA/mobile-frontend/src/utils/haptics.ts
8c3d3d99b904264df5477c66aadb1fe3bb7647c3ff1bb14e7618142b7c44208a	931	644	SORGENTE_SISTEMA/mobile-frontend/src/utils/intoleranceTokens.ts
8e4f54b88467316952370d127c96ba3403cae0ca8ee0ab73823340574630b9af	1127	644	SORGENTE_SISTEMA/mobile-frontend/src/utils/menuStationBadgePreferences.ts
ba4582abd36b6bc9673d5cc4cf4daa739019c4416efa0543bdf88509315cd18b	1070	644	SORGENTE_SISTEMA/mobile-frontend/src/utils/orderBestSellers.ts
d36b0252ffd19c2315d1c5003c1a64087d1f2db4312e5ac6c8b7db685f3a1326	1972	644	SORGENTE_SISTEMA/mobile-frontend/src/utils/orderPreferences.ts
b59bdc6ea9f7f3bf9149d7cead6c5a3b8bf90b7ba59b99c381f32d93f3664235	1588	644	SORGENTE_SISTEMA/mobile-frontend/src/utils/paymentConfigReset.ts
05008dbf45d59ffd51a5b6babc9cdbdb9f66390176adbefd78910a1e272d69c2	23626	644	SORGENTE_SISTEMA/mobile-frontend/src/utils/paymentSessionRuntime.ts
8288ec78cc4bb3a8874d0691835a0ad506064d4f3ddf7e92cc5b5183357f4a7e	1270	644	SORGENTE_SISTEMA/mobile-frontend/src/utils/productSearch.ts
f35d7048e590076e42510859f274786b69e2f1ee7c1703ca379b4bc7f9b78259	2683	644	SORGENTE_SISTEMA/mobile-frontend/src/utils/reservationReminderPreferences.ts
4b0ffe4ead31d723872d6890afcd69e7e4532faeed7992e18e0c703da17097ef	4464	644	SORGENTE_SISTEMA/mobile-frontend/src/utils/roomPreferences.ts
573147d3c353787046457d9556ccd910ba432bf7649086c4a6b9ae20772bf6db	917	644	SORGENTE_SISTEMA/mobile-frontend/src/utils/rooms.ts
6d09a8b902cf8f9e69782c2c8e70ecfa043c42223d18922c61387cb2da07c12a	76	644	SORGENTE_SISTEMA/mobile-frontend/src/utils/sleep.ts
10121883c379089790b98933bdc88649ca11968732b895a30652dc56a1be2f43	1038	644	SORGENTE_SISTEMA/mobile-frontend/src/utils/tableFilterPreferences.ts
91ab03be7c2674b901988b18bcbbb84a6ef115e6cf834b94778bb909ec569f8b	7671	644	SORGENTE_SISTEMA/mobile-frontend/tests/adminPaymentAdjustmentDialog.test.tsx
3349263985168dcdf320f9d9ac4e566f10037f6012e2cb5d00c298ae23c81994	949	644	SORGENTE_SISTEMA/mobile-frontend/tests/allergens.test.ts
b0f6a28e45d7839f267696af70411d0b116cddf164ede480e42b325324212940	5795	644	SORGENTE_SISTEMA/mobile-frontend/tests/analyticsFiscalActions.test.ts
3a19a7fe56f34da0d16d7982f94f8c05c9a7d1cf78a20f0d3164283288f3d517	3700	644	SORGENTE_SISTEMA/mobile-frontend/tests/analyticsPaymentMovementModel.test.ts
7440e2ee871444a6f53a90371830e1b51f637ccb79293e5f9e216f51d1764a3d	3665	644	SORGENTE_SISTEMA/mobile-frontend/tests/analyticsPrintState.test.ts
e8124b4cb041812cc56402cba34ccad38fdce6ed1e8c411259b41d475cac02bb	1624	644	SORGENTE_SISTEMA/mobile-frontend/tests/apericenaBeverageCategory.test.ts
df28ecd986c4d09ac3f962f8ea71b759873ac2539a588aa41989f21742e31591	8213	644	SORGENTE_SISTEMA/mobile-frontend/tests/apiClient.test.ts
1ae370a16ae4d70c067be2525c2b535ad4f8a99aa1ae4d92f33fbd9bf3f75224	15954	644	SORGENTE_SISTEMA/mobile-frontend/tests/automaticCashApi.test.ts
5632be1a333025ca427a2d59c140095101379e3ee34363c6d8c402b98c5c6d1f	2064	644	SORGENTE_SISTEMA/mobile-frontend/tests/automaticCashConfigValidation.test.ts
86401110ad0c7ef9e736d049010b2a35b0a97a4758000e5bdb750bc42cb0db17	2288	644	SORGENTE_SISTEMA/mobile-frontend/tests/automaticCashErrors.test.ts
a914589428d248f25488a42a6d419e17826f5653f7ac9df2507f6a63738a8dd6	1298	644	SORGENTE_SISTEMA/mobile-frontend/tests/automaticCashPaymentPreferences.test.ts
0eb14b7f98947cc907cd69db76053a7f49db447d89f9aab134e05c20dab1ecf3	6780	644	SORGENTE_SISTEMA/mobile-frontend/tests/automaticCashSettlementArchive.test.ts
281fe2df27bde667da314662c29a2d3ebf7a8c59dd1b476bc55e42908c66c5a0	2860	644	SORGENTE_SISTEMA/mobile-frontend/tests/automaticCashTicketRegistry.test.ts
2f36b2c6d6e668985d524e582b383854a7717fc6fd30fc545c2a479a7a9409e3	1764	644	SORGENTE_SISTEMA/mobile-frontend/tests/batteryStatusService.test.ts
1b9432d00c0ca2ec24f7e31a42ce8d640bc140f2ba517d8cea2c9024b607e6ae	5746	644	SORGENTE_SISTEMA/mobile-frontend/tests/bluetoothDiagnosticConnectivity.test.tsx
7a919175e83a249a616fa89534a1eeab74b443aa6392a404ee3b4ac4b68ad77a	3455	644	SORGENTE_SISTEMA/mobile-frontend/tests/cashExchangeApi.test.ts
214d2c22c50c57acde521543583d784904bcd70e50d7db52c25d7d858ce3641f	1658	644	SORGENTE_SISTEMA/mobile-frontend/tests/cashExchangeDenominations.test.ts
2948ff8ed09401477293b19dade3d3ea906bb63f7f5b455a0a51e4862ba4c514	2226	644	SORGENTE_SISTEMA/mobile-frontend/tests/counterMode.test.ts
9d8db07691abc69bdf5d74d862138965dfac4537324387cd7511e80638875ca0	1990	644	SORGENTE_SISTEMA/mobile-frontend/tests/e2e/logoutConfirmation.spec.ts
e446a92de861b0657991e06af71157b409cbb39696c3cecf1b8a09a945b91015	4412	644	SORGENTE_SISTEMA/mobile-frontend/tests/edgeSwipeBack.test.tsx
00f622d308e2e89f39b7c1e06b5e0b73411595517393de6bb316637d3cd1c75b	2131	644	SORGENTE_SISTEMA/mobile-frontend/tests/frontendAuditFixes.test.ts
c53599a839c7059bc938392173ef725289ce5da78afcb68e893d58e0037649d8	12059	644	SORGENTE_SISTEMA/mobile-frontend/tests/frontendV2RuntimeContracts.test.ts
4401292256ee4b01f64e4dc0f9e01edf6b1454bbf7a3df21a1eae99f6a71fee2	6653	644	SORGENTE_SISTEMA/mobile-frontend/tests/integrationClient.test.ts
cd4076ced48466e5561789bac9bc015485ac0f17b22ab0c7eb66d177e137e45b	4825	644	SORGENTE_SISTEMA/mobile-frontend/tests/integrationOrderTransforms.test.ts
0509361401e869885bd2f049f835a81013c5b874b2bc6fd9b2bbf84ad026579b	4645	644	SORGENTE_SISTEMA/mobile-frontend/tests/integrationParsers.test.ts
6ebc5829da0cc929c823d9ff5494dcb9abdbcc2ba9b0c49900a1ca14d013a7df	3726	644	SORGENTE_SISTEMA/mobile-frontend/tests/integrationQueueStorage.test.ts
828f593bd28da23a37bf4831995d709fe26c16ce72446391c1ba9b0ef83caafb	742	644	SORGENTE_SISTEMA/mobile-frontend/tests/intoleranceTokens.test.ts
0aec2acad2e1a07ce08635c5275f94abef70dac737850dca67f14617295869df	4773	644	SORGENTE_SISTEMA/mobile-frontend/tests/locationsRoomsCache.test.ts
1efdc8f5964d27e932e5f80e3e858cd4991eaf7c0205ad0de61a6d5f45917bfa	2642	644	SORGENTE_SISTEMA/mobile-frontend/tests/loginDeviceStatus.test.tsx
e7717866084c391f8c6b06422aedc2e7bdd5f6c46a30aed5ef96476ca37ff74f	1557	644	SORGENTE_SISTEMA/mobile-frontend/tests/logoutConfirmation.test.tsx
207113f960fae0c04f96306c5af55f61ae988f0a6711166aaf36d8651805ea30	5213	644	SORGENTE_SISTEMA/mobile-frontend/tests/markDiningOrderServed.test.ts
2030d8f803cac3c06605b1fc3c72fa35d4a5e6216e45fb183d534093d8bd9520	3927	644	SORGENTE_SISTEMA/mobile-frontend/tests/menuAuthoritativeEmpty.test.ts
1cea057145d2e36fdc49b745a2ba1ebcbf529690900d78461724ae4715d839fc	1425	644	SORGENTE_SISTEMA/mobile-frontend/tests/menuCatalogDedupe.test.ts
d0e1a5c24aed5f2bac4d0f50cfd9b788d3787310b2199a31a60e7ff8eb1fdba8	2384	644	SORGENTE_SISTEMA/mobile-frontend/tests/menuSingleCharacterSearch.test.tsx
e1666ea8d9a2c0f7345254c340fc36a3cc0498b456821b8b55f13c3b180b6ba4	960	644	SORGENTE_SISTEMA/mobile-frontend/tests/mobileBatteryWidget.test.tsx
cea4a4c02765e264b66c4c4e25fa7d9080a097aff74b94deccd6cfe762add2ee	996	644	SORGENTE_SISTEMA/mobile-frontend/tests/mulaw.test.ts
c8a7b22c3cec167ebd25a9bb2193729a020bdb4919f0401e1e4f630aee96cd8e	17793	644	SORGENTE_SISTEMA/mobile-frontend/tests/nativeBridgeFunctionality.test.tsx
f3806294143944d23f74266c81ac64a97427bddb6b02e8135e41e25cd6a92b5b	2070	644	SORGENTE_SISTEMA/mobile-frontend/tests/notificationAudioLogout.test.tsx
dcb7305308bca186fc94f93dfb01c836781032dd5ad57745530c5d8f1c47af01	13542	644	SORGENTE_SISTEMA/mobile-frontend/tests/notificationCenterSession.test.tsx
1697f25171547ada279c38c0e2933297269471cbbddc1d508c4c31370c758416	855	644	SORGENTE_SISTEMA/mobile-frontend/tests/notificationStreamScope.test.ts
f32bc3dfe65d6cf1f26bf0353d9f43d2314cf2c8e2586797097e15c1da8e0387	1800	644	SORGENTE_SISTEMA/mobile-frontend/tests/notificationTransportPolicy.test.ts
026c8254ebf93450ddad62c94453e313aec826e4f64af20b17fe26d85162235a	3757	644	SORGENTE_SISTEMA/mobile-frontend/tests/notificationsMenuLongPress.test.tsx
3d21f9c9639a2ac17cd29b27bb264db6d78abd5c4bc6f504c9ac7aa73c6ba7b2	7826	644	SORGENTE_SISTEMA/mobile-frontend/tests/notificationsTargeting.test.ts
c15a290df83e50aa2090013a9dfe82746af0c9dcd2ebf125b317f6e480020338	12050	644	SORGENTE_SISTEMA/mobile-frontend/tests/offlineConfigurationReconciliation.test.ts
83dc7cb6341d38f5320fc2a875862227581b8634632b22b16c0d7e61fa694e0f	5754	644	SORGENTE_SISTEMA/mobile-frontend/tests/offlineConfigurationRefresh.test.ts
4853e9ccaba98d7078207bf0ea85fa5e41556c348f7cfcbe7ec1a90ad138937f	2036	644	SORGENTE_SISTEMA/mobile-frontend/tests/offlineQueueStatusBanner.test.tsx
3ccca3c25314c181461407756f1493f99c02cc5fadc638981f80de56677e39a0	8173	644	SORGENTE_SISTEMA/mobile-frontend/tests/offlineReplayState.test.ts
224727cfa6f475c30d396bcd6dce608b0686701c7b6447b2559e8f4b6af3b0ab	3779	644	SORGENTE_SISTEMA/mobile-frontend/tests/offlineRequestPolicy.test.ts
510803a33571897d66343236c45f46c99ed9a3444779e731186ca1a4323ce8be	3784	644	SORGENTE_SISTEMA/mobile-frontend/tests/offlineRuntimeLogout.test.ts
a44d47f9a1a84ad3106f9e37a42fe78bec469bad2d007632c3a36bdc8b18234a	8607	644	SORGENTE_SISTEMA/mobile-frontend/tests/offlineTableWorkflow.test.ts
9f4f03d4d39046cdfc71d414c3ec6c0ce2626b40ddc6a1568df2278d3be09c51	2953	644	SORGENTE_SISTEMA/mobile-frontend/tests/orderBestSellers.test.ts
a67a1c1dd1ca794af7b20423882b2e7f3d09460c848b1df59326491b675ec307	2091	644	SORGENTE_SISTEMA/mobile-frontend/tests/orderComposerProductPolicy.test.ts
d1b630785b5d47b3cd7b007e18c94da5b08409aed83f4fe26cc1a5ec3cd15053	1937	644	SORGENTE_SISTEMA/mobile-frontend/tests/orderComposerSingleCharacterSearch.test.tsx
50e85e21682bda6aa6654788cd7984d413b13fc49879d7d245f64f589d13df4c	2455	644	SORGENTE_SISTEMA/mobile-frontend/tests/orderComposerSwipeDelete.test.tsx
108e0b81d798793233f6a760755d3367af1fa3a91949f75ade00f0dfea08ee08	7791	644	SORGENTE_SISTEMA/mobile-frontend/tests/orderDraftPricing.test.ts
f785826b0bd0747d7780f915760965a6647039d4e9315a598a8d76755196d89b	2353	644	SORGENTE_SISTEMA/mobile-frontend/tests/orderEmissionPricing.test.ts
db434d25cc59ed0555492e0572f10a553491adc8a8376df3abcfbec5d88fac8c	2154	644	SORGENTE_SISTEMA/mobile-frontend/tests/orderServiceRecovery.test.ts
10c66b41da48204b0885688a50899fe197396aeabc19dabff9f4267cc4036b22	6395	644	SORGENTE_SISTEMA/mobile-frontend/tests/paymentAdjustmentDistribution.test.ts
ed8c6cc32642adcf81c257eb47fdffdad6902af2260e681f5da14084aaee98ee	2447	644	SORGENTE_SISTEMA/mobile-frontend/tests/paymentArticleUnits.test.ts
b5ef52e0ee7546209a4b7b9dc9c78039edbae6c623fe992839cb4768260975a3	6388	644	SORGENTE_SISTEMA/mobile-frontend/tests/paymentBackendPayload.test.ts
9bb1f2057415f9136c3dc14d03ae2a933477d0ca0adf4269ad04404cd5a67866	1369	644	SORGENTE_SISTEMA/mobile-frontend/tests/paymentInvoice.test.ts
750ec273d63479e729dfe8f803c66c50744fdfb21b1905198bec279ce314db43	8378	644	SORGENTE_SISTEMA/mobile-frontend/tests/paymentOverviewProvider.test.tsx
253fb495725fb768414e23b794b12f0c85d5c1d4c8797f1f18aadf9e12bdf82c	9434	644	SORGENTE_SISTEMA/mobile-frontend/tests/paymentSettlementLedger.test.ts
2c2a72e14331b73f8478ab2ab662d7457a75672e665fe411026c547573761c68	2264	644	SORGENTE_SISTEMA/mobile-frontend/tests/productPricing.test.ts
f9cfc41a485b31eafb089aed44b30089f765bc9bfa262fab1922007f98ff3e1a	875	644	SORGENTE_SISTEMA/mobile-frontend/tests/productSearch.test.ts
2ee63c01db191377e5f79fcba72d4cdb0a605b011806c0978c1829a413e5cebd	1474	644	SORGENTE_SISTEMA/mobile-frontend/tests/productSections.test.ts
c1c3ef63911dca30a26e1ea5064489bd2688f31d95f776cfd499c907ccf9075e	1298	644	SORGENTE_SISTEMA/mobile-frontend/tests/queryClientOffline.test.ts
e6f59871414b919d55278d80545f487dcb4802e11cc066872ef667ea2df4c7db	14035	644	SORGENTE_SISTEMA/mobile-frontend/tests/radioAudioContextCompat.test.ts
ba9380fda8a3a95420f4ef034a3c81fd23fbf0667d67944d382fa7197bafe642	934	644	SORGENTE_SISTEMA/mobile-frontend/tests/radioAudioEngine.test.ts
0f54ae65b32934aed1c015def2e51af4a653099473d4c4952c00c30b07951372	12181	644	SORGENTE_SISTEMA/mobile-frontend/tests/radioBottomBar.test.tsx
d1918a2718f4be66704b52668db5b03e34d74980807af7a748e13231c030386c	2358	644	SORGENTE_SISTEMA/mobile-frontend/tests/radioGesture.test.ts
062ba9a6ae9d21084ff87517617941797b646c0012df2f3be56d36ac6c66586c	5653	644	SORGENTE_SISTEMA/mobile-frontend/tests/radioPage.test.tsx
d9d92471a175e4b30f52b0df1c6375ec956f185909cf86557fed321edcd7e3b6	5760	644	SORGENTE_SISTEMA/mobile-frontend/tests/radioPriority.test.tsx
80a1a9147ad67a0c59923dd9f99758d7ccd3c903589c7e62f0172a876497ce40	1880	644	SORGENTE_SISTEMA/mobile-frontend/tests/radioProtocol.test.ts
16541658c309f5615545e52dbe76468fcdfbda61f73ff8dc66dff3b65484ebc6	8201	644	SORGENTE_SISTEMA/mobile-frontend/tests/radioTopbar.test.tsx
a0ae5b35520ed9ae837e3645c0bc19404a005f4b67ccae42417516848a064c99	1745	644	SORGENTE_SISTEMA/mobile-frontend/tests/radioUi.test.ts
449f9af66a443ef88116777cd88659bca51ca94da7caa0d760d49eecf143b53f	5050	644	SORGENTE_SISTEMA/mobile-frontend/tests/radioWorklets.test.ts
7d7292df33a91f97fd4f73d72e652904ff71d091ed0224255625b4db1e815267	1901	644	SORGENTE_SISTEMA/mobile-frontend/tests/realtimeEventEnvelope.test.ts
e496ade74a9a55cfe0f64bc26a673a68d958b51953fceb735cef5ba9243443eb	8439	644	SORGENTE_SISTEMA/mobile-frontend/tests/realtimeRefreshCoordinator.test.ts
0ad157dbaba9ee1be2794d58dfd24f3b1a0ca187b6ab9e6335d137e49537da55	864	644	SORGENTE_SISTEMA/mobile-frontend/tests/resample.test.ts
d67fbab58d86b1029b0864641bc556789361f459fdfe40b098d2def29b32f368	2013	644	SORGENTE_SISTEMA/mobile-frontend/tests/reservationModel.test.ts
b3f6adf16a6197553a4e81ec5a7392325ad7caf49701041b64fe1024bf6114e6	3852	644	SORGENTE_SISTEMA/mobile-frontend/tests/reservationWindow.test.ts
c11e41676cfe28eb867acbeed926c36de03b1d1b42d2ce458b4891f802f58d81	10212	644	SORGENTE_SISTEMA/mobile-frontend/tests/reservationsOfflineState.test.ts
4468cb33daa3f1a936c6fad19790caf6a8c44d959d7bc8fd9783041ecfffbafb	1699	644	SORGENTE_SISTEMA/mobile-frontend/tests/roomMoveAvailability.test.ts
395eef6f9cc77c57a4db8665b45b919351b37ed28fde97e03bed9c95dbeb78e1	6392	644	SORGENTE_SISTEMA/mobile-frontend/tests/sessionLogout.test.ts
cf1d373869f53386f4906de3f230d78ea38bced94dcd339a90c3901aa13e61c5	4888	644	SORGENTE_SISTEMA/mobile-frontend/tests/settingsLiveSync.test.tsx
7775cb345f9d7cac6fa8e78bc2e66e2340baba1f7455a9b2fa8347a0e9fc7593	1032	644	SORGENTE_SISTEMA/mobile-frontend/tests/setup.ts
0097e6223d3c4a5fa26df4f3020039495ca3290fb311c548dbdd269795c1f62a	3071	644	SORGENTE_SISTEMA/mobile-frontend/tests/static/analyticsPaymentDetailModal.test.ts
866ff2a85d4e903726c07e6e85d90e57a991e53becf8420a69d8320976592a24	1729	644	SORGENTE_SISTEMA/mobile-frontend/tests/static/analyticsWorkspaceContainment.test.ts
97bad9363e0c3451f700334d326f138b909829acaf43c5dc837ef96ce9acda35	9268	644	SORGENTE_SISTEMA/mobile-frontend/tests/static/architectureRules.test.ts
4a92ed1d863db53c006f219da62cae8438c9745b0e5f8a79a7a7cb169635b060	2461	644	SORGENTE_SISTEMA/mobile-frontend/tests/static/counterCollectButton.test.ts
c61fb20a91a11532fdc13e498aba03e2599069123c28d34156bd1a88d32e1514	1562	644	SORGENTE_SISTEMA/mobile-frontend/tests/static/counterModeTransition.test.ts
784393b6ecdef1e81e6f3ebf733ac2f0216817f0963706f59ed9bb8c3555638e	1596	644	SORGENTE_SISTEMA/mobile-frontend/tests/static/counterWorkspaceContainment.test.ts
6375085e80df4c332d1de739666f606f542553248b25ec2ee52e92168b1948dc	643	644	SORGENTE_SISTEMA/mobile-frontend/tests/static/dashboardDarkMode.test.ts
66bdcedc8505b63b80f939959d2b3682c37478f24bc785e906b8b1a83e5c8ad0	4984	644	SORGENTE_SISTEMA/mobile-frontend/tests/static/dashboardQuickFilter.test.ts
45af7619b6e317a9a57a4cf7c375a2475a48c6b4cc83651ee75ed9db6131c1d0	977	644	SORGENTE_SISTEMA/mobile-frontend/tests/static/errorBoundaryReload.test.ts
bc9377f0eab554c5dfe1a323e8919f10de4005832dbd0888986edc5e66338b59	3647	644	SORGENTE_SISTEMA/mobile-frontend/tests/static/menuCategoriesNavigation.test.ts
92d05b83e686e6b893fd20042a2c9e8cf6e6341ab9dcfa1bd01c1b1c24dcffae	752	644	SORGENTE_SISTEMA/mobile-frontend/tests/static/menuNoHorizontalScroll.test.ts
db7ca23ad81fb18a0728f0e3b8860a0e06ad381b02626404447ad8aa2b7fa9a5	600	644	SORGENTE_SISTEMA/mobile-frontend/tests/static/menuProductListNoSku.test.ts
0057f0678f0285bc1476d28a47002f193155543cf7e789aca453432716fb7580	1683	644	SORGENTE_SISTEMA/mobile-frontend/tests/static/mobileLegacyBridgeAssets.test.ts
20bf6e8bc7319274369dd9283fed456a944e4d58804688be4c45b6ce8e55498b	1859	644	SORGENTE_SISTEMA/mobile-frontend/tests/static/noRuntimeMockCopy.test.ts
fd004d244cfcd7c44eabdd6b792dc21eef9d3707fd9f5d55e83c6ea308e89aae	2502	644	SORGENTE_SISTEMA/mobile-frontend/tests/static/orderBestSellersComposer.test.ts
0ed079e69d59838cf7ee802e01ef74ae9a185c5a8a8b15d36e5674c19eb40997	2027	644	SORGENTE_SISTEMA/mobile-frontend/tests/static/orderComposerSearchSubcategory.test.ts
19618e327ddb7762493d543a80130c72ab50fdafaa0fa4c025afccda27ac8251	10429	644	SORGENTE_SISTEMA/mobile-frontend/tests/static/paymentActionButtonsVisual.test.ts
323f6b7c0ca024b984ce18b10b8cf9383bf169812c93ff5779c9310da0935692	3253	644	SORGENTE_SISTEMA/mobile-frontend/tests/static/paymentBenefitInputModes.test.ts
af190d6915c16e752fb08f1b19872b54f0c45d95e3755cd200ac20c0e6ca5533	1210	644	SORGENTE_SISTEMA/mobile-frontend/tests/static/paymentMethodPermissionsNative.test.ts
83513e69d452f0c2ac2200a1c168a5376a0b7609a12c26dc2ee1a1ab9c27d873	22623	644	SORGENTE_SISTEMA/mobile-frontend/tests/static/paymentsAutomaticCashUi.test.ts
ca2b7390db59362d38645c1c1507495899e3b7e32e8b71dfd7ac8e7994861e7e	1849	644	SORGENTE_SISTEMA/mobile-frontend/tests/static/premiumDrinkVariantModal.test.ts
07c585a7df4231261c8b29b10e0fa1a1c5ef337ea02db30680b405fd924780c8	7157	644	SORGENTE_SISTEMA/mobile-frontend/tests/static/radioContrastVisual.test.ts
3a394c0eee799f0153d63f2038c767377e2452d8b693318f89c22ca483ed73d5	1766	644	SORGENTE_SISTEMA/mobile-frontend/tests/static/reservationReleaseDecisionPrompt.test.ts
aed5ae8300f19dfa00fd90d4dff4d63f63a8369cdd66ca01510f10497313bd65	10589	644	SORGENTE_SISTEMA/mobile-frontend/tests/static/reservationsMultiTable.test.ts
0baa6eb0541ed3e816ab6a6b93e8f43e3b87640d7a98a3c3922e602715c9bcd5	2834	644	SORGENTE_SISTEMA/mobile-frontend/tests/static/reservationsTableSelectionVisual.test.ts
9a9f1da52989746e3ae3d4df9df7fea0642ae338238ba6b062fc1fa71fc381cc	6062	644	SORGENTE_SISTEMA/mobile-frontend/tests/static/serviceRecoveryAndFiscalFlows.test.ts
e7af2f8125fa836f17bfc4142b489e105df637eaeeffb49ef6205d3070acdcbb	11127	644	SORGENTE_SISTEMA/mobile-frontend/tests/static/serviceRecoveryModalVisual.test.ts
fe3d0d81ecddd67c788d22369f9e2df1d25b5a414bd6d5496b61ee0c9c5bcbd2	1159	644	SORGENTE_SISTEMA/mobile-frontend/tests/static/settingsHomeBackIcon.test.ts
d8925f4627545a737f4603a1a8ceabc6b3031ff0d57b22010c9eaef3fb800207	1389	644	SORGENTE_SISTEMA/mobile-frontend/tests/static/settingsThemeControls.test.ts
433f05923d5687a83505e896749f462ac338607213d9ceb7b515406aa97081bd	2517	644	SORGENTE_SISTEMA/mobile-frontend/tests/static/stationAvailabilityModal.test.ts
b24eb78b21b7e2e0e0b7b974a71ef41598b44f28bb702cc1e92fd340bcda18e1	1081	644	SORGENTE_SISTEMA/mobile-frontend/tests/static/tableDetailHeaderLayout.test.ts
bf1c40402e12fa0fbd00bb412bffc552feb43cb50ba13afb69d1dd518a88f2f6	4868	644	SORGENTE_SISTEMA/mobile-frontend/tests/static/tableDetailReservationManager.test.ts
23439d6971db92cdec6568617285f8796bfdf01ba8dba73f8b8995f6648c804a	1690	644	SORGENTE_SISTEMA/mobile-frontend/tests/static/tableFreeAction.test.ts
e6c76e84aaeff652a70e26ad5fc87241c92a565c73d1e58c57db80498f57d628	6444	644	SORGENTE_SISTEMA/mobile-frontend/tests/static/tableHistorySync.test.ts
d5590e4e6b779b51e71a7530449ab8da210d924155343e51f1c9f492c3baf5d1	10601	644	SORGENTE_SISTEMA/mobile-frontend/tests/static/tableMoveModalVisualParity.test.ts
2e543e11f58b9e9854c5ded85230842cafee6bb6e32806bf9248e6d54804743c	2119	644	SORGENTE_SISTEMA/mobile-frontend/tests/static/tableOrderSupplementAlignment.test.ts
ffdb0f6a165c169b545bc31fb2f4f0e4f9e57379ced7593e07c9461f341866ed	3227	644	SORGENTE_SISTEMA/mobile-frontend/tests/static/tablesRoomLongPress.test.ts
44579d78f2e91c256ee1b46d85fac362486c7b50dabc1b68897c8e9b75c32b35	1626	644	SORGENTE_SISTEMA/mobile-frontend/tests/static/tablesRoomsHotRefresh.test.ts
b890436d46c8b54b09199af16092cb5c75c91a7a73ad817b594a0b31b03a8db1	2248	644	SORGENTE_SISTEMA/mobile-frontend/tests/static/tablesWorkspaceContainment.test.ts
14f4dfb231fbbb079743c1543c096d1206aff64485a654c87330e51e10616587	2547	644	SORGENTE_SISTEMA/mobile-frontend/tests/static/themeModeBootstrap.test.ts
e65a8ca7515f92e5c19ea9ee97e8baacf01aa0aa2e46466d15c7ca937885bd79	1184	644	SORGENTE_SISTEMA/mobile-frontend/tests/static/timedPriceBadgeContrast.test.ts
2fa6815afe7908be2f0a929790733a741d7d491a61da6b8956489a42577c3a65	4400	644	SORGENTE_SISTEMA/mobile-frontend/tests/static/v1BridgeNativeMigration.test.ts
ba893b9d81d712cd3d4c4c57dfb1beace4587ac90ae0a1bf0b6912a1774631d8	1354	644	SORGENTE_SISTEMA/mobile-frontend/tests/static/waiterPauseCardVisual.test.ts
9d35cec24d9ed736f7a2bd5111238cbc724e74be69c3d23b5f06a26493573d40	2015	644	SORGENTE_SISTEMA/mobile-frontend/tests/stationAvailabilityRecovery.test.ts
ba2d9470655b65a6f0fbf4855f21773e02f2cf21d5864c4d57c4bbf4c4c97895	759	644	SORGENTE_SISTEMA/mobile-frontend/tests/systemConnectionStatus.test.ts
36190b59adde09e7cc85d960515197313648982a4150f797a4e0ec80ce04aaf8	852	644	SORGENTE_SISTEMA/mobile-frontend/tests/systemStatus.test.ts
181db237d36740d22cb445978e6a2cc2f659a719b8636633b94187ac6dd3f01a	6395	644	SORGENTE_SISTEMA/mobile-frontend/tests/tableGroupsDialog.test.tsx
50d33e3a16f21a6b92218a31508ff91d08341579d47ea7880c1088b76d254147	3914	644	SORGENTE_SISTEMA/mobile-frontend/tests/tableGroupsOfflineCache.test.ts
c90fa35d74983ae3b1a179d730fe9d88324b4bc3db620881d05dd9593c745614	926	644	SORGENTE_SISTEMA/mobile-frontend/tests/tableInputSanitizers.test.ts
2d3e5d35fcf8857340e442c8068ee1ba058535e78a628def074f1c41c840ba9a	4980	644	SORGENTE_SISTEMA/mobile-frontend/tests/tableLocks.test.ts
af490cf17d5f23ff3fd84d50fe96107fb9c36d4685424056cd65eaef07e3c129	4998	644	SORGENTE_SISTEMA/mobile-frontend/tests/tableServiceRecoveryModel.test.ts
90b65f78d491e35b2d0874e365b7c0f1bc6c523b18f94ae08a8fce672d9d3dfa	5233	644	SORGENTE_SISTEMA/mobile-frontend/tests/tableSessionHistory.test.ts
b15e07ca53bb6468d58f26b3c2e5a1820acb4a6d66095ab3dc673511d6409285	2005	644	SORGENTE_SISTEMA/mobile-frontend/tests/tablesRemovedRoom.test.ts
9b33e09fc886f5f3b283fd17d247ed8bcea9a7af071857de26c2a6f4a0534dcd	9982	644	SORGENTE_SISTEMA/mobile-frontend/tests/tablesWorkspaceOptimistic.test.ts
2aeb512e88eee74b252b4f656f3f460eb88f752cbdf34a0c7940789b3cc62f4e	1712	644	SORGENTE_SISTEMA/mobile-frontend/tests/themeModeRuntime.test.tsx
fe499d757afa0afc590598db84aa1aa23fee3e3636e8109bf07141f589ca9464	4309	644	SORGENTE_SISTEMA/mobile-frontend/tests/themeModeSolarLocation.test.tsx
5764e709a92448d263a6e749582d63a58f6064b5026079801cea370854170eea	2438	644	SORGENTE_SISTEMA/mobile-frontend/tests/topBarLongPress.test.tsx
37fea7569b68f3791a6548ac202a8b7265608dcf77868925072fd567cf4f217b	3427	644	SORGENTE_SISTEMA/mobile-frontend/tests/useSubmitLongPressAction.test.tsx
2169fc72153e9517e7a2945ee82f56e63f78ccf93b8e63df8de657dca6b8e3a2	2320	644	SORGENTE_SISTEMA/mobile-frontend/tests/useTableLockOffline.test.tsx
4163b75bc22b86eedf7ffee890b12e4bee5888e45db40c06756868931087523c	1676	644	SORGENTE_SISTEMA/mobile-frontend/tests/useTimedPricingRefresh.test.tsx
8b2c8fe006345f68cdfb08aa3cbe2bbc3c6bfd026804cc35937857bb8a7c6a6f	2330	644	SORGENTE_SISTEMA/mobile-frontend/tests/waiterCallDisplay.test.ts
820bf1a449015f82111de1c1dc33608a022dc171766f3eba2dd78ca0b5bd7df9	400	644	SORGENTE_SISTEMA/mobile-frontend/tsconfig.json
e57e0ba3bcbf72122e0977dabe684f3e3b73f16f9e55a3d06e212f3e25288d51	183823	644	SORGENTE_SISTEMA/mobile-frontend/verification/payment-actions-after-login.png
58eeee31861c5539eb1590f1c5d50b2a8de4da12708448958494e2ae7bea1e11	33380	644	SORGENTE_SISTEMA/mobile-frontend/verification/payment-actions-card-dark.png
b176eeaff6eeadb88a872519c539e05d2747549e24a061ea896c4385dba866e4	214858	644	SORGENTE_SISTEMA/mobile-frontend/verification/payment-actions-colors-dark.png
df3b6b1680ffd7a076c90513ea1431cc84def2ccce318790ed7c298c9f78e5e7	180204	644	SORGENTE_SISTEMA/mobile-frontend/verification/payment-actions-colors-light.png
28563e72f46266bbe0ee7b2d46e2306a2c1b8cb13c254cdbcbcbe4701f9824fd	188930	644	SORGENTE_SISTEMA/mobile-frontend/verification/payment-actions-login.png
6e80118c19177001ecfd917a749dd5bf7fa733990a6aaee7c6e6f82ede5bd1d7	106804	644	SORGENTE_SISTEMA/mobile-frontend/verification/payment-actions-table-detail.png
fe76be208aa92c3aa6c3dec8b3a9796947c39f593adcda799ad1016f11bd833e	126815	644	SORGENTE_SISTEMA/mobile-frontend/verification/payment-actions-tables.png
743695dff7204f83dcce82c3003c9d8e374269eb72186eb715bbf8dbaf623b12	101545	644	SORGENTE_SISTEMA/mobile-frontend/verification/payment-header-slide-dark.png
083e0a17fc10c94135c3cdca6683fabd5f2c2c47fb0b416efb813166fb41167f	83843	644	SORGENTE_SISTEMA/mobile-frontend/verification/payment-header-slide-light.png
69e43ac0c4dadf885c0a37cd7c5b25435da5fd3bf310b958a6b5ee6f6c8c1afe	108400	644	SORGENTE_SISTEMA/mobile-frontend/verification/payment-layout-after-pay-click.png
e7cbb0cee9b7072259ae409cc2f9d5ea69ead1125827170a7598de57d76dbc0b	147407	644	SORGENTE_SISTEMA/mobile-frontend/verification/slide-to-free-dark.png
4772f1ff69d1af518bb10ada1681ef7b15bf92b41a8c96a3fc502e0806593842	130243	644	SORGENTE_SISTEMA/mobile-frontend/verification/slide-to-free-light.png
a04308dbabc408354bad66b28d99df2863e1a61b79435b4a2ef11168a02bd348	105295	644	SORGENTE_SISTEMA/mobile-frontend/verification/table-detail-before-layout.png
36bbf040442f5b80b22020db5a775ac2946236f114003126c280ad76e2f14f10	6210	644	SORGENTE_SISTEMA/mobile-frontend/vite.config.ts
f1e0529ca9fa5768a0949570e5c427d13d4e09ee9ce0222762b763fd272376aa	221	644	SORGENTE_SISTEMA/mobile-frontend/vitest.config.ts
cf4365bf01e44d5d7efc38236cc54716ae1c72f3f159b7fdf1f3d1e4ad3a42d7	67814	600	SORGENTE_SISTEMA/monitor-frontend/dist/app.js
2146ce19f4cae582419acef94d366896aa51a7c7199eccd38861ba82b840e696	8148	600	SORGENTE_SISTEMA/monitor-frontend/dist/index.html
75c5c28dd75bca8032b92df05c2a0eb1ad25a76ec36018568660152d3f664f76	17164	600	SORGENTE_SISTEMA/monitor-frontend/dist/styles.css
c5a04e9f4da77fc841c82ca754fcc404bf51f1902b4d6d39228c8554e9588a4a	4165	644	SORGENTE_SISTEMA/ops/maintenance/reset-menu-catalog.js
5f794f0e6cc10ba44857723af17ec7e871e09c5d4410003a8a869aa36226826f	9535	644	SORGENTE_SISTEMA/postazione/css/base.css
b1fc4327da21150c37b183e3ee16df1fe8242cd4dd6e5ef67b12f461f0ffe22a	11248	644	SORGENTE_SISTEMA/postazione/css/components.css
8ef1c3ba0fb058e79918cf0b0b63f90e5d78a5d2d4e3ce51be071fd513a48166	15576	644	SORGENTE_SISTEMA/postazione/css/layout.css
cd8b4817b433946c2f186dffbccc2755bfabfc8db0b72eef7ba32c46f021f8e8	44860	644	SORGENTE_SISTEMA/postazione/css/overlays.css
1edb1725a9ea8ca4dcf2f5508cee183218aa1685e47c1b23056717f754f58ebf	102025	600	SORGENTE_SISTEMA/postazione/dist/assets/fontawesome/css/all.min.css
20c4a58bc9d1d69e935d06f1528923646a715be5e218665655cade8f5f1b8c00	187208	600	SORGENTE_SISTEMA/postazione/dist/assets/fontawesome/webfonts/fa-brands-400.ttf
748332090c4b8e20f95d0ff59f0be20fa9c889359d3b36d4b886d73376054207	108020	600	SORGENTE_SISTEMA/postazione/dist/assets/fontawesome/webfonts/fa-brands-400.woff2
528d022dce6725f8a0811fd91d8e6513445c81ef33353a5c3234eab932551abf	63952	600	SORGENTE_SISTEMA/postazione/dist/assets/fontawesome/webfonts/fa-regular-400.ttf
8e7e5ea1b15f62ab14dbd41768e8fbcd21cc859a4ea5da812457ee714299fb35	24948	600	SORGENTE_SISTEMA/postazione/dist/assets/fontawesome/webfonts/fa-regular-400.woff2
67a65763c7f80903d81603bbeb9049fc2bf28508479b83ed011fe24c71fa950a	394628	600	SORGENTE_SISTEMA/postazione/dist/assets/fontawesome/webfonts/fa-solid-900.ttf
7152a6933ee3d690ec2af3d09da9d701723d16aa3410a6d80f28ff8866f3b880	150124	600	SORGENTE_SISTEMA/postazione/dist/assets/fontawesome/webfonts/fa-solid-900.woff2
0515a423f828ce4e6accf92a2ea0b03d19d31cc86d9af0373291e1fd4db5f348	10172	600	SORGENTE_SISTEMA/postazione/dist/assets/fontawesome/webfonts/fa-v4compatibility.ttf
694a17c3d9d6c05f8aac63c544615552a4b220e9a4de863d87341a6bcfc1bc8d	4564	600	SORGENTE_SISTEMA/postazione/dist/assets/fontawesome/webfonts/fa-v4compatibility.woff2
be35d2351c9168cba339318fb6485005307f15f401aaceb3ba55481fa81ccd92	267080	600	SORGENTE_SISTEMA/postazione/dist/assets/index-DsdWEx57.js
567e09f547d9c25a2e71f4fb723a144f8f74534e1869e0df0516b3bfeaeee574	62280	600	SORGENTE_SISTEMA/postazione/dist/assets/index-p3HQzsaa.css
049c4f86ffdbc288c221c531da83d6943a736eb095d5ecdba8671be895672a87	6547	600	SORGENTE_SISTEMA/postazione/dist/assets/postazione-apericena-summary.js
1462effd8a7058e06a8e6ad674cc83575e7674bbbac976fe006689c99f4ff3cc	865	600	SORGENTE_SISTEMA/postazione/dist/assets/postazione-disable-context-menu.js
438a58f7ecd34beb3573e7fa031e4be28311b3d68ecbdc0eb1b1fe13249d67b6	4613	600	SORGENTE_SISTEMA/postazione/dist/assets/postazione-dropdown-overrides.css
5a9c363eb90fceb4f57fe21db908157fc203455fe51c148974ad5b0cf8e0927b	17926	600	SORGENTE_SISTEMA/postazione/dist/assets/postazione-layout-overrides.css
c890b2134d0b102f2c34d6ee67665bbe69b202089612f43073114b930b6e96cb	11596	600	SORGENTE_SISTEMA/postazione/dist/assets/postazione-order-sound.js
02ad1876b4e2098783c50b25dbe4fc3f7b191d41a3c330b8b2575fa6709486bf	1098	600	SORGENTE_SISTEMA/postazione/dist/index.html
aa6b8484a6e9ac1113f3badb8c9175fa453259e82f01068935d48613ef09a3ed	978	644	SORGENTE_SISTEMA/postazione/index.html
48a36bbd59b2911202a625b368b430bd8971ccb2dd073000f08092ceec132cb7	5626	644	SORGENTE_SISTEMA/postazione/js/bootstrap.js
d1c11b2a23734b155e7e26418a225209cf13a82e0d8f7e981e78823b14b071ae	36524	644	SORGENTE_SISTEMA/postazione/js/core.js
b8eae478e376b8d46c3f81c0c0aa2c91a8e7839a983efa018434c5e7084716dc	13656	644	SORGENTE_SISTEMA/postazione/js/login-react.js
745f98092762ef3a47ea29072a0da42d87524e9b7b153b230387e7d18206c3cd	62797	644	SORGENTE_SISTEMA/postazione/js/ui.js
f7913f2a387a0f6d8a6be8b09c2e33b0c8463eee5236fd7c2b221a3deb1b3ebe	56043	644	SORGENTE_SISTEMA/postazione/package-lock.json
128f98400e18819a87ae1c2c3b48850dc30c06e0c1395d2ebabd87890a9d55e9	408	644	SORGENTE_SISTEMA/postazione/package.json
ed40a00e3dc86ca193f998740f3ceb89f036d643d63990b5b5520833855bc51e	9220	644	SORGENTE_SISTEMA/postazione/partials/ui.html
1edb1725a9ea8ca4dcf2f5508cee183218aa1685e47c1b23056717f754f58ebf	102025	644	SORGENTE_SISTEMA/postazione/public/assets/fontawesome/css/all.min.css
20c4a58bc9d1d69e935d06f1528923646a715be5e218665655cade8f5f1b8c00	187208	644	SORGENTE_SISTEMA/postazione/public/assets/fontawesome/webfonts/fa-brands-400.ttf
748332090c4b8e20f95d0ff59f0be20fa9c889359d3b36d4b886d73376054207	108020	644	SORGENTE_SISTEMA/postazione/public/assets/fontawesome/webfonts/fa-brands-400.woff2
528d022dce6725f8a0811fd91d8e6513445c81ef33353a5c3234eab932551abf	63952	644	SORGENTE_SISTEMA/postazione/public/assets/fontawesome/webfonts/fa-regular-400.ttf
8e7e5ea1b15f62ab14dbd41768e8fbcd21cc859a4ea5da812457ee714299fb35	24948	644	SORGENTE_SISTEMA/postazione/public/assets/fontawesome/webfonts/fa-regular-400.woff2
67a65763c7f80903d81603bbeb9049fc2bf28508479b83ed011fe24c71fa950a	394628	644	SORGENTE_SISTEMA/postazione/public/assets/fontawesome/webfonts/fa-solid-900.ttf
7152a6933ee3d690ec2af3d09da9d701723d16aa3410a6d80f28ff8866f3b880	150124	644	SORGENTE_SISTEMA/postazione/public/assets/fontawesome/webfonts/fa-solid-900.woff2
0515a423f828ce4e6accf92a2ea0b03d19d31cc86d9af0373291e1fd4db5f348	10172	644	SORGENTE_SISTEMA/postazione/public/assets/fontawesome/webfonts/fa-v4compatibility.ttf
694a17c3d9d6c05f8aac63c544615552a4b220e9a4de863d87341a6bcfc1bc8d	4564	644	SORGENTE_SISTEMA/postazione/public/assets/fontawesome/webfonts/fa-v4compatibility.woff2
049c4f86ffdbc288c221c531da83d6943a736eb095d5ecdba8671be895672a87	6547	644	SORGENTE_SISTEMA/postazione/public/assets/postazione-apericena-summary.js
1462effd8a7058e06a8e6ad674cc83575e7674bbbac976fe006689c99f4ff3cc	865	644	SORGENTE_SISTEMA/postazione/public/assets/postazione-disable-context-menu.js
438a58f7ecd34beb3573e7fa031e4be28311b3d68ecbdc0eb1b1fe13249d67b6	4613	644	SORGENTE_SISTEMA/postazione/public/assets/postazione-dropdown-overrides.css
5a9c363eb90fceb4f57fe21db908157fc203455fe51c148974ad5b0cf8e0927b	17926	644	SORGENTE_SISTEMA/postazione/public/assets/postazione-layout-overrides.css
c890b2134d0b102f2c34d6ee67665bbe69b202089612f43073114b930b6e96cb	11596	644	SORGENTE_SISTEMA/postazione/public/assets/postazione-order-sound.js
b793c58455e38851ddf8e60fa1d153745993c8fb58e63e56da62d9ae063f4fd3	239558	644	SORGENTE_SISTEMA/postazione/src/App.jsx
41b6c25f0869122a4ef04885fce463534d4d47024b23b300eace9bb9c2e1c54f	1676	644	SORGENTE_SISTEMA/postazione/src/BluetoothDiagnosticBadge.jsx
88979ec244b9ae67a71d2cc7f967a51b0333687eaa673a4c4e5e8185d9b80afd	3501	644	SORGENTE_SISTEMA/postazione/src/bluetoothDiagnosticConnectivity.js
2a7850136c17e00c2d36de5d027adb6ab7e742819925bc512624fc890b247d5f	1357	644	SORGENTE_SISTEMA/postazione/src/logoutSession.js
a0314365c72985e3363d83be64fff05537b5198ba97945859a89babf8dfc7970	166	644	SORGENTE_SISTEMA/postazione/src/main.jsx
0a5d5eb43e217798caa63c52bb91021399ca4c1e956e7f1644c9fcfddc6df537	898	644	SORGENTE_SISTEMA/postazione/src/nativeNotificationSession.js
6c01e45487066a025050b62c10fcc72717d11a1ecf04640d04f1f914839c9fd9	583	644	SORGENTE_SISTEMA/postazione/src/personDisplay.js
d1a440c65d6cc44f915504978df15a66854f3f42c3c1a183a1d635cb7dc5f6b7	259	644	SORGENTE_SISTEMA/postazione/src/postazioneRealtimePolicy.js
d948ab7aee52852ae2272c8b10de4b5069220450a075fe84a3f806ca4d9e6e43	4083	644	SORGENTE_SISTEMA/postazione/src/postazioneSyncCoordinator.js
0e9c9065c6cfffc09a3ae22b82b680d1fab77f63df2f7e7b2a1ffd3b29b365f9	9151	644	SORGENTE_SISTEMA/postazione/src/stationRuntime.js
503d5f60186ff2e04da765f1775bb75aeda23e54ec044c3f30d329151e1b0e13	2338	644	SORGENTE_SISTEMA/postazione/src/waiterAvailability.js
ec0eca19b0c74812f917e464cf72240dcc93b77da7e1768424bdd95d6370c088	1636	644	SORGENTE_SISTEMA/postazione/src/workstationSelection.js
c89502fd4ab39476e5125cbde3ffa8ce8c9b0307df13d3cf52d667658d911aba	159	644	SORGENTE_SISTEMA/postazione/styles.css
f830cecef695f175465893c20406b112dab106b6f610cc3c249c524607beba11	4464	644	SORGENTE_SISTEMA/postazione/test/bluetoothDiagnosticConnectivity.test.mjs
520f6dd0d6669b7b0fc9f69e2eb9f4edb39a03481724194d3621c07ccf853ecf	2913	644	SORGENTE_SISTEMA/postazione/test/logoutSession.test.mjs
9c81cf7bd8d134ba8d6b587007e91212e3b5a26cb29a5f27a5f28bd5a0afd983	1825	644	SORGENTE_SISTEMA/postazione/test/nativeNotificationSession.test.mjs
09804f7358d8059c212d3a4d4e9af3e1c7b20a9f3f5c1ae41a505ad5612bb550	4224	644	SORGENTE_SISTEMA/postazione/test/postazioneOrderSoundSession.test.mjs
7922ba3a1554742221a07fe9d73175f69cf8da66d3a77e0999c2b7987d4cf2a4	2694	644	SORGENTE_SISTEMA/postazione/test/postazioneReactOwnership.test.mjs
75ec5589f8d478734eadba9e4c73df498930a7c32285d10c1f6c9b4e07ff0ff8	736	644	SORGENTE_SISTEMA/postazione/test/postazioneRealtimePolicy.test.mjs
4d609536b2bb0601cf51b7194b8b54c2dcf7b8f830d0edc5fe3e6478f61f1b02	10272	644	SORGENTE_SISTEMA/postazione/test/postazioneSyncCoordinator.test.mjs
ce6f133513ab46a8934c99a8436f8777dc4a7f5dbe98d6f4568c77e5bda68ef7	5405	644	SORGENTE_SISTEMA/postazione/test/stationRuntime.test.mjs
dd5ee4746ceaf00cbf150160a567ea8bcbc027f0ba3e2fcbfa30af41ec565113	1611	644	SORGENTE_SISTEMA/postazione/test/workstationSelection.test.mjs
269ffaad364aaa1034d3d42127e63f4eab2b0a00f4036b1d3584991767ac4889	936	644	SORGENTE_SISTEMA/postazione/vite.config.js
2b9d1f537070316bee06ed5f0c239714de9741a9afe57d727c54fcaa51d4fbfb	19956	600	SORGENTE_SISTEMA/reservation-frontend/dist/index.html
4d1796a57052bf89836aa44cd264aefd5aeea712f622b9e4c09a29cd4ea80f20	38537	644	SORGENTE_SISTEMA/serve-frontends.mjs
595ead3370500fe4ce82ccc1cb426aba24e50aca576b2f6a151e873411b60d0a	4666	644	SORGENTE_SISTEMA/settings-frontend/dist/assets/api/client.js
312793886055201df31c5fcf3057fd3d986f4b0c0c4432d2e274e2b2549d001a	32152	644	SORGENTE_SISTEMA/settings-frontend/dist/assets/components/editors.js
ae6d1b81dda654bd82e4108c4010f7c5abff90c6564c684b9fcc5a94ac12a354	6077	644	SORGENTE_SISTEMA/settings-frontend/dist/assets/components/ui.js
dbe9167e0f7d8d526dd65c6f4bdd14d31d6c6414902d6b395498dd0f1cb38d41	21735	644	SORGENTE_SISTEMA/settings-frontend/dist/assets/main.js
b87c1e646c0ce8a304c6711799337a5a5df1085a45464ee34a57191a62eba859	27584	644	SORGENTE_SISTEMA/settings-frontend/dist/assets/pages/render.js
2549917b758b2e57bb391b02a6b1dba92b3ead47451381f90363d1172f2ad390	1361	644	SORGENTE_SISTEMA/settings-frontend/dist/assets/state/store.js
a04777ac97a489106143278c29964cdc61c75a8a0b9e2af73fdcd01e99e2e006	15045	644	SORGENTE_SISTEMA/settings-frontend/dist/assets/styles.css
c48ad4e8ebbd0cb2e2acc8b5e95b66fe44310a733e5aebaf95b3b2f7ee75a8bb	432	644	SORGENTE_SISTEMA/settings-frontend/dist/index.html
9ee62e7111f92cfebaf64cf26c410c98d7ceecd80b21780f783998ab898f73cb	361	644	SORGENTE_SISTEMA/settings-frontend/index.html
2c9ac45fdb4b438ff73853e9958253fb664c42f46e48b8eaeec1071b3c376ed0	388	644	SORGENTE_SISTEMA/settings-frontend/package.json
eb6340e08a445214d997e5f0e9de6e9ae4a594689da688fca5c71e84f77244d6	865	644	SORGENTE_SISTEMA/settings-frontend/scripts/build.mjs
cd4c4947b1e1a58ffe324ec4c607717eb94af6edcf8d3cdb99bf8afb3314f9f7	2484	644	SORGENTE_SISTEMA/settings-frontend/scripts/dev.mjs
595ead3370500fe4ce82ccc1cb426aba24e50aca576b2f6a151e873411b60d0a	4666	644	SORGENTE_SISTEMA/settings-frontend/src/api/client.js
312793886055201df31c5fcf3057fd3d986f4b0c0c4432d2e274e2b2549d001a	32152	644	SORGENTE_SISTEMA/settings-frontend/src/components/editors.js
ae6d1b81dda654bd82e4108c4010f7c5abff90c6564c684b9fcc5a94ac12a354	6077	644	SORGENTE_SISTEMA/settings-frontend/src/components/ui.js
dbe9167e0f7d8d526dd65c6f4bdd14d31d6c6414902d6b395498dd0f1cb38d41	21735	644	SORGENTE_SISTEMA/settings-frontend/src/main.js
b87c1e646c0ce8a304c6711799337a5a5df1085a45464ee34a57191a62eba859	27584	644	SORGENTE_SISTEMA/settings-frontend/src/pages/render.js
2549917b758b2e57bb391b02a6b1dba92b3ead47451381f90363d1172f2ad390	1361	644	SORGENTE_SISTEMA/settings-frontend/src/state/store.js
a04777ac97a489106143278c29964cdc61c75a8a0b9e2af73fdcd01e99e2e006	15045	644	SORGENTE_SISTEMA/settings-frontend/src/styles.css
14df44bcd1486e14bfdeae6c46f4dbddc34570a700874ead349301941fe5cb06	1401	755	SORGENTE_SISTEMA/tools/deploy-heartbeat-write-reduction-20260622-0300.sh
47b63e70b01cd317cd5a6acfa737b1256eecc24b740c92e487e0d633a8da86a9	495	755	SORGENTE_SISTEMA/tools/disable-handheld-cash-fiscal-once-20260620.sh
620ee16f45cde787eaff7d15dd3aa38ee772dfc618ff3aa169a9b0aa926900b5	14097	644	SORGENTE_SISTEMA/tools/fake-automatic-cash-gateway.mjs
7233843750e7df103ce4aa940fb106ceae2329f530725370c8d353cf35286a6e	7737	644	SORGENTE_SISTEMA/tools/francesca-preconto-mirror.mjs
7ba260e60342d2e2a99b293fb73f3bf90459398757746dce12b869898e057e97	3193	644	SORGENTE_SISTEMA/tools/mock-battery-service.mjs
8492ace2ecaae9b3e139b18eef007c9f8d7d74c707658a199ebf71943e744a8e	6038	644	SORGENTE_SISTEMA/tools/mock-fiscal-server.mjs
e7117c3a5d7df5b2ac794db0b3d972cd6c803e8f5024c09bb6afcd849d105228	3118	644	SORGENTE_SISTEMA/tools/mock-tcp-printer-farm.mjs
2f2d515f145aef7c03e4100d479df3ff07eac79d26697ca07de9c8080d6a45e2	1021	644	SORGENTE_SISTEMA/tools/mock-tcp-printer.mjs
18709d56fc34a2a77ae35c275a9f786c1d21d50a19f7f92d0f662c15d774d103	10194	644	SORGENTE_SISTEMA/tools/package-continuation-handover.ps1
fd15d211efb346353af9930d18eea2ad4213437870ff72ae603df3c3dc17b518	1446	755	SORGENTE_SISTEMA/tools/print-handheld-session-report-once-20260620-1710.sh
e111e13d71af7f2239272fa74e3175c8b619e4658cd7220790ad1c6b7d34b2a8	2260	755	SORGENTE_SISTEMA/tools/restart-v3-backend-once-20260622-0200.sh
3eaf143109aa32db765e98bfe2cc8296612f63272231b2eccd69462f1fe779cc	41694	755	SORGENTE_SISTEMA/tools/restart-v5bt-linux.sh
bc358185bb2eca2dbe4747a7183e0ce0b26efa40bcee42dda3bf52bf0e0aeb41	2219	644	SORGENTE_SISTEMA/tools/set-handheld-cash-fiscal-mode.mjs
5b351fd5c1104316222a1ba4377a85024c0797ef94c87ba149bc692491a5b413	9469	644	SORGENTE_SISTEMA/tools/start-cassav2-current.ps1
fdca7bf19263c52735289725aff5e6a16c5fb30cb0ac574e6915cba79378b175	4664	755	SORGENTE_SISTEMA/tools/start-v3-backend-mysql-local.sh
6ec21af432168a721cc28cf8471631866290c22ccf101f2f25a23eb7471f309b	4083	644	SORGENTE_SISTEMA/tools/sync-v3-json-to-sqlite.mjs
cd9be6f889ab6338fdccedd924f56484880ab43870a1a8aac898298abe82217d	453	600	V5BT_SOURCE_ARCHIVE_INFO.txt
03ded77a98e74c0e186ade9a87b592f9251cd9021f8ffe964b7366873e8af76c	508708	600	V5BT_SOURCE_MANIFEST.tsv
b65866b46d3ec4601964db19b6331e3828bf1f5bdf3fb90272dd564b7d77b5d8	5502	644	V6_BOOTSTRAP_PROVENANCE.md
2f7d474cd9847736fbcc53a086596ddae6a1472e2bcab2b9b5ed6f35fc6cdb1f	1219	644	database/DATABASE_PRODUCTION_SEED_VALIDATION_20260719.md
79cac65ed9319d69ecde0503096d77e61a60cddf978c08508721e37c846276ca	2077	644	database/README.md
7ccea693b8f0452e1a6e01c1a8c6f6681ace1ed1afb59cfcf07a96a97ecd5af9	215	644	database/SHA256SUMS
eaa388d25e7a30d0f3b3dc6fcf3b469b0b498e791799791ad54eb6dec59ff3a4	152624997	644	database/cassa_local_v46_snapshot_20260719.sql.gz
9c1bcdd6095c669440a524987dc173874edd6186f64571eb98788f957ec613f8	25905098	644	database/cassav5bt_production_seed_20260719.sql.gz
ae837bd1f1fb85ec8a6216c83867907a9c8a4c7263b39de63d97c6b5fa76ab4d	10872	644	database/configure-v5bt-real-hardware.mjs
56bae30759f0e7da58db3049063d90b7de48909957fa906f2734b6fab0bd4fa3	10772	755	database/provision-cassa-v5bt.sh
8134deefa1f65c1c70ad34d89b11712f9b59e2f04b745ef54dbda4810fb0c08f	624	644	deploy/systemd/cassav5bt.service
87050022598f9642e572a124910185c10a0a8b5e97cd1114932680dac243ba69	283	644	hardware.env.example
3bb1e6b22eebb612f215b633965ebc36140c735cda39a74c624ed12a6ecd5705	37135	644	scripts/run-b11-mixed-physical-collector.mjs
a3c4190b4287ba9638c43b94db56793c6036e064d7f2d85f94841d7d82452029	51537	644	scripts/run-v5bt-b4-android-continuity-monitor.mjs
551b1daf514c4790b6074435bff43f6a819eb70d59671ce1fdbce2865634a790	46068	644	scripts/run-v5bt-b4-raspberry-continuity-monitor.mjs
fb61cb72e59df5b9b37f72e8d110b6656f7ed3bff3f5e418d5881f54122307fa	48851	755	scripts/run-v5bt-bench-inventory.mjs
a5bdc5d4f61bddee537cddb92067aa00370e4d2045a18c46f9db9493204302b4	20099	644	scripts/run-v5bt-physical-raspberry-monitor.mjs
9f74f7c0b1924a6e7a6d384d8a50769db8511467deb5fe507a6b8b52812bdc4a	24354	755	scripts/verify-v5bt-advanced-build-consistency.mjs
453d65c2f6b64d411e7b8d4f1ba809183e49aa8b1190806d924bd3d97fe24eed	18444	755	start-v5bt.sh
642766435a2b10176bdba612c8826446babbcc9a9349c68642d1f49c35194f7f	3588	755	stop-v5bt.sh
684dae00f88c9552a73b1c08b86ee73c97056fc2ccec6e45d23f1853235fb49a	10861	644	tests/run-b11-mixed-physical-collector.test.mjs
1b3e7e1e1a06f62ebf1a8ad20a4c05af2d38b2b9820d03bca23a6180713bdceb	7092	644	tests/run-v5bt-api31-enrollment-staging.test.mjs
2863a45dfd841eda906315d470c704660eb0812c39023ad102711ec2a484ac4e	26084	644	tests/run-v5bt-b4-android-continuity-monitor.test.mjs
0b8a97cb381ded9a1d04ee3a484185e500a201f7d42dc7b4a27bd5e7446710a1	28702	644	tests/run-v5bt-b4-raspberry-continuity-monitor.test.mjs
b0a04453e3cf5bf66ad8a5476c107d90431b57473b93ac5512c3606433f493ff	30619	644	tests/run-v5bt-bench-inventory.test.mjs
ef2164072f851ebc3f150ab4b6ad173f9a6a4593a78ffbcc2edcdb4e602115dc	15764	644	tests/run-v5bt-physical-raspberry-monitor.test.mjs
69bf331e086978a061a1aed86db1c8cec0ff2a8ded3601ad3ee9973bec76d2d8	6633	644	tests/v5bt-android-gatt-server-static.test.mjs
b532ef4eb2e5952a751a6221c9ea572691318d269ce0bcac8eeb819de6ae717e	3499	644	tests/v5bt-api31-scan-fallback-static.test.mjs
cdaef7d2c4b793a49f23b73d00b82460b43d137e8fd14f8bf4a63f016c4d9abf	13773	644	tests/v5bt-isolation.test.mjs
3744c732ac286cfd95bb732574b7d2846b7896e3b52708c9a783536f9a6a6d8f	8944	644	tests/v5bt-source-archive.test.mjs
daacc2c13d23d1ae8ebad0800511d1a59a59872137baa4df4dec73899d6c9fde	11469	644	tests/verify-v5bt-advanced-build-consistency.test.mjs
25d8140ca4c02f666901d52e4500120fe64dd44c9236bc2535ee74f88cee02bc	10556	755	tools/create-v5bt-source-archive.sh
8490f3b251ad7768e060f4c0fdda5a848571b26d404420f7bb76e7db50ba2660	4621	755	tools/deploy-v5bt-bluetooth-enrollment.sh
33668a2f0ac8aa3c67ac075636457cee9f490e6b1d193dd0df929a8b0fe38def	2247	755	tools/issue-v5bt-enrollment-qr.sh
9e7fd0307666a171916fb71899210ea3d5f7efb844aee7981e3229dcc22a6cd5	28037	755	tools/run-v5bt-api31-enrollment-staging.sh
c0704f0f6621ba40dba3a36f56cf445746d863cd22b56b51dadc4b11ee768606	2228	755	tools/run-v5bt-service.sh
8e355b5bc885da12d041a2ca9a79fbf64b1638327d96a76071d14e8b8269aa24	1362	755	tools/v5bt-node-runtime.sh
ce1e47d38415a81305e220b7119ccb39bb82ca9060e07d508a10cb1a1457de20	984	644	tools/v5bt-sqlite-quick-check.mjs
