"pattern","file","line","column","runtime","code"
"readDb(","backend/auth/auth.handlers.js","138","22","true","const db = await readDb({ refreshExternalizedSessions: true });"
"writeDb(","backend/auth/auth.handlers.js","183","13","true","await writeDb(db, {"
"writeDb(","backend/auth/auth.handlers.js","208","13","true","await writeDb(db, {"
"writeDb(","backend/auth/auth.handlers.js","407","38","true","if (!wroteAuthSessionFast) await writeDb(db, {"
"readDb(","backend/auth/auth.handlers.js","457","22","true","const db = await readDb({ refreshExternalizedSessions: true });"
"writeDb(","backend/auth/auth.handlers.js","515","13","true","await writeDb(db, {"
"readDb(","backend/auth/auth.handlers.js","538","17","true",": await readDb({ refreshExternalizedSessions: true });"
"writeDb(","backend/auth/auth.handlers.js","593","15","true","await writeDb(db, {"
"readDb(","backend/auth/auth.handlers.js","648","22","true","const db = await readDb({ refreshExternalizedSessions: true });"
"writeDb(","backend/auth/auth.handlers.js","663","13","true","await writeDb(db, {"
"writeDb(","backend/auth/auth.handlers.js","702","11","true","await writeDb(db, {"
"readDb(","backend/auth/auth.handlers.js","712","22","true","const db = await readDb({"
"writeDb(","backend/auth/auth.handlers.js","768","15","true","await writeDb(db, {"
"writeDb(","backend/auth/auth.handlers.js","783","15","true","await writeDb(db, {"
"writeDb(","backend/auth/auth.handlers.js","791","40","true","if (!wroteAuthSessionFast) await writeDb(db, {"
"app_state","backend/db/app-state/app-state-mysql.repository.js","66","8","true","""app_state"","
"mysql2","backend/db/app-state/app-state-mysql.repository.js","109","41","true","const mysqlModule = await import(""mysql2/promise"");"
"mysql2","backend/db/app-state/app-state-mysql.repository.js","114","56","true","""BACKEND_DB_MODE=mysql richiede la dipendenza 'mysql2'. Installa il pacchetto e riavvia il backend."","
"node:sqlite","backend/db/app-state/app-state-sqlite.repository.js","22","42","true","const sqliteModule = await import(""node:sqlite"");"
"app_state","backend/db/app-state/app-state-sqlite.repository.js","70","81","true",".prepare(""SELECT name FROM sqlite_master WHERE type = 'table' AND name = 'app_state'"")"
"app_state","backend/db/app-state/app-state-sqlite.repository.js","82","22","true","CREATE TABLE app_state ("
"app_state","backend/db/app-state/app-state-sqlite.repository.js","90","66","true","const existingRow = db.prepare(""SELECT json, updated_at FROM app_state WHERE id = 1"").get();"
"app_state","backend/db/app-state/app-state-sqlite.repository.js","101","33","true","db.prepare(""INSERT INTO app_state (id, json, updated_at) VALUES (1, ?, ?)"").run(serialized, updatedAt);"
"app_state","backend/db/app-state/app-state-sqlite.repository.js","126","63","true","const row = this.db.prepare(""SELECT json, updated_at FROM app_state WHERE id = 1"").get();"
"app_state","backend/db/app-state/app-state-sqlite.repository.js","143","68","true","const row = readonlyDb.prepare(""SELECT json, updated_at FROM app_state WHERE id = 1"").get();"
"app_state","backend/db/app-state/app-state-sqlite.repository.js","163","62","true","const row = readonlyDb.prepare(""SELECT updated_at FROM app_state WHERE id = 1"").get();"
"app_state","backend/db/app-state/app-state-sqlite.repository.js","185","25","true","INSERT INTO app_state (id, json, updated_at)"
"writeDb(","backend/db/app-state/app-state.repository.js","647","15","true","await writeDb(dbCache);"
"readDb(","backend/db/app-state/app-state.repository.js","781","19","true","async function readDb(options = {}) {"
"writeDb(","backend/db/app-state/app-state.repository.js","842","18","true","await writeDb(dbCache);"
"writeDb(","backend/db/app-state/app-state.repository.js","866","19","true","async function writeDb(db, options = {}) {"
"node:sqlite","backend/db/app-state/audit-events-split.repository.js","96","40","true","const sqliteModule = await import(""node:sqlite"");"
"app_state","backend/db/app-state/audit-events-split.repository.js","127","34","true","CREATE TABLE IF NOT EXISTS app_state_split_state ("
"app_state","backend/db/app-state/audit-events-split.repository.js","136","34","true","CREATE TABLE IF NOT EXISTS app_state_audit_events ("
"app_state","backend/db/app-state/audit-events-split.repository.js","147","9","true","app_state_position INTEGER NOT NULL,"
"app_state","backend/db/app-state/audit-events-split.repository.js","154","38","true","CREATE INDEX IF NOT EXISTS idx_app_state_audit_events_position"
"app_state","backend/db/app-state/audit-events-split.repository.js","155","12","true","ON app_state_audit_events(app_state_position);"
"app_state","backend/db/app-state/audit-events-split.repository.js","155","35","true","ON app_state_audit_events(app_state_position);"
"app_state","backend/db/app-state/audit-events-split.repository.js","157","38","true","CREATE INDEX IF NOT EXISTS idx_app_state_audit_events_occurred_at"
"app_state","backend/db/app-state/audit-events-split.repository.js","158","12","true","ON app_state_audit_events(occurred_at);"
"app_state","backend/db/app-state/audit-events-split.repository.js","160","38","true","CREATE INDEX IF NOT EXISTS idx_app_state_audit_events_action"
"app_state","backend/db/app-state/audit-events-split.repository.js","161","12","true","ON app_state_audit_events(action);"
"app_state","backend/db/app-state/audit-events-split.repository.js","163","38","true","CREATE INDEX IF NOT EXISTS idx_app_state_audit_events_entity"
"app_state","backend/db/app-state/audit-events-split.repository.js","164","12","true","ON app_state_audit_events(entity_type, entity_id);"
"app_state","backend/db/app-state/audit-events-split.repository.js","187","55","true",".prepare(""SELECT mode, row_count, checksum FROM app_state_split_state WHERE domain = ?"")"
"app_state","backend/db/app-state/audit-events-split.repository.js","214","65","true","const existingRows = db.prepare(""SELECT id, row_hash FROM app_state_audit_events"").all();"
"app_state","backend/db/app-state/audit-events-split.repository.js","218","21","true","INSERT INTO app_state_audit_events ("
"app_state","backend/db/app-state/audit-events-split.repository.js","229","11","true","app_state_position,"
"app_state","backend/db/app-state/audit-events-split.repository.js","244","11","true","app_state_position = excluded.app_state_position,"
"app_state","backend/db/app-state/audit-events-split.repository.js","244","41","true","app_state_position = excluded.app_state_position,"
"app_state","backend/db/app-state/audit-events-split.repository.js","254","22","true","UPDATE app_state_audit_events"
"app_state","backend/db/app-state/audit-events-split.repository.js","255","19","true","SET app_state_position = ?, updated_at = CURRENT_TIMESTAMP"
"app_state","backend/db/app-state/audit-events-split.repository.js","256","32","true","WHERE id = ? AND app_state_position <> ?"
"app_state","backend/db/app-state/audit-events-split.repository.js","279","49","true","const deleteRow = db.prepare(""DELETE FROM app_state_audit_events WHERE id = ?"");"
"app_state","backend/db/app-state/audit-events-split.repository.js","291","23","true","INSERT INTO app_state_split_state ("
"app_state","backend/db/app-state/audit-events-split.repository.js","339","21","true","INSERT INTO app_state_audit_events ("
"app_state","backend/db/app-state/audit-events-split.repository.js","341","55","true","actor_role, room_id, device_id, deleted_at, app_state_position,"
"app_state","backend/db/app-state/audit-events-split.repository.js","354","11","true","app_state_position = excluded.app_state_position,"
"app_state","backend/db/app-state/audit-events-split.repository.js","354","41","true","app_state_position = excluded.app_state_position,"
"app_state","backend/db/app-state/audit-events-split.repository.js","364","66","true","const countRow = db.prepare(""SELECT COUNT(*) AS count FROM app_state_audit_events"").get();"
"app_state","backend/db/app-state/audit-events-split.repository.js","388","21","true","INSERT INTO app_state_audit_events ("
"app_state","backend/db/app-state/audit-events-split.repository.js","390","55","true","actor_role, room_id, device_id, deleted_at, app_state_position,"
"app_state","backend/db/app-state/audit-events-split.repository.js","403","11","true","app_state_position = excluded.app_state_position,"
"app_state","backend/db/app-state/audit-events-split.repository.js","403","41","true","app_state_position = excluded.app_state_position,"
"app_state","backend/db/app-state/audit-events-split.repository.js","413","66","true","const countRow = db.prepare(""SELECT COUNT(*) AS count FROM app_state_audit_events"").get();"
"app_state","backend/db/app-state/audit-events-split.repository.js","425","16","true","FROM app_state_audit_events"
"app_state","backend/db/app-state/audit-events-split.repository.js","426","20","true","ORDER BY app_state_position ASC, occurred_at ASC, id ASC"
"app_state","backend/db/app-state/audit-events-split.repository.js","436","64","true","const countRow = db.prepare(""SELECT COUNT(*) AS count FROM app_state_audit_events"").get();"
"writeDb(","backend/db/app-state/automatic-cash-split-guard.js","45","11","true","await writeDb(db, {"
"node:sqlite","backend/db/app-state/device-status-split.repository.js","180","40","true","const sqliteModule = await import(""node:sqlite"");"
"app_state","backend/db/app-state/device-status-split.repository.js","211","34","true","CREATE TABLE IF NOT EXISTS app_state_split_state ("
"app_state","backend/db/app-state/device-status-split.repository.js","220","34","true","CREATE TABLE IF NOT EXISTS app_state_sessions ("
"app_state","backend/db/app-state/device-status-split.repository.js","233","9","true","app_state_position INTEGER NOT NULL,"
"app_state","backend/db/app-state/device-status-split.repository.js","240","38","true","CREATE INDEX IF NOT EXISTS idx_app_state_sessions_position"
"app_state","backend/db/app-state/device-status-split.repository.js","241","12","true","ON app_state_sessions(app_state_position);"
"app_state","backend/db/app-state/device-status-split.repository.js","241","31","true","ON app_state_sessions(app_state_position);"
"app_state","backend/db/app-state/device-status-split.repository.js","243","38","true","CREATE INDEX IF NOT EXISTS idx_app_state_sessions_token_hash"
"app_state","backend/db/app-state/device-status-split.repository.js","244","12","true","ON app_state_sessions(token_hash);"
"app_state","backend/db/app-state/device-status-split.repository.js","246","38","true","CREATE INDEX IF NOT EXISTS idx_app_state_sessions_device"
"app_state","backend/db/app-state/device-status-split.repository.js","247","12","true","ON app_state_sessions(device_uuid, client_app);"
"app_state","backend/db/app-state/device-status-split.repository.js","249","38","true","CREATE INDEX IF NOT EXISTS idx_app_state_sessions_user"
"app_state","backend/db/app-state/device-status-split.repository.js","250","12","true","ON app_state_sessions(user_id, client_app);"
"app_state","backend/db/app-state/device-status-split.repository.js","252","38","true","CREATE INDEX IF NOT EXISTS idx_app_state_sessions_last_seen"
"app_state","backend/db/app-state/device-status-split.repository.js","253","12","true","ON app_state_sessions(last_seen_at);"
"app_state","backend/db/app-state/device-status-split.repository.js","255","34","true","CREATE TABLE IF NOT EXISTS app_state_integration_station_states ("
"app_state","backend/db/app-state/device-status-split.repository.js","273","9","true","app_state_position INTEGER NOT NULL,"
"app_state","backend/db/app-state/device-status-split.repository.js","280","38","true","CREATE INDEX IF NOT EXISTS idx_app_state_station_states_position"
"app_state","backend/db/app-state/device-status-split.repository.js","281","12","true","ON app_state_integration_station_states(app_state_position);"
"app_state","backend/db/app-state/device-status-split.repository.js","281","49","true","ON app_state_integration_station_states(app_state_position);"
"app_state","backend/db/app-state/device-status-split.repository.js","283","38","true","CREATE INDEX IF NOT EXISTS idx_app_state_station_states_station"
"app_state","backend/db/app-state/device-status-split.repository.js","284","12","true","ON app_state_integration_station_states(station, active, stale);"
"app_state","backend/db/app-state/device-status-split.repository.js","286","38","true","CREATE INDEX IF NOT EXISTS idx_app_state_station_states_device"
"app_state","backend/db/app-state/device-status-split.repository.js","287","12","true","ON app_state_integration_station_states(device_uuid, client_app);"
"app_state","backend/db/app-state/device-status-split.repository.js","289","38","true","CREATE INDEX IF NOT EXISTS idx_app_state_station_states_updated"
"app_state","backend/db/app-state/device-status-split.repository.js","290","12","true","ON app_state_integration_station_states(updated_at_ms);"
"app_state","backend/db/app-state/device-status-split.repository.js","313","55","true",".prepare(""SELECT mode, row_count, checksum FROM app_state_split_state WHERE domain = ?"")"
"app_state","backend/db/app-state/device-status-split.repository.js","328","63","true","const existingRows = db.prepare(""SELECT id, row_hash FROM app_state_sessions"").all();"
"app_state","backend/db/app-state/device-status-split.repository.js","333","19","true","INSERT INTO app_state_sessions ("
"app_state","backend/db/app-state/device-status-split.repository.js","346","9","true","app_state_position,"
"app_state","backend/db/app-state/device-status-split.repository.js","363","9","true","app_state_position = excluded.app_state_position,"
"app_state","backend/db/app-state/device-status-split.repository.js","363","39","true","app_state_position = excluded.app_state_position,"
"app_state","backend/db/app-state/device-status-split.repository.js","373","20","true","UPDATE app_state_sessions"
"app_state","backend/db/app-state/device-status-split.repository.js","374","17","true","SET app_state_position = ?, updated_at = CURRENT_TIMESTAMP"
"app_state","backend/db/app-state/device-status-split.repository.js","375","30","true","WHERE id = ? AND app_state_position <> ?"
"app_state","backend/db/app-state/device-status-split.repository.js","402","49","true","const deleteRow = db.prepare(""DELETE FROM app_state_sessions WHERE id = ?"");"
"app_state","backend/db/app-state/device-status-split.repository.js","415","63","true","const existingRows = db.prepare(""SELECT id, row_hash FROM app_state_integration_station_states"").all();"
"app_state","backend/db/app-state/device-status-split.repository.js","419","19","true","INSERT INTO app_state_integration_station_states ("
"app_state","backend/db/app-state/device-status-split.repository.js","437","9","true","app_state_position,"
"app_state","backend/db/app-state/device-status-split.repository.js","459","9","true","app_state_position = excluded.app_state_position,"
"app_state","backend/db/app-state/device-status-split.repository.js","459","39","true","app_state_position = excluded.app_state_position,"
"app_state","backend/db/app-state/device-status-split.repository.js","469","20","true","UPDATE app_state_integration_station_states"
"app_state","backend/db/app-state/device-status-split.repository.js","470","17","true","SET app_state_position = ?, updated_at = CURRENT_TIMESTAMP"
"app_state","backend/db/app-state/device-status-split.repository.js","471","30","true","WHERE id = ? AND app_state_position <> ?"
"app_state","backend/db/app-state/device-status-split.repository.js","501","47","true","const deleteRow = db.prepare(""DELETE FROM app_state_integration_station_states WHERE id = ?"");"
"app_state","backend/db/app-state/device-status-split.repository.js","548","23","true","INSERT INTO app_state_split_state ("
"app_state","backend/db/app-state/device-status-split.repository.js","621","16","true","FROM app_state_sessions"
"app_state","backend/db/app-state/device-status-split.repository.js","622","20","true","ORDER BY app_state_position ASC, last_seen_at DESC, id ASC"
"app_state","backend/db/app-state/device-status-split.repository.js","636","16","true","FROM app_state_integration_station_states"
"app_state","backend/db/app-state/device-status-split.repository.js","637","20","true","ORDER BY app_state_position ASC, updated_at_ms DESC, station ASC, id ASC"
"app_state","backend/db/app-state/device-status-split.repository.js","650","24","true",".prepare(""SELECT app_state_position FROM app_state_integration_station_states WHERE id = ?"")"
"app_state","backend/db/app-state/device-status-split.repository.js","650","48","true",".prepare(""SELECT app_state_position FROM app_state_integration_station_states WHERE id = ?"")"
"app_state","backend/db/app-state/device-status-split.repository.js","653","37","true",".prepare(""SELECT COALESCE(MAX(app_state_position), -1) AS max_position FROM app_state_integration_station_states"")"
"app_state","backend/db/app-state/device-status-split.repository.js","653","83","true",".prepare(""SELECT COALESCE(MAX(app_state_position), -1) AS max_position FROM app_state_integration_station_states"")"
"app_state","backend/db/app-state/device-status-split.repository.js","656","40","true","Number.isFinite(Number(existing?.app_state_position))"
"app_state","backend/db/app-state/device-status-split.repository.js","657","37","true","? normalizeInteger(existing.app_state_position, 0)"
"app_state","backend/db/app-state/device-status-split.repository.js","666","23","true","INSERT INTO app_state_integration_station_states ("
"app_state","backend/db/app-state/device-status-split.repository.js","684","13","true","app_state_position,"
"app_state","backend/db/app-state/device-status-split.repository.js","706","13","true","app_state_position = excluded.app_state_position,"
"app_state","backend/db/app-state/device-status-split.repository.js","706","43","true","app_state_position = excluded.app_state_position,"
"app_state","backend/db/app-state/device-status-split.repository.js","735","49","true",".prepare(""SELECT COUNT(*) AS count FROM app_state_integration_station_states"")"
"app_state","backend/db/app-state/device-status-split.repository.js","737","70","true","const sessionCount = db.prepare(""SELECT COUNT(*) AS count FROM app_state_sessions"").get();"
"app_state","backend/db/app-state/device-status-split.repository.js","740","23","true","INSERT INTO app_state_split_state ("
"app_state","backend/db/app-state/device-status-split.repository.js","777","72","true","const sessionsCountRow = db.prepare(""SELECT COUNT(*) AS count FROM app_state_sessions"").get();"
"app_state","backend/db/app-state/device-status-split.repository.js","778","77","true","const stationStatesCountRow = db.prepare(""SELECT COUNT(*) AS count FROM app_state_integration_station_states"").get();"
"app_state","backend/db/app-state/mysql-audit-events-split.repository.js","107","6","true","""app_state_audit_events"","
"app_state","backend/db/app-state/mysql-audit-events-split.repository.js","146","9","true","app_state_position INT NOT NULL DEFAULT 0,"
"app_state","backend/db/app-state/mysql-audit-events-split.repository.js","150","19","true","INDEX idx_app_state_audit_events_position (app_state_position),"
"app_state","backend/db/app-state/mysql-audit-events-split.repository.js","150","52","true","INDEX idx_app_state_audit_events_position (app_state_position),"
"app_state","backend/db/app-state/mysql-audit-events-split.repository.js","151","19","true","INDEX idx_app_state_audit_events_occurred_at (occurred_at),"
"app_state","backend/db/app-state/mysql-audit-events-split.repository.js","152","19","true","INDEX idx_app_state_audit_events_action (action),"
"app_state","backend/db/app-state/mysql-audit-events-split.repository.js","153","19","true","INDEX idx_app_state_audit_events_entity (entity_type, entity_id)"
"app_state","backend/db/app-state/mysql-audit-events-split.repository.js","184","55","true","actor_role, room_id, device_id, deleted_at, app_state_position,"
"app_state","backend/db/app-state/mysql-audit-events-split.repository.js","198","11","true","app_state_position = VALUES(app_state_position),"
"app_state","backend/db/app-state/mysql-audit-events-split.repository.js","198","39","true","app_state_position = VALUES(app_state_position),"
"app_state","backend/db/app-state/mysql-audit-events-split.repository.js","210","43","true","`SELECT * FROM ${tableSql} ORDER BY app_state_position ASC, occurred_at ASC, id ASC`,"
"app_state","backend/db/app-state/mysql-audit-events-split.repository.js","342","32","true","`SELECT COALESCE(MAX(app_state_position), -1) + 1 AS next_position FROM ${tableSql}`,"
"app_state","backend/db/app-state/mysql-audit-events-split.repository.js","349","59","true","actor_role, room_id, device_id, deleted_at, app_state_position,"
"app_state","backend/db/app-state/mysql-audit-events-split.repository.js","363","15","true","app_state_position = VALUES(app_state_position),"
"app_state","backend/db/app-state/mysql-audit-events-split.repository.js","363","43","true","app_state_position = VALUES(app_state_position),"
"app_state","backend/db/app-state/mysql-domains-split.repository.js","430","37","true","row?.appStatePosition ?? row?.app_state_position ?? 0,"
"app_state","backend/db/app-state/mysql-domains-split.repository.js","752","45","true","const leftPosition = Number(left?.app_state_position ?? 0);"
"app_state","backend/db/app-state/mysql-domains-split.repository.js","753","47","true","const rightPosition = Number(right?.app_state_position ?? 0);"
"app_state","backend/db/app-state/mysql-domains-split.repository.js","784","60","true","appStatePosition: Number(row.appStatePosition ?? row.app_state_position ?? 0),"
"app_state","backend/db/app-state/mysql-domains-split.repository.js","840","6","true","""app_state_domain_records"","
"app_state_domain_records","backend/db/app-state/mysql-domains-split.repository.js","840","6","true","""app_state_domain_records"","
"app_state","backend/db/app-state/mysql-domains-split.repository.js","918","33","true","SELECT record_id, kind, app_state_position, row_hash, raw_json"
"app_state","backend/db/app-state/mysql-domains-split.repository.js","948","25","true","Number(markerRow?.app_state_position) === expectedMarker.appStatePosition &&"
"app_state","backend/db/app-state/mysql-domains-split.repository.js","1067","9","true","app_state_position INT NOT NULL DEFAULT 0,"
"app_state","backend/db/app-state/mysql-domains-split.repository.js","1072","19","true","INDEX idx_app_state_domain_records_domain_position (domain, app_state_position),"
"app_state_domain_records","backend/db/app-state/mysql-domains-split.repository.js","1072","19","true","INDEX idx_app_state_domain_records_domain_position (domain, app_state_position),"
"app_state","backend/db/app-state/mysql-domains-split.repository.js","1072","69","true","INDEX idx_app_state_domain_records_domain_position (domain, app_state_position),"
"app_state","backend/db/app-state/mysql-domains-split.repository.js","1073","19","true","INDEX idx_app_state_domain_records_hash (domain, row_hash)"
"app_state_domain_records","backend/db/app-state/mysql-domains-split.repository.js","1073","19","true","INDEX idx_app_state_domain_records_hash (domain, row_hash)"
"app_state","backend/db/app-state/mysql-domains-split.repository.js","1083","9","true","app_state_position INT NOT NULL DEFAULT 0,"
"app_state","backend/db/app-state/mysql-domains-split.repository.js","1086","82","true","INDEX idx_order_station_lookup (domain, field_name, station, match_kind, app_state_position),"
"app_state","backend/db/app-state/mysql-domains-split.repository.js","1107","41","true","SELECT domain, record_id, kind, app_state_position, row_hash, raw_json"
"app_state","backend/db/app-state/mysql-domains-split.repository.js","1110","18","true","ORDER BY app_state_position ASC, record_id ASC"
"app_state","backend/db/app-state/mysql-domains-split.repository.js","1203","73","true","`INSERT IGNORE INTO ${tableSql} (domain, record_id, kind, app_state_position, row_hash, raw_json) VALUES (?, ?, ?, ?, ?, ?)`,"
"app_state","backend/db/app-state/mysql-domains-split.repository.js","1242","41","true","SELECT domain, record_id, kind, app_state_position, row_hash, raw_json"
"app_state","backend/db/app-state/mysql-domains-split.repository.js","1246","18","true","ORDER BY app_state_position ASC, record_id ASC"
"app_state","backend/db/app-state/mysql-domains-split.repository.js","1267","41","true","SELECT domain, record_id, kind, app_state_position, row_hash, raw_json"
"app_state","backend/db/app-state/mysql-domains-split.repository.js","1277","18","true","ORDER BY app_state_position ASC, record_id ASC"
"app_state","backend/db/app-state/mysql-domains-split.repository.js","1307","19","true","records.app_state_position, records.row_hash, records.raw_json"
"app_state","backend/db/app-state/mysql-domains-split.repository.js","1310","39","true","SELECT order_record_id, MIN(app_state_position) AS app_state_position"
"app_state","backend/db/app-state/mysql-domains-split.repository.js","1310","62","true","SELECT order_record_id, MIN(app_state_position) AS app_state_position"
"app_state","backend/db/app-state/mysql-domains-split.repository.js","1320","33","true","ORDER BY station_orders.app_state_position ASC, records.record_id ASC"
"app_state","backend/db/app-state/mysql-domains-split.repository.js","1408","39","true","SELECT record_id, kind, app_state_position, row_hash"
"app_state","backend/db/app-state/mysql-domains-split.repository.js","1438","23","true","SET app_state_position = ?"
"app_state","backend/db/app-state/mysql-domains-split.repository.js","1439","58","true","WHERE domain = ? AND record_id = ? AND app_state_position <> ?"
"app_state","backend/db/app-state/mysql-domains-split.repository.js","1449","42","true","domain, record_id, kind, app_state_position, row_hash, raw_json"
"app_state","backend/db/app-state/mysql-domains-split.repository.js","1454","17","true","app_state_position = VALUES(app_state_position),"
"app_state","backend/db/app-state/mysql-domains-split.repository.js","1454","45","true","app_state_position = VALUES(app_state_position),"
"app_state","backend/db/app-state/mysql-domains-split.repository.js","1499","38","true","domain, record_id, kind, app_state_position, row_hash, raw_json"
"app_state","backend/db/app-state/mysql-domains-split.repository.js","1504","13","true","app_state_position = VALUES(app_state_position),"
"app_state","backend/db/app-state/mysql-domains-split.repository.js","1504","41","true","app_state_position = VALUES(app_state_position),"
"app_state","backend/db/app-state/mysql-domains-split.repository.js","1530","38","true","domain, record_id, kind, app_state_position, row_hash, raw_json"
"app_state","backend/db/app-state/mysql-domains-split.repository.js","1535","13","true","app_state_position = VALUES(app_state_position),"
"app_state","backend/db/app-state/mysql-domains-split.repository.js","1535","41","true","app_state_position = VALUES(app_state_position),"
"app_state","backend/db/app-state/mysql-domains-split.repository.js","1561","64","true","appStatePosition: Number(row?.appStatePosition ?? row?.app_state_position ?? 0),"
"app_state","backend/db/app-state/mysql-domains-split.repository.js","1693","71","true","domain, field_name, station, match_kind, order_record_id, app_state_position"
"app_state","backend/db/app-state/mysql-domains-split.repository.js","1697","13","true","app_state_position = VALUES(app_state_position)"
"app_state","backend/db/app-state/mysql-domains-split.repository.js","1697","41","true","app_state_position = VALUES(app_state_position)"
"app_state","backend/db/app-state/mysql-domains-split.repository.js","1722","56","true","SELECT station, match_kind, order_record_id, app_state_position"
"app_state","backend/db/app-state/mysql-domains-split.repository.js","1850","41","true","SELECT domain, record_id, kind, app_state_position, row_hash, raw_json"
"app_state","backend/db/app-state/mysql-domains-split.repository.js","1854","18","true","ORDER BY app_state_position ASC, record_id ASC"
"app_state","backend/db/app-state/mysql-domains-split.repository.js","1901","35","true","SELECT record_id, kind, app_state_position, row_hash, raw_json"
"app_state","backend/db/app-state/mysql-sessions-split.repository.js","127","6","true","""app_state_sessions"","
"app_state","backend/db/app-state/mysql-sessions-split.repository.js","167","9","true","app_state_position INT NOT NULL DEFAULT 0,"
"app_state","backend/db/app-state/mysql-sessions-split.repository.js","171","19","true","INDEX idx_app_state_sessions_token_hash (token_hash),"
"app_state","backend/db/app-state/mysql-sessions-split.repository.js","172","19","true","INDEX idx_app_state_sessions_device (device_uuid, client_app),"
"app_state","backend/db/app-state/mysql-sessions-split.repository.js","173","19","true","INDEX idx_app_state_sessions_user (user_id, client_app),"
"app_state","backend/db/app-state/mysql-sessions-split.repository.js","174","19","true","INDEX idx_app_state_sessions_last_seen (last_seen_at),"
"app_state","backend/db/app-state/mysql-sessions-split.repository.js","175","19","true","INDEX idx_app_state_sessions_position (app_state_position)"
"app_state","backend/db/app-state/mysql-sessions-split.repository.js","175","48","true","INDEX idx_app_state_sessions_position (app_state_position)"
"app_state","backend/db/app-state/mysql-sessions-split.repository.js","185","43","true","`SELECT * FROM ${tableSql} ORDER BY app_state_position ASC, created_at_value ASC, id ASC`,"
"app_state","backend/db/app-state/mysql-sessions-split.repository.js","214","25","true","expires_at, app_state_position, row_hash, raw_json"
"app_state","backend/db/app-state/mysql-sessions-split.repository.js","229","13","true","app_state_position = VALUES(app_state_position),"
"app_state","backend/db/app-state/mysql-sessions-split.repository.js","229","41","true","app_state_position = VALUES(app_state_position),"
"app_state","backend/db/app-state/mysql-sessions-split.repository.js","264","15","true","app_state_position = ?, row_hash = ?, raw_json = ?"
"app_state","backend/db/app-state/mysql-table-locks.repository.js","136","12","true","row?.app_state_position,"
"app_state","backend/db/app-state/mysql-table-locks.repository.js","151","10","true","row?.app_state_position,"
"app_state","backend/db/app-state/mysql-table-locks.repository.js","266","9","true","app_state_position INT NOT NULL DEFAULT 0,"
"app_state","backend/db/app-state/mysql-table-locks.repository.js","273","50","true","INDEX idx_app_table_work_locks_position (app_state_position)"
"app_state","backend/db/app-state/mysql-table-locks.repository.js","299","39","true","lock?.appStatePosition ?? lock?.app_state_position,"
"app_state","backend/db/app-state/mysql-table-locks.repository.js","307","11","true","app_state_position, row_hash, raw_json"
"app_state","backend/db/app-state/mysql-table-locks.repository.js","321","11","true","app_state_position = VALUES(app_state_position),"
"app_state","backend/db/app-state/mysql-table-locks.repository.js","321","39","true","app_state_position = VALUES(app_state_position),"
"app_state","backend/db/app-state/mysql-table-locks.repository.js","347","39","true","lock?.appStatePosition ?? lock?.app_state_position,"
"app_state","backend/db/app-state/mysql-table-locks.repository.js","355","11","true","app_state_position, row_hash, raw_json"
"app_state","backend/db/app-state/mysql-table-locks.repository.js","359","11","true","app_state_position = VALUES(app_state_position)"
"app_state","backend/db/app-state/mysql-table-locks.repository.js","359","39","true","app_state_position = VALUES(app_state_position)"
"app_state","backend/db/app-state/mysql-table-locks.repository.js","414","11","true","app_state_position, row_hash, raw_json"
"app_state","backend/db/app-state/mysql-table-locks.repository.js","418","11","true","app_state_position = VALUES(app_state_position)"
"app_state","backend/db/app-state/mysql-table-locks.repository.js","418","39","true","app_state_position = VALUES(app_state_position)"
"app_state","backend/db/app-state/mysql-table-locks.repository.js","463","18","true","ORDER BY app_state_position ASC, table_id ASC"
"node:sqlite","backend/db/app-state/orders-split.repository.js","159","40","true","const sqliteModule = await import(""node:sqlite"");"
"app_state","backend/db/app-state/orders-split.repository.js","190","34","true","CREATE TABLE IF NOT EXISTS app_state_split_state ("
"app_state","backend/db/app-state/orders-split.repository.js","199","34","true","CREATE TABLE IF NOT EXISTS app_state_integration_orders ("
"app_state","backend/db/app-state/orders-split.repository.js","223","9","true","app_state_position INTEGER NOT NULL,"
"app_state","backend/db/app-state/orders-split.repository.js","230","38","true","CREATE INDEX IF NOT EXISTS idx_app_state_integration_orders_table"
"app_state","backend/db/app-state/orders-split.repository.js","231","12","true","ON app_state_integration_orders(table_id, room_id, workflow_status);"
"app_state","backend/db/app-state/orders-split.repository.js","233","38","true","CREATE INDEX IF NOT EXISTS idx_app_state_integration_orders_status"
"app_state","backend/db/app-state/orders-split.repository.js","234","12","true","ON app_state_integration_orders(workflow_status, payment_status);"
"app_state","backend/db/app-state/orders-split.repository.js","236","38","true","CREATE INDEX IF NOT EXISTS idx_app_state_integration_orders_position"
"app_state","backend/db/app-state/orders-split.repository.js","237","12","true","ON app_state_integration_orders(app_state_position);"
"app_state","backend/db/app-state/orders-split.repository.js","237","41","true","ON app_state_integration_orders(app_state_position);"
"app_state","backend/db/app-state/orders-split.repository.js","239","38","true","CREATE INDEX IF NOT EXISTS idx_app_state_integration_orders_updated"
"app_state","backend/db/app-state/orders-split.repository.js","240","12","true","ON app_state_integration_orders(updated_at_value, received_at_ms);"
"app_state","backend/db/app-state/orders-split.repository.js","263","55","true",".prepare(""SELECT mode, row_count, checksum FROM app_state_split_state WHERE domain = ?"")"
"app_state","backend/db/app-state/orders-split.repository.js","279","38","true",".prepare(""SELECT id, row_hash, app_state_position FROM app_state_integration_orders"")"
"app_state","backend/db/app-state/orders-split.repository.js","279","62","true",".prepare(""SELECT id, row_hash, app_state_position FROM app_state_integration_orders"")"
"app_state","backend/db/app-state/orders-split.repository.js","286","50","true","appStatePosition: normalizeInteger(row.app_state_position, -1),"
"app_state","backend/db/app-state/orders-split.repository.js","292","19","true","INSERT INTO app_state_integration_orders ("
"app_state","backend/db/app-state/orders-split.repository.js","316","9","true","app_state_position,"
"app_state","backend/db/app-state/orders-split.repository.js","344","9","true","app_state_position = excluded.app_state_position,"
"app_state","backend/db/app-state/orders-split.repository.js","344","39","true","app_state_position = excluded.app_state_position,"
"app_state","backend/db/app-state/orders-split.repository.js","350","14","true","UPDATE app_state_integration_orders"
"app_state","backend/db/app-state/orders-split.repository.js","351","11","true","SET app_state_position = ?, updated_at = CURRENT_TIMESTAMP"
"app_state","backend/db/app-state/orders-split.repository.js","352","24","true","WHERE id = ? AND app_state_position <> ?"
"app_state","backend/db/app-state/orders-split.repository.js","392","47","true","const deleteRow = db.prepare(""DELETE FROM app_state_integration_orders WHERE id = ?"");"
"app_state","backend/db/app-state/orders-split.repository.js","406","38","true",".prepare(""SELECT id, row_hash, app_state_position FROM app_state_integration_orders"")"
"app_state","backend/db/app-state/orders-split.repository.js","406","62","true",".prepare(""SELECT id, row_hash, app_state_position FROM app_state_integration_orders"")"
"app_state","backend/db/app-state/orders-split.repository.js","413","50","true","appStatePosition: normalizeInteger(row.app_state_position, -1),"
"app_state","backend/db/app-state/orders-split.repository.js","418","19","true","INSERT INTO app_state_integration_orders ("
"app_state","backend/db/app-state/orders-split.repository.js","442","9","true","app_state_position,"
"app_state","backend/db/app-state/orders-split.repository.js","470","9","true","app_state_position = excluded.app_state_position,"
"app_state","backend/db/app-state/orders-split.repository.js","470","39","true","app_state_position = excluded.app_state_position,"
"app_state","backend/db/app-state/orders-split.repository.js","476","14","true","UPDATE app_state_integration_orders"
"app_state","backend/db/app-state/orders-split.repository.js","477","11","true","SET app_state_position = ?, updated_at = CURRENT_TIMESTAMP"
"app_state","backend/db/app-state/orders-split.repository.js","478","24","true","WHERE id = ? AND app_state_position <> ?"
"app_state","backend/db/app-state/orders-split.repository.js","538","23","true","INSERT INTO app_state_split_state ("
"app_state","backend/db/app-state/orders-split.repository.js","599","66","true","const countRow = db.prepare(""SELECT COUNT(*) AS count FROM app_state_integration_orders"").get();"
"app_state","backend/db/app-state/orders-split.repository.js","603","23","true","INSERT INTO app_state_split_state ("
"app_state","backend/db/app-state/orders-split.repository.js","638","16","true","FROM app_state_integration_orders"
"app_state","backend/db/app-state/orders-split.repository.js","639","20","true","ORDER BY app_state_position ASC, id ASC"
"app_state","backend/db/app-state/orders-split.repository.js","649","64","true","const countRow = db.prepare(""SELECT COUNT(*) AS count FROM app_state_integration_orders"").get();"
"node:sqlite","backend/db/app-state/payments-fiscal-split.repository.js","247","40","true","const sqliteModule = await import(""node:sqlite"");"
"app_state","backend/db/app-state/payments-fiscal-split.repository.js","277","34","true","CREATE TABLE IF NOT EXISTS app_state_split_state ("
"app_state","backend/db/app-state/payments-fiscal-split.repository.js","286","34","true","CREATE TABLE IF NOT EXISTS app_state_payment_fiscal_records ("
"app_state","backend/db/app-state/payments-fiscal-split.repository.js","302","9","true","app_state_position INTEGER NOT NULL,"
"app_state","backend/db/app-state/payments-fiscal-split.repository.js","310","38","true","CREATE INDEX IF NOT EXISTS idx_app_state_payment_fiscal_collection_position"
"app_state","backend/db/app-state/payments-fiscal-split.repository.js","311","12","true","ON app_state_payment_fiscal_records(collection_key, app_state_position);"
"app_state","backend/db/app-state/payments-fiscal-split.repository.js","311","61","true","ON app_state_payment_fiscal_records(collection_key, app_state_position);"
"app_state","backend/db/app-state/payments-fiscal-split.repository.js","313","38","true","CREATE INDEX IF NOT EXISTS idx_app_state_payment_fiscal_payment"
"app_state","backend/db/app-state/payments-fiscal-split.repository.js","314","12","true","ON app_state_payment_fiscal_records(payment_id, payment_part_id, payment_transaction_id);"
"app_state","backend/db/app-state/payments-fiscal-split.repository.js","316","38","true","CREATE INDEX IF NOT EXISTS idx_app_state_payment_fiscal_table"
"app_state","backend/db/app-state/payments-fiscal-split.repository.js","317","12","true","ON app_state_payment_fiscal_records(table_id, room_id, order_id);"
"app_state","backend/db/app-state/payments-fiscal-split.repository.js","319","38","true","CREATE INDEX IF NOT EXISTS idx_app_state_payment_fiscal_status"
"app_state","backend/db/app-state/payments-fiscal-split.repository.js","320","12","true","ON app_state_payment_fiscal_records(collection_key, status, method);"
"app_state","backend/db/app-state/payments-fiscal-split.repository.js","322","38","true","CREATE INDEX IF NOT EXISTS idx_app_state_payment_fiscal_created"
"app_state","backend/db/app-state/payments-fiscal-split.repository.js","323","12","true","ON app_state_payment_fiscal_records(collection_key, created_at_value);"
"app_state","backend/db/app-state/payments-fiscal-split.repository.js","346","55","true",".prepare(""SELECT mode, row_count, checksum FROM app_state_split_state WHERE domain = ?"")"
"app_state","backend/db/app-state/payments-fiscal-split.repository.js","363","31","true","""SELECT id, row_hash, app_state_position FROM app_state_payment_fiscal_records WHERE collection_key = ?"""
"app_state","backend/db/app-state/payments-fiscal-split.repository.js","363","55","true","""SELECT id, row_hash, app_state_position FROM app_state_payment_fiscal_records WHERE collection_key = ?"""
"app_state","backend/db/app-state/payments-fiscal-split.repository.js","371","50","true","appStatePosition: normalizeInteger(row.app_state_position, -1),"
"app_state","backend/db/app-state/payments-fiscal-split.repository.js","377","19","true","INSERT INTO app_state_payment_fiscal_records ("
"app_state","backend/db/app-state/payments-fiscal-split.repository.js","393","9","true","app_state_position,"
"app_state","backend/db/app-state/payments-fiscal-split.repository.js","412","9","true","app_state_position = excluded.app_state_position,"
"app_state","backend/db/app-state/payments-fiscal-split.repository.js","412","39","true","app_state_position = excluded.app_state_position,"
"app_state","backend/db/app-state/payments-fiscal-split.repository.js","418","14","true","UPDATE app_state_payment_fiscal_records"
"app_state","backend/db/app-state/payments-fiscal-split.repository.js","419","11","true","SET app_state_position = ?, updated_at = CURRENT_TIMESTAMP"
"app_state","backend/db/app-state/payments-fiscal-split.repository.js","420","47","true","WHERE collection_key = ? AND id = ? AND app_state_position <> ?"
"app_state","backend/db/app-state/payments-fiscal-split.repository.js","452","47","true","const deleteRow = db.prepare(""DELETE FROM app_state_payment_fiscal_records WHERE collection_key = ? AND id = ?"");"
"app_state","backend/db/app-state/payments-fiscal-split.repository.js","487","23","true","INSERT INTO app_state_split_state ("
"app_state","backend/db/app-state/payments-fiscal-split.repository.js","551","16","true","FROM app_state_payment_fiscal_records"
"app_state","backend/db/app-state/payments-fiscal-split.repository.js","553","20","true","ORDER BY app_state_position ASC, id ASC"
"app_state","backend/db/app-state/payments-fiscal-split.repository.js","571","64","true","const countRow = db.prepare(""SELECT COUNT(*) AS count FROM app_state_payment_fiscal_records"").get();"
"node:sqlite","backend/db/app-state/print-spool-jobs-split.repository.js","132","40","true","const sqliteModule = await import(""node:sqlite"");"
"app_state","backend/db/app-state/print-spool-jobs-split.repository.js","163","34","true","CREATE TABLE IF NOT EXISTS app_state_split_state ("
"app_state","backend/db/app-state/print-spool-jobs-split.repository.js","172","34","true","CREATE TABLE IF NOT EXISTS app_state_print_spool_jobs ("
"app_state","backend/db/app-state/print-spool-jobs-split.repository.js","195","9","true","app_state_position INTEGER NOT NULL,"
"app_state","backend/db/app-state/print-spool-jobs-split.repository.js","202","38","true","CREATE INDEX IF NOT EXISTS idx_app_state_print_spool_jobs_position"
"app_state","backend/db/app-state/print-spool-jobs-split.repository.js","203","12","true","ON app_state_print_spool_jobs(app_state_position);"
"app_state","backend/db/app-state/print-spool-jobs-split.repository.js","203","39","true","ON app_state_print_spool_jobs(app_state_position);"
"app_state","backend/db/app-state/print-spool-jobs-split.repository.js","205","38","true","CREATE INDEX IF NOT EXISTS idx_app_state_print_spool_jobs_status"
"app_state","backend/db/app-state/print-spool-jobs-split.repository.js","206","12","true","ON app_state_print_spool_jobs(status);"
"app_state","backend/db/app-state/print-spool-jobs-split.repository.js","208","38","true","CREATE INDEX IF NOT EXISTS idx_app_state_print_spool_jobs_order"
"app_state","backend/db/app-state/print-spool-jobs-split.repository.js","209","12","true","ON app_state_print_spool_jobs(order_id, kind);"
"app_state","backend/db/app-state/print-spool-jobs-split.repository.js","211","38","true","CREATE INDEX IF NOT EXISTS idx_app_state_print_spool_jobs_printer"
"app_state","backend/db/app-state/print-spool-jobs-split.repository.js","212","12","true","ON app_state_print_spool_jobs(printer_id, status);"
"app_state","backend/db/app-state/print-spool-jobs-split.repository.js","214","38","true","CREATE INDEX IF NOT EXISTS idx_app_state_print_spool_jobs_retry"
"app_state","backend/db/app-state/print-spool-jobs-split.repository.js","215","12","true","ON app_state_print_spool_jobs(status, next_retry_at);"
"app_state","backend/db/app-state/print-spool-jobs-split.repository.js","238","55","true",".prepare(""SELECT mode, row_count, checksum FROM app_state_split_state WHERE domain = ?"")"
"app_state","backend/db/app-state/print-spool-jobs-split.repository.js","265","65","true","const existingRows = db.prepare(""SELECT id, row_hash FROM app_state_print_spool_jobs"").all();"
"app_state","backend/db/app-state/print-spool-jobs-split.repository.js","269","21","true","INSERT INTO app_state_print_spool_jobs ("
"app_state","backend/db/app-state/print-spool-jobs-split.repository.js","292","11","true","app_state_position,"
"app_state","backend/db/app-state/print-spool-jobs-split.repository.js","319","11","true","app_state_position = excluded.app_state_position,"
"app_state","backend/db/app-state/print-spool-jobs-split.repository.js","319","41","true","app_state_position = excluded.app_state_position,"
"app_state","backend/db/app-state/print-spool-jobs-split.repository.js","329","22","true","UPDATE app_state_print_spool_jobs"
"app_state","backend/db/app-state/print-spool-jobs-split.repository.js","330","19","true","SET app_state_position = ?, updated_at = CURRENT_TIMESTAMP"
"app_state","backend/db/app-state/print-spool-jobs-split.repository.js","331","32","true","WHERE id = ? AND app_state_position <> ?"
"app_state","backend/db/app-state/print-spool-jobs-split.repository.js","366","49","true","const deleteRow = db.prepare(""DELETE FROM app_state_print_spool_jobs WHERE id = ?"");"
"app_state","backend/db/app-state/print-spool-jobs-split.repository.js","378","23","true","INSERT INTO app_state_split_state ("
"app_state","backend/db/app-state/print-spool-jobs-split.repository.js","423","16","true","FROM app_state_print_spool_jobs"
"app_state","backend/db/app-state/print-spool-jobs-split.repository.js","424","20","true","ORDER BY app_state_position ASC, requested_at ASC, id ASC"
"app_state","backend/db/app-state/print-spool-jobs-split.repository.js","440","16","true","FROM app_state_print_spool_jobs"
"app_state","backend/db/app-state/print-spool-jobs-split.repository.js","453","64","true","const countRow = db.prepare(""SELECT COUNT(*) AS count FROM app_state_print_spool_jobs"").get();"
"node:sqlite","backend/db/app-state/table-locks-split.repository.js","139","40","true","const sqliteModule = await import(""node:sqlite"");"
"app_state","backend/db/app-state/table-locks-split.repository.js","170","34","true","CREATE TABLE IF NOT EXISTS app_state_split_state ("
"app_state","backend/db/app-state/table-locks-split.repository.js","179","34","true","CREATE TABLE IF NOT EXISTS app_state_table_work_locks ("
"app_state","backend/db/app-state/table-locks-split.repository.js","196","38","true","CREATE INDEX IF NOT EXISTS idx_app_state_table_work_locks_user"
"app_state","backend/db/app-state/table-locks-split.repository.js","197","12","true","ON app_state_table_work_locks(user_id, session_id, device_uuid);"
"app_state","backend/db/app-state/table-locks-split.repository.js","199","38","true","CREATE INDEX IF NOT EXISTS idx_app_state_table_work_locks_expires_at"
"app_state","backend/db/app-state/table-locks-split.repository.js","200","12","true","ON app_state_table_work_locks(expires_at);"
"app_state","backend/db/app-state/table-locks-split.repository.js","202","38","true","CREATE INDEX IF NOT EXISTS idx_app_state_table_work_locks_position"
"app_state","backend/db/app-state/table-locks-split.repository.js","203","12","true","ON app_state_table_work_locks(table_position);"
"app_state","backend/db/app-state/table-locks-split.repository.js","205","34","true","CREATE TABLE IF NOT EXISTS app_state_legacy_table_locks ("
"app_state","backend/db/app-state/table-locks-split.repository.js","215","9","true","app_state_position INTEGER NOT NULL,"
"app_state","backend/db/app-state/table-locks-split.repository.js","222","38","true","CREATE INDEX IF NOT EXISTS idx_app_state_legacy_table_locks_table"
"app_state","backend/db/app-state/table-locks-split.repository.js","223","12","true","ON app_state_legacy_table_locks(table_id);"
"app_state","backend/db/app-state/table-locks-split.repository.js","225","38","true","CREATE INDEX IF NOT EXISTS idx_app_state_legacy_table_locks_position"
"app_state","backend/db/app-state/table-locks-split.repository.js","226","12","true","ON app_state_legacy_table_locks(app_state_position);"
"app_state","backend/db/app-state/table-locks-split.repository.js","226","41","true","ON app_state_legacy_table_locks(app_state_position);"
"app_state","backend/db/app-state/table-locks-split.repository.js","249","55","true",".prepare(""SELECT mode, row_count, checksum FROM app_state_split_state WHERE domain = ?"")"
"app_state","backend/db/app-state/table-locks-split.repository.js","264","69","true","const existingRows = db.prepare(""SELECT table_id, row_hash FROM app_state_table_work_locks"").all();"
"app_state","backend/db/app-state/table-locks-split.repository.js","268","19","true","INSERT INTO app_state_table_work_locks ("
"app_state","backend/db/app-state/table-locks-split.repository.js","302","20","true","UPDATE app_state_table_work_locks"
"app_state","backend/db/app-state/table-locks-split.repository.js","326","47","true","const deleteRow = db.prepare(""DELETE FROM app_state_table_work_locks WHERE table_id = ?"");"
"app_state","backend/db/app-state/table-locks-split.repository.js","339","63","true","const existingRows = db.prepare(""SELECT id, row_hash FROM app_state_legacy_table_locks"").all();"
"app_state","backend/db/app-state/table-locks-split.repository.js","343","19","true","INSERT INTO app_state_legacy_table_locks ("
"app_state","backend/db/app-state/table-locks-split.repository.js","353","9","true","app_state_position,"
"app_state","backend/db/app-state/table-locks-split.repository.js","367","9","true","app_state_position = excluded.app_state_position,"
"app_state","backend/db/app-state/table-locks-split.repository.js","367","39","true","app_state_position = excluded.app_state_position,"
"app_state","backend/db/app-state/table-locks-split.repository.js","377","20","true","UPDATE app_state_legacy_table_locks"
"app_state","backend/db/app-state/table-locks-split.repository.js","378","17","true","SET app_state_position = ?, updated_at = CURRENT_TIMESTAMP"
"app_state","backend/db/app-state/table-locks-split.repository.js","379","30","true","WHERE id = ? AND app_state_position <> ?"
"app_state","backend/db/app-state/table-locks-split.repository.js","401","47","true","const deleteRow = db.prepare(""DELETE FROM app_state_legacy_table_locks WHERE id = ?"");"
"app_state","backend/db/app-state/table-locks-split.repository.js","435","23","true","INSERT INTO app_state_split_state ("
"app_state","backend/db/app-state/table-locks-split.repository.js","506","16","true","FROM app_state_table_work_locks"
"app_state","backend/db/app-state/table-locks-split.repository.js","523","16","true","FROM app_state_legacy_table_locks"
"app_state","backend/db/app-state/table-locks-split.repository.js","524","20","true","ORDER BY app_state_position ASC, table_id ASC, id ASC"
"app_state","backend/db/app-state/table-locks-split.repository.js","540","33","true",".prepare(""SELECT * FROM app_state_table_work_locks WHERE table_id = ?"")"
"app_state","backend/db/app-state/table-locks-split.repository.js","545","33","true","db.prepare(""DELETE FROM app_state_table_work_locks WHERE table_id = ?"").run(safeTableId);"
"app_state","backend/db/app-state/table-locks-split.repository.js","557","27","true","INSERT INTO app_state_table_work_locks ("
"app_state","backend/db/app-state/table-locks-split.repository.js","611","72","true","const workLockCountRow = db.prepare(""SELECT COUNT(*) AS count FROM app_state_table_work_locks"").get();"
"app_state","backend/db/app-state/table-locks-split.repository.js","612","74","true","const legacyLockCountRow = db.prepare(""SELECT COUNT(*) AS count FROM app_state_legacy_table_locks"").get();"
"node:sqlite","backend/db/app-state/table-state-split.repository.js","189","40","true","const sqliteModule = await import(""node:sqlite"");"
"app_state","backend/db/app-state/table-state-split.repository.js","220","34","true","CREATE TABLE IF NOT EXISTS app_state_split_state ("
"app_state","backend/db/app-state/table-state-split.repository.js","229","34","true","CREATE TABLE IF NOT EXISTS app_state_table_states ("
"app_state","backend/db/app-state/table-state-split.repository.js","248","38","true","CREATE INDEX IF NOT EXISTS idx_app_state_table_states_room_status"
"app_state","backend/db/app-state/table-state-split.repository.js","249","12","true","ON app_state_table_states(room_id, status);"
"app_state","backend/db/app-state/table-state-split.repository.js","251","38","true","CREATE INDEX IF NOT EXISTS idx_app_state_table_states_position"
"app_state","backend/db/app-state/table-state-split.repository.js","252","12","true","ON app_state_table_states(table_position);"
"app_state","backend/db/app-state/table-state-split.repository.js","254","38","true","CREATE INDEX IF NOT EXISTS idx_app_state_table_states_due"
"app_state","backend/db/app-state/table-state-split.repository.js","255","12","true","ON app_state_table_states(total_due, pending_bill_count);"
"app_state","backend/db/app-state/table-state-split.repository.js","278","55","true",".prepare(""SELECT mode, row_count, checksum FROM app_state_split_state WHERE domain = ?"")"
"app_state","backend/db/app-state/table-state-split.repository.js","294","19","true","INSERT INTO app_state_table_states ("
"app_state","backend/db/app-state/table-state-split.repository.js","337","20","true","UPDATE app_state_table_states"
"app_state","backend/db/app-state/table-state-split.repository.js","366","69","true","const existingRows = db.prepare(""SELECT table_id, row_hash FROM app_state_table_states"").all();"
"app_state","backend/db/app-state/table-state-split.repository.js","370","47","true","const deleteRow = db.prepare(""DELETE FROM app_state_table_states WHERE table_id = ?"");"
"app_state","backend/db/app-state/table-state-split.repository.js","385","21","true","INSERT INTO app_state_split_state ("
"app_state","backend/db/app-state/table-state-split.repository.js","408","16","true","FROM app_state_table_states"
"app_state","backend/db/app-state/table-state-split.repository.js","483","41","true","""SELECT table_id, row_hash FROM app_state_table_states WHERE table_id = ?"""
"app_state","backend/db/app-state/table-state-split.repository.js","520","16","true","FROM app_state_table_states"
"app_state","backend/db/app-state/table-state-split.repository.js","536","64","true","const countRow = db.prepare(""SELECT COUNT(*) AS count FROM app_state_table_states"").get();"
"app_state","backend/db/relational/audit-events.repo.js","68","13","true","app_state_position,"
"app_state","backend/db/relational/audit-events.repo.js","98","53","true",".prepare(""SELECT * FROM audit_events ORDER BY app_state_position ASC, occurred_at ASC"")"
"BACKEND_RELATIONAL_DB_PATH","backend/db/relational/connection.js","33","42","true","const dbPath = path.resolve(String(env.BACKEND_RELATIONAL_DB_PATH ?? defaultDbPath).trim() || defaultDbPath);"
"node:sqlite","backend/db/relational/connection.js","75","40","true","const sqliteModule = await import(""node:sqlite"");"
"app_state","backend/db/relational/equivalence.js","243","11","true","app_state_position AS appStatePosition"
"app_state","backend/db/relational/migrations/002_audit_events.sql","18","3","true","app_state_position INTEGER,"
"readDb(","backend/modules/app-state/app-state.handlers.js","71","22","true","const db = await readDb({ allowMigrations: false });"
"readDb(","backend/modules/app-state/app-state.handlers.js","76","22","true","const db = await readDb();"
"writeDb(","backend/modules/app-state/app-state.handlers.js","80","13","true","await writeDb(db);"
"readDb(","backend/modules/auth/api-worker-request-fastpath.js","46","22","true","const db = await readDb();"
"readDb(","backend/modules/automatic-cash/automatic-cash.handlers.js","804","22","true","const db = await readDb();"
"readDb(","backend/modules/automatic-cash/automatic-cash.handlers.js","811","22","true","const db = await readDb();"
"readDb(","backend/modules/automatic-cash/automatic-cash.handlers.js","880","22","true","const db = await readDb();"
"readDb(","backend/modules/automatic-cash/automatic-cash.handlers.js","930","22","true","const db = await readDb();"
"readDb(","backend/modules/automatic-cash/automatic-cash.handlers.js","995","22","true","const db = await readDb();"
"readDb(","backend/modules/automatic-cash/automatic-cash.handlers.js","1044","22","true","const db = await readDb();"
"readDb(","backend/modules/automatic-cash/automatic-cash.handlers.js","1081","22","true","const db = await readDb();"
"readDb(","backend/modules/automatic-cash/automatic-cash.handlers.js","1127","22","true","const db = await readDb();"
"readDb(","backend/modules/automatic-cash/automatic-cash.handlers.js","1218","22","true","const db = await readDb();"
"readDb(","backend/modules/automatic-cash/automatic-cash.handlers.js","1237","22","true","const db = await readDb();"
"readDb(","backend/modules/automatic-cash/automatic-cash.handlers.js","1258","22","true","const db = await readDb();"
"readDb(","backend/modules/automatic-cash/automatic-cash.handlers.js","1516","22","true","const db = await readDb();"
"readDb(","backend/modules/automatic-cash/automatic-cash.handlers.js","1582","22","true","const db = await readDb();"
"readDb(","backend/modules/automatic-cash/automatic-cash.handlers.js","1694","22","true","const db = await readDb();"
"readDb(","backend/modules/automatic-cash/automatic-cash.handlers.js","1801","22","true","const db = await readDb();"
"readDb(","backend/modules/automatic-cash/automatic-cash.handlers.js","1890","22","true","const db = await readDb();"
"readDb(","backend/modules/automatic-cash/automatic-cash.handlers.js","1944","22","true","const db = await readDb();"
"readDb(","backend/modules/automatic-cash/automatic-cash.handlers.js","1962","22","true","const db = await readDb();"
"readDb(","backend/modules/automatic-cash/automatic-cash.handlers.js","2257","22","true","const db = await readDb();"
"readDb(","backend/modules/automatic-cash/automatic-cash.handlers.js","2280","22","true","const db = await readDb();"
"readDb(","backend/modules/automatic-cash/automatic-cash.handlers.js","2370","22","true","const db = await readDb();"
"readDb(","backend/modules/automatic-cash/automatic-cash.handlers.js","2417","22","true","const db = await readDb();"
"readDb(","backend/modules/automatic-cash/automatic-cash.handlers.js","2509","22","true","const db = await readDb();"
"readDb(","backend/modules/automatic-cash/automatic-cash.handlers.js","2567","22","true","const db = await readDb();"
"readDb(","backend/modules/automatic-cash/automatic-cash.handlers.js","2776","22","true","const db = await readDb();"
"readDb(","backend/modules/automatic-cash/automatic-cash.handlers.js","2856","22","true","const db = await readDb();"
"readDb(","backend/modules/automatic-cash/automatic-cash.handlers.js","2928","22","true","const db = await readDb();"
"readDb(","backend/modules/automatic-cash/automatic-cash.handlers.js","3049","22","true","const db = await readDb();"
"readDb(","backend/modules/automatic-cash/automatic-cash.handlers.js","3209","22","true","const db = await readDb();"
"readDb(","backend/modules/automatic-cash/automatic-cash.handlers.js","3344","22","true","const db = await readDb();"
"readDb(","backend/modules/automatic-cash/automatic-cash.handlers.js","3424","22","true","const db = await readDb();"
"readDb(","backend/modules/automatic-cash/automatic-cash.handlers.js","3506","22","true","const db = await readDb();"
"readDb(","backend/modules/automatic-cash/cash-movement.handlers.js","334","22","true","const db = await readDb();"
"readDb(","backend/modules/automatic-cash/cash-movement.handlers.js","509","22","true","const db = await readDb();"
"readDb(","backend/modules/automatic-cash/cash-movement.handlers.js","576","22","true","const db = await readDb();"
"readDb(","backend/modules/automatic-cash/cash-movement.handlers.js","695","22","true","const db = await readDb();"
"readDb(","backend/modules/automatic-cash/cash-movement.handlers.js","753","22","true","const db = await readDb();"
"readDb(","backend/modules/automatic-cash/cash-movement.handlers.js","781","22","true","const db = await readDb();"
"readDb(","backend/modules/automatic-cash/cash-movement.handlers.js","910","22","true","const db = await readDb();"
"readDb(","backend/modules/automatic-cash/cash-movement.handlers.js","984","22","true","const db = await readDb();"
"readDb(","backend/modules/automatic-cash/cash-movement.handlers.js","1027","22","true","const db = await readDb();"
"readDb(","backend/modules/commercial-benefits/commercial-benefits.handlers.js","560","22","true","const db = await readDb();"
"readDb(","backend/modules/commercial-benefits/commercial-benefits.handlers.js","577","22","true","const db = await readDb();"
"writeDb(","backend/modules/commercial-benefits/commercial-benefits.handlers.js","636","11","true","await writeDb(db);"
"readDb(","backend/modules/commercial-benefits/commercial-benefits.handlers.js","646","22","true","const db = await readDb();"
"writeDb(","backend/modules/commercial-benefits/commercial-benefits.handlers.js","676","11","true","await writeDb(db);"
"readDb(","backend/modules/commercial-benefits/commercial-benefits.handlers.js","685","22","true","const db = await readDb();"
"writeDb(","backend/modules/commercial-benefits/commercial-benefits.handlers.js","720","11","true","await writeDb(db);"
"readDb(","backend/modules/commercial-benefits/commercial-benefits.handlers.js","729","22","true","const db = await readDb();"
"readDb(","backend/modules/commercial-benefits/commercial-benefits.handlers.js","770","28","true","const latestDb = await readDb();"
"writeDb(","backend/modules/commercial-benefits/commercial-benefits.handlers.js","788","11","true","await writeDb(latestDb);"
"readDb(","backend/modules/commercial-benefits/commercial-benefits.handlers.js","802","22","true","const db = await readDb();"
"writeDb(","backend/modules/commercial-benefits/commercial-benefits.handlers.js","923","11","true","await writeDb(db);"
"readDb(","backend/modules/commercial-benefits/commercial-benefits.handlers.js","929","22","true","const db = await readDb();"
"writeDb(","backend/modules/commercial-benefits/commercial-benefits.handlers.js","956","13","true","await writeDb(db);"
"readDb(","backend/modules/commercial-configuration/commercial-configuration.handlers.js","32","22","true","const db = await readDb();"
"writeDb(","backend/modules/counter/counter-collection-writer.js","38","12","true","return writeDb(db, {"
"readDb(","backend/modules/counter/counter.handlers.js","362","22","true","const db = await readDb();"
"writeDb(","backend/modules/counter/counter.handlers.js","792","13","true","await writeDb(db, {"
"readDb(","backend/modules/fiscal-pos/fiscal-issue-verification.service.js","41","26","true","const db = await readDb();"
"readDb(","backend/modules/fiscal-pos/fiscal-outbox-pos-worker-runtime.js","104","30","true","const db = await options.readDb();"
"readDb(","backend/modules/fiscal-pos/fiscal.handlers.js","29","22","true","const db = await readDb();"
"readDb(","backend/modules/integration/order-async-appstate-flush.js","174","28","true","const db = await readDb(attempt > 0 ? { forceReload: true } : {});"
"readDb(","backend/modules/integration/order-startup-reconcile.js","107","23","true","const appDb = await readDb();"
"readDb(","backend/modules/integration/station-snapshot.handlers.js","88","22","true","const db = await readDb();"
"writeDb(","backend/modules/integration/station-snapshot.handlers.js","106","13","true","await writeDb(db);"
"readDb(","backend/modules/menu/menu.handlers.js","382","22","true","const db = await readDb();"
"readDb(","backend/modules/menu/menu.handlers.js","404","22","true","const db = await readDb();"
"writeDb(","backend/modules/menu/menu.handlers.js","696","11","true","await writeDb(db);"
"readDb(","backend/modules/menu/menu.handlers.js","710","22","true","const db = await readDb();"
"readDb(","backend/modules/payments-provider/payment-provider-transactions.repository.js","184","27","true","const db = await this.readDb();"
"writeDb(","backend/modules/payments-provider/payment-provider-transactions.repository.js","188","18","true","await this.writeDb(db);"
"readDb(","backend/modules/payments-provider/payment-provider-transactions.repository.js","194","27","true","const db = await this.readDb();"
"writeDb(","backend/modules/payments-provider/payment-provider-transactions.repository.js","198","18","true","await this.writeDb(db);"
"readDb(","backend/modules/payments-provider/payment-provider-transactions.repository.js","204","27","true","const db = await this.readDb({ allowMigrations: false });"
"readDb(","backend/modules/payments/payment-free-split-durable-mirror.js","175","30","true","const db = await options.readDb({ preferCache: true });"
"readDb(","backend/modules/payments/payments.handlers.js","321","20","true","const db = await readDb({"
"readDb(","backend/modules/payments/payments.handlers.js","1433","5","true","readDb({"
"readDb(","backend/modules/payments/payments.handlers.js","3230","20","true","const db = await readDb();"
"readDb(","backend/modules/payments/payments.handlers.js","3512","20","true","const db = await readDb();"
"readDb(","backend/modules/payments/payments.handlers.js","3802","20","true","const db = await readDb();"
"readDb(","backend/modules/payments/payments.handlers.js","3955","22","true","const db = await readDb();"
"readDb(","backend/modules/pos-rooms/pos-rooms.handlers.js","30","22","true","const db = await readDb();"
"readDb(","backend/modules/pos-rooms/room-change-approve-pin-proof.js","77","56","true","const db = await measure(""readDb"", () => options.readDb());"
"readDb(","backend/modules/postazione-actions/postazione-actions.handlers.js","111","22","true","const db = await readDb();"
"writeDb(","backend/modules/postazione-actions/postazione-actions.handlers.js","225","11","true","await writeDb(db);"
"readDb(","backend/modules/print-spool/auto-print-owner.js","273","43","true","db && typeof db === ""object"" ? db : readDb(),"
"readDb(","backend/modules/radio/radio-hub.js","177","22","true","const db = await readDb();"
"readDb(","backend/modules/radio/radio-hub.js","454","24","true","const db = await readDb();"
"readDb(","backend/modules/radio/radio.handlers.js","100","22","true","const db = await readDb();"
"readDb(","backend/modules/radio/radio.handlers.js","112","22","true","const db = await readDb();"
"writeDb(","backend/modules/radio/radio.handlers.js","145","11","true","await writeDb(db);"
"readDb(","backend/modules/radio/radio.handlers.js","152","22","true","const db = await readDb();"
"readDb(","backend/modules/radio/radio.handlers.js","164","22","true","const db = await readDb();"
"writeDb(","backend/modules/radio/radio.handlers.js","198","11","true","await writeDb(db);"
"readDb(","backend/modules/reports/reports.handlers.js","71","22","true","const db = await readDb();"
"readDb(","backend/modules/reports/reports.handlers.js","119","22","true","const db = await readDb();"
"writeDb(","backend/modules/reports/reports.handlers.js","164","11","true","await writeDb(db);"
"readDb(","backend/modules/reports/reports.handlers.js","927","22","true","const db = await readDb();"
"readDb(","backend/modules/reports/reports.handlers.js","950","22","true","const db = await readDb();"
"writeDb(","backend/modules/reports/reports.handlers.js","989","11","true","await writeDb(db, {"
"readDb(","backend/modules/reports/reports.handlers.js","998","22","true","const db = await readDb();"
"writeDb(","backend/modules/reports/reports.handlers.js","1033","11","true","await writeDb(db, {"
"readDb(","backend/modules/reports/reports.handlers.js","1042","22","true","const db = await readDb();"
"readDb(","backend/modules/reports/reports.handlers.js","1056","22","true","const db = await readDb();"
"writeDb(","backend/modules/reports/reports.handlers.js","1089","11","true","await writeDb(db);"
"writeDb(","backend/modules/reservations/reservations.handlers.js","650","13","true","await writeDb("
"writeDb(","backend/modules/reservations/reservations.handlers.js","666","11","true","await writeDb("
"readDb(","backend/modules/reservations/reservations.handlers.js","717","22","true","const db = await readDb();"
"readDb(","backend/modules/reservations/reservations.handlers.js","745","22","true","const db = await readDb();"
"readDb(","backend/modules/reservations/reservations.handlers.js","838","22","true","const db = await readDb();"
"writeDb(","backend/modules/reservations/reservations.handlers.js","869","13","true","await writeDb("
"writeDb(","backend/modules/reservations/reservations.handlers.js","915","11","true","await writeDb("
"readDb(","backend/modules/reservations/reservations.handlers.js","931","22","true","const db = await readDb();"
"writeDb(","backend/modules/reservations/reservations.handlers.js","952","15","true","await writeDb("
"writeDb(","backend/modules/reservations/reservations.handlers.js","979","13","true","await writeDb("
"readDb(","backend/modules/reservations/reservations.handlers.js","995","22","true","const db = await readDb();"
"writeDb(","backend/modules/reservations/reservations.handlers.js","1104","13","true","await writeDb("
"writeDb(","backend/modules/reservations/reservations.handlers.js","1124","11","true","await writeDb("
"readDb(","backend/modules/reservations/reservations.handlers.js","1141","22","true","const db = await readDb();"
"writeDb(","backend/modules/reservations/reservations.handlers.js","1277","13","true","await writeDb("
"writeDb(","backend/modules/reservations/reservations.handlers.js","1313","11","true","await writeDb("
"readDb(","backend/modules/reservations/reservations.handlers.js","1340","22","true","const db = await readDb();"
"writeDb(","backend/modules/reservations/reservations.handlers.js","1422","13","true","await writeDb("
"writeDb(","backend/modules/reservations/reservations.handlers.js","1443","11","true","await writeDb("
"readDb(","backend/modules/reservations/reservations.handlers.js","1460","22","true","const db = await readDb();"
"readDb(","backend/modules/reservations/reservations.handlers.js","1519","22","true","const db = await readDb();"
"writeDb(","backend/modules/reservations/reservations.handlers.js","1535","13","true","await writeDb("
"readDb(","backend/modules/reservations/reservations.handlers.js","1564","22","true","const db = await readDb();"
"readDb(","backend/modules/reservations/reservations.handlers.js","1579","22","true","const db = await readDb();"
"readDb(","backend/modules/reservations/reservations.handlers.js","1614","22","true","const db = await readDb();"
"app_state","backend/modules/runtime-feature-profile.js","88","32","true","fallback: ""synchronous_app_state_mirror"","
"app_state","backend/modules/runtime-feature-profile.js","160","33","true","fallback: ""counter_full_app_state_writer"","
"readDb(","backend/modules/sales-sessions/sales-sessions.handlers.js","30","22","true","const db = await readDb();"
"writeDb(","backend/modules/sales-sessions/sales-sessions.handlers.js","34","13","true","await writeDb(db);"
"readDb(","backend/modules/sales-sessions/sales-sessions.handlers.js","48","22","true","const db = await readDb();"
"writeDb(","backend/modules/sales-sessions/sales-sessions.handlers.js","52","13","true","await writeDb(db);"
"writeDb(","backend/modules/sales-sessions/sales-sessions.handlers.js","95","11","true","await writeDb(db);"
"readDb(","backend/modules/sales-sessions/sales-sessions.handlers.js","103","22","true","const db = await readDb();"
"writeDb(","backend/modules/sales-sessions/sales-sessions.handlers.js","107","13","true","await writeDb(db);"
"writeDb(","backend/modules/sales-sessions/sales-sessions.handlers.js","139","11","true","await writeDb(db);"
"readDb(","backend/modules/scoped-reads/scoped-reads.handlers.js","181","22","true","const db = await readDb();"
"readDb(","backend/modules/scoped-reads/scoped-reads.handlers.js","195","22","true","const db = await readDb();"
"readDb(","backend/modules/scoped-reads/scoped-reads.handlers.js","215","22","true","const db = await readDb();"
"readDb(","backend/modules/scoped-reads/scoped-reads.handlers.js","282","24","true","const db = await readDb();"
"readDb(","backend/modules/settings/settings.handlers.js","236","22","true","const db = await readDb();"
"readDb(","backend/modules/settings/settings.handlers.js","254","22","true","const db = await readDb();"
"readDb(","backend/modules/settings/settings.handlers.js","275","22","true","const db = await readDb();"
"readDb(","backend/modules/settings/settings.handlers.js","293","22","true","const db = await readDb();"
"writeDb(","backend/modules/settings/settings.handlers.js","355","11","true","await writeDb(db);"
"readDb(","backend/modules/settings/settings.handlers.js","369","22","true","const db = await readDb();"
"writeDb(","backend/modules/settings/settings.handlers.js","393","11","true","await writeDb(db);"
"readDb(","backend/modules/settings/settings.handlers.js","407","22","true","const db = await readDb();"
"writeDb(","backend/modules/settings/settings.handlers.js","434","11","true","await writeDb(db);"
"readDb(","backend/modules/settings/settings.handlers.js","448","22","true","const db = await readDb();"
"writeDb(","backend/modules/settings/settings.handlers.js","461","11","true","await writeDb(db);"
"readDb(","backend/modules/settings/settings.handlers.js","475","22","true","const db = await readDb();"
"readDb(","backend/modules/settings/settings.handlers.js","486","22","true","const db = await readDb();"
"writeDb(","backend/modules/settings/settings.handlers.js","503","11","true","await writeDb(db);"
"readDb(","backend/modules/settings/settings.handlers.js","514","22","true","const db = await readDb();"
"writeDb(","backend/modules/settings/settings.handlers.js","547","11","true","await writeDb(db);"
"readDb(","backend/modules/settings/settings.handlers.js","561","22","true","const db = await readDb();"
"writeDb(","backend/modules/settings/settings.handlers.js","629","11","true","await writeDb(db);"
"readDb(","backend/modules/smart/smart.handlers.js","43","22","true","const db = await readDb();"
"readDb(","backend/modules/smart/smart.handlers.js","61","22","true","const db = await readDb();"
"writeDb(","backend/modules/smart/smart.handlers.js","101","11","true","await writeDb(db);"
"readDb(","backend/modules/smart/smart.handlers.js","113","22","true","const db = await readDb();"
"writeDb(","backend/modules/smart/smart.handlers.js","122","11","true","await writeDb(db);"
"readDb(","backend/modules/smart/smart.handlers.js","128","22","true","const db = await readDb();"
"readDb(","backend/modules/smart/smart.handlers.js","168","22","true","const db = await readDb();"
"writeDb(","backend/modules/smart/smart.handlers.js","302","11","true","await writeDb(db);"
"readDb(","backend/modules/smart/smart.handlers.js","316","22","true","const db = await readDb();"
"writeDb(","backend/modules/smart/smart.handlers.js","528","11","true","await writeDb(db);"
"readDb(","backend/modules/smart/smart.handlers.js","539","22","true","const db = await readDb();"
"readDb(","backend/modules/status/status.handlers.js","1153","22","true","const db = await readDb();"
"writeDb(","backend/modules/status/status.handlers.js","1486","11","true","await writeDb("
"readDb(","backend/modules/status/status.handlers.js","1575","18","true","(await readDb({ allowMigrations: false }))?.meta,"
"readDb(","backend/modules/status/status.handlers.js","1593","22","true","const db = await readDb({ allowMigrations: false });"
"readDb(","backend/modules/status/status.handlers.js","1605","22","true","const db = await readDb({ allowMigrations: false });"
"readDb(","backend/modules/status/status.handlers.js","1628","22","true","const db = await readDb({ allowMigrations: false });"
"readDb(","backend/modules/status/status.handlers.js","1658","23","true","const db = await readDb({ allowMigrations: false });"
"readDb(","backend/modules/tables/table-lock-worker-request-fastpath.js","40","22","true","const db = await readDb();"
"node:sqlite","backend/scripts/audit-room-permissions.mjs","266","40","true","const sqliteModule = await import(""node:sqlite"");"
"app_state","backend/scripts/audit-room-permissions.mjs","285","50","true","const row = sqlite.prepare(""SELECT json FROM app_state WHERE id = 1"").get();"
"app_state","backend/scripts/audit-room-permissions.mjs","287","46","true","throw new Error(`Stato SQLite privo di app_state id=1: ${dbPath}`);"
"node:sqlite","backend/scripts/create-admin.mjs","129","40","true","const sqliteModule = await import(""node:sqlite"");"
"app_state","backend/scripts/create-admin.mjs","141","32","true","CREATE TABLE IF NOT EXISTS app_state ("
"app_state","backend/scripts/create-admin.mjs","156","50","true","const row = sqlite.prepare(""SELECT json FROM app_state WHERE id = 1"").get();"
"app_state","backend/scripts/create-admin.mjs","183","23","true","INSERT INTO app_state (id, json, updated_at)"
"BACKEND_RELATIONAL_DB_PATH","backend/scripts/migrate-app-state-to-relational.mjs","57","16","true","String(env.BACKEND_RELATIONAL_DB_PATH ?? DEFAULT_RELATIONAL_DB_PATH).trim() || DEFAULT_RELATIONAL_DB_PATH"
"node:sqlite","backend/scripts/migrate-app-state-to-relational.mjs","62","38","true","const sqliteModule = await import(""node:sqlite"");"
"app_state","backend/scripts/migrate-app-state-to-relational.mjs","89","46","true","const row = db.prepare(""SELECT json FROM app_state WHERE id = 1"").get();"
"app_state","backend/scripts/migrate-app-state-to-relational.mjs","91","29","true","throw new Error(""riga app_state id=1 mancante"");"
"BACKEND_RELATIONAL_DB_PATH","backend/scripts/migrate-relational-schema.mjs","16","16","true","String(env.BACKEND_RELATIONAL_DB_PATH ?? DEFAULT_RELATIONAL_DB_PATH).trim() || DEFAULT_RELATIONAL_DB_PATH,"
"app_state","backend/server.js","730","56","true","String(process.env.BACKEND_MYSQL_APP_STATE_TABLE ?? ""app_state"").trim() ||"
"app_state","backend/server.js","731","4","true","""app_state"";"
"app_state","backend/server.js","736","50","true","process.env.BACKEND_MYSQL_SESSIONS_TABLE ?? ""app_state_sessions"","
"app_state","backend/server.js","737","16","true",").trim() || ""app_state_sessions"";"
"app_state","backend/server.js","742","54","true","process.env.BACKEND_MYSQL_AUDIT_EVENTS_TABLE ?? ""app_state_audit_events"","
"app_state","backend/server.js","743","16","true",").trim() || ""app_state_audit_events"";"
"app_state","backend/server.js","750","8","true","""app_state_domain_records"","
"app_state_domain_records","backend/server.js","750","8","true","""app_state_domain_records"","
"app_state","backend/server.js","751","16","true",").trim() || ""app_state_domain_records"";"
"app_state_domain_records","backend/server.js","751","16","true",").trim() || ""app_state_domain_records"";"
"readDb(","backend/server.js","2678","20","true","const db = await readDb({"
"readDb(","backend/server.js","2854","20","true","const db = await readDb({ refreshExternalizedTableLocks: true });"
"readDb(","backend/server.js","3043","20","true","const db = await readDb({"
"readDb(","backend/server.js","4125","20","true","const db = await readDb({ refreshExternalizedSessions: true });"
"readDb(","backend/server.js","4187","22","true","const db = await readDb({ refreshExternalizedSessions: true });"
"readDb(","backend/server.js","15906","143","true","const tableLockWorkerRequestFastPath = createTableLockWorkerRequestFastPath({ enabled: isTableLockWorkerRequestFastPathEnabled, readDb: () => readDb(), sessionsRepository: mysqlSessionsSplitRepository, redisVolatileStore, redisSessionCacheEnabled: () => isTableLockWorkerRedisSessionCacheEnabled() && backendProcessRouteGuard.role === ""table-lock-worker"", hashSessionToken, validateResolvedSessionContext, sanitizePosSettings, buildIntegrationLayoutFromSettings, runtimeMetrics, logger: console });"
"readDb(","backend/server.js","15907","718","true","function isApiWorkerRedisSessionCacheEnabled() { return API_WORKER_REDIS_SESSION_CACHE_REQUESTED && redisVolatileStore.sessionsEnabled && mysqlSessionsSplitRepository.enabled; } function isAuthSessionRedisCacheRequired() { return isTableLockWorkerRedisSessionCacheEnabled() || isApiWorkerRedisSessionCacheEnabled(); } function isApiWorkerRequestAuthFastPathEnabled() { return API_WORKER_REQUEST_AUTH_FASTPATH_REQUESTED && backendProcessRouteGuard.role === ""api-worker"" && mysqlSessionsSplitRepository.enabled && typeof mysqlSessionsSplitRepository.findSessionByTokenHash === ""function""; } const apiWorkerRequestFastPath = createApiWorkerRequestFastPath({ enabled: isApiWorkerRequestAuthFastPathEnabled, readDb: () => readDb(), sessionsRepository: mysqlSessionsSplitRepository, redisVolatileStore, redisSessionCacheEnabled: isApiWorkerRedisSessionCacheEnabled, hashSessionToken, validateResolvedSessionContext, runtimeMetrics, logger: console });"
"readDb(","backend/server.js","16450","67","true","let stepStartedAt = Date.now(), db = await appStateRepository.readDb(options); recordReadDbInternalStep(""appStateRead"", stepStartedAt, options);"
"writeDb(","backend/server.js","16493","45","true","const result = await appStateRepository.writeDb(db, writeOptions);"
"writeDb(","backend/server.js","16532","17","true","await writeDb(snapshot, { metricLabel: `${label}.backgroundFlush.appStateWrite`, ...flushOptions });"
"writeDb(","backend/server.js","16631","10","true","return writeDb(db, {"
"writeDb(","backend/server.js","16723","10","true","return writeDb(db, {"
"writeDb(","backend/server.js","16732","10","true","return writeDb(db, {"
"writeDb(","backend/server.js","16759","10","true","return writeDb(db, {"
"writeDb(","backend/server.js","16769","10","true","return writeDb(db, {"
"writeDb(","backend/server.js","16778","10","true","return writeDb(db, {"
"readDb(","backend/server.js","16956","758","true","async function handleInternalOrderAsyncAppStateFlush(req, res) { if (!SHOULD_RUN_BACKEND_OWNER_JOBS) { sendJson(res, 409, { ok: false, code: ""ORDER_ASYNC_FLUSH_OWNER_REQUIRED"", error: ""Flush remoto disponibile solo sull'owner."" }); return; } const payload = await readJsonBody(req); const options = buildRemoteOwnerFlushOptions(payload?.options); runtimeMetrics.incrementCounter(""ordersAsyncFlushRemoteOwnerHandled""); if (orderAsyncAppStateFlushQueue.tryDefer(options)) { runtimeMetrics.incrementCounter(""ordersAsyncFlushRemoteOwnerDeferred""); sendJson(res, 202, { ok: true, deferred: true, pendingDepth: orderAsyncAppStateFlushQueue.pendingDepth() }); return; } runtimeMetrics.incrementCounter(""ordersAsyncFlushRemoteOwnerSyncFallbacks""); const db = await readDb({ forceReload: true }); await writeIntegrationOrderSyncDb(db, options); sendJson(res, 200, { ok: true, deferred: false }); }"
"writeDb(","backend/server.js","17009","9","true","await writeDb(db, { metricLabel: ""printSpool.sync.appStateWrite"", splitDomains: [""printSpoolJobs""] });"
"writeDb(","backend/server.js","17094","9","true","await writeDb(next);"
"readDb(","backend/server.js","17604","20","true","const db = await readDb();"
"writeDb(","backend/server.js","17684","9","true","await writeDb(db);"
"readDb(","backend/server.js","19995","20","true","const db = await readDb();"
"readDb(","backend/server.js","20179","80","true","const db = options.db && typeof options.db === ""object"" ? options.db : await readDb();"
"readDb(","backend/server.js","20283","20","true","const db = await readDb();"
"readDb(","backend/server.js","20342","22","true","const db = await readDb();"
"readDb(","backend/server.js","20393","20","true","const db = await readDb();"
"readDb(","backend/server.js","20468","24","true","const db = await readDb();"
"readDb(","backend/server.js","20540","22","true","const db = await readDb();"
"readDb(","backend/server.js","20556","22","true","const db = await readDb();"
"readDb(","backend/server.js","20621","20","true","const db = await readDb();"
"readDb(","backend/server.js","20755","20","true","const db = await readDb();"
"readDb(","backend/server.js","20771","20","true","const db = await readDb();"
"readDb(","backend/server.js","20790","20","true","const db = await readDb();"
"readDb(","backend/server.js","20834","26","true","const latestDb = await readDb();"
"writeDb(","backend/server.js","20866","9","true","await writeDb(latestDb);"
"readDb(","backend/server.js","20884","5","true","readDb()"
"readDb(","backend/server.js","21595","28","true","const db = await readDb();"
"readDb(","backend/server.js","21634","28","true","const db = await readDb();"
"readDb(","backend/server.js","21671","28","true","const db = await readDb();"
"readDb(","backend/server.js","21699","28","true","const db = await readDb();"
"readDb(","backend/server.js","21744","26","true","const db = await readDb();"
"readDb(","backend/server.js","21775","28","true","const db = await readDb();"
"readDb(","backend/server.js","21990","26","true","const db = await readDb();"
"readDb(","backend/server.js","22029","24","true","const db = await readDb();"
"readDb(","backend/server.js","22116","28","true","const db = await readDb();"
"readDb(","backend/server.js","22153","26","true","const db = await readDb();"
"readDb(","backend/server.js","22205","26","true","const db = await readDb();"
"readDb(","backend/server.js","22255","26","true","const db = await readDb();"
"readDb(","backend/server.js","22333","24","true","const db = await readDb();"
"readDb(","backend/server.js","22382","26","true","const db = await readDb();"
"readDb(","backend/server.js","22564","20","true","const db = await readDb();"
"readDb(","backend/server.js","23813","20","true","const db = await readDb();"
"readDb(","backend/server.js","23852","20","true","const db = await readDb({ refreshExternalizedIntegrationStationStates: true });"
"readDb(","backend/server.js","23964","20","true","const db = await readDb();"
"readDb(","backend/server.js","24364","20","true","const db = await readDb();"
"readDb(","backend/server.js","24409","20","true","const db = await readDb();"
"writeDb(","backend/server.js","24415","11","true","await writeDb(db);"
"readDb(","backend/server.js","24494","64","true","const db = await telemetry.measure(""readDb.handler"", () => readDb({"
"readDb(","backend/server.js","24588","64","true","const db = await telemetry.measure(""readDb.handler"", () => readDb({"
"readDb(","backend/server.js","24670","64","true","const db = await telemetry.measure(""readDb.handler"", () => readDb());"
"readDb(","backend/server.js","24747","20","true","const db = await readDb();"
"writeDb(","backend/server.js","24818","9","true","await writeDb(db);"
"readDb(","backend/server.js","24840","20","true","const db = await readDb();"
"writeDb(","backend/server.js","24859","11","true","await writeDb(db, {"
"readDb(","backend/server.js","24881","20","true","const db = await readDb();"
"writeDb(","backend/server.js","24919","27","true","if (!fastWritten) await writeDb(db, {"
"readDb(","backend/server.js","25067","20","true","const db = await readDb();"
"readDb(","backend/server.js","25164","69","true","const db = await requestTelemetry.measure(""readDb.handler"", () => readDb());"
"readDb(","backend/server.js","25222","71","true","const db = await approveTelemetry.measure(""readDb.handler"", () => readDb());"
"readDb(","backend/server.js","25273","20","true","const db = await readDb();"
"readDb(","backend/server.js","25296","20","true","const db = await readDb(), auditEventStartIndex = Array.isArray(db.auditEvents) ? db.auditEvents.length : 0;"
"readDb(","backend/server.js","26985","20","true","const db = await readDb();"
"readDb(","backend/server.js","27551","20","true","const db = await readDb();"
"readDb(","backend/server.js","27721","20","true","const db = await readDb();"
"readDb(","backend/server.js","27770","20","true","const db = await readDb();"
"readDb(","backend/server.js","27795","20","true","const db = await readDb();"
"readDb(","backend/server.js","27876","26","true","const sourceDb = await readDb("
"writeDb(","backend/server.js","28328","265","true","if (!(canUsePresenceFastWrite && await writeIntegrationStationPresenceDb(db, { stationStateIds: [integrationStationStateMysqlRecordId(nextEntry)], notificationIds: stationStateNotificationIds, syncNoActiveStationsAlert: noActiveStationsAlertChanged }))) await writeDb(db, {"
"readDb(","backend/server.js","28409","20","true","const db = await readDb();"
"readDb(","backend/server.js","28554","20","true","const db = await readDb();"
"readDb(","backend/server.js","28684","20","true","const db = await readDb();"
"readDb(","backend/server.js","28777","20","true","const db = await readDb({ operationMetricKind: ""orderCreateRead"", parallelExternalizedTableLocksAndStationStates: ORDER_CREATE_PARALLEL_EXTERNAL_REFRESH, refreshExternalizedSessions: !req.__authContext, refreshExternalizedIntegrationStationStates: true, refreshExternalizedTableLocks: !ORDER_CREATE_TARGETED_LOCK_REFRESH || Boolean(orderCreateTableId), refreshExternalizedTableLockId: ORDER_CREATE_TARGETED_LOCK_REFRESH ? orderCreateTableId : """" }); recordOrderCreateStage(""readDb"");"
"readDb(","backend/server.js","29557","34","true","const latestDb = await readDb();"
"readDb(","backend/server.js","30178","37","true","let db = scopedOrdersDb ?? (await readDb());"
"readDb(","backend/server.js","30440","20","true","const db = await readDb({"
"readDb(","backend/server.js","31029","20","true","const db = await readDb({"
"readDb(","backend/server.js","31246","20","true","const db = await readDb({"
"readDb(","backend/server.js","31396","20","true","const db = await readDb();"
"readDb(","backend/server.js","31497","20","true","const db = await readDb({ refreshExternalizedSessions: true });"
"readDb(","backend/server.js","31771","20","true","const db = await readDb({ refreshExternalizedSessions: true });"
"readDb(","backend/server.js","32104","20","true","const db = await readDb();"
"writeDb(","backend/server.js","32264","9","true","await writeDb(db);"
"readDb(","backend/server.js","32279","10","true","return readDb({ refreshExternalizedSessions: true, refreshExternalizedTableLocks: true });"
"writeDb(","backend/server.js","32323","11","true","await writeDb(db, { splitDomains: [""tableLocks"", ""auditEvents""] });"
"writeDb(","backend/server.js","32351","11","true","await writeDb(db);"
"writeDb(","backend/server.js","32402","11","true","await writeDb(db, { splitDomains: [""tableLocks"", ""auditEvents""] });"
"writeDb(","backend/server.js","32438","11","true","await writeDb(db);"
"writeDb(","backend/server.js","32479","11","true","await writeDb(db, { splitDomains: [""tableLocks"", ""auditEvents""] });"
"writeDb(","backend/server.js","32496","11","true","await writeDb(db);"
"writeDb(","backend/server.js","32538","11","true","await writeDb(db, { splitDomains: [""tableLocks"", ""auditEvents""] });"
"writeDb(","backend/server.js","32565","11","true","await writeDb(db);"
"readDb(","backend/server.js","32604","20","true","const db = await readDb();"
"readDb(","backend/server.js","33736","20","true","const db = await readDb();"
"readDb(","backend/server.js","34301","20","true","const db = await readDb({"
"readDb(","backend/server.js","35741","20","true","const db = await readDb({"
"readDb(","backend/server.js","36006","20","true","const db = await readDb({ refreshExternalizedSessions: true, refreshExternalizedTableLocks: true }); recordOrderCancelStage(""readDb"");"
"readDb(","backend/server.js","36260","20","true","const db = await readDb();"
"readDb(","backend/server.js","37018","20","true","const db = await readDb();"
"readDb(","backend/server.js","37399","73","true","readDb: async (...args) => automaticCashSplitGuard.refreshState(await readDb(...args)),"
"readDb(","backend/server.js","38058","20","true","const db = await readDb("
"readDb(","backend/server.js","38261","31","true","const initialAppState = await readDb();"
"readDb(","backend/server.js","38723","125","true","if (SHOULD_RUN_BACKEND_OWNER_JOBS && ORDERS_ANY_ASYNC_ACK) withDbMutation(""orders startup reconcile"", async () => { await readDb(); return persistReconciledOrders({ pending: pendingOrdersStartupReconcile, readDb, writeOrderSyncDb: writeIntegrationOrderSyncDb, pruneIntegrationState, nowIso, runtimeMetrics, logger: console }); }).catch((error) => { console.error(`[orders:startup-reconcile] riconciliazione non riuscita: ${error instanceof Error ? error.message : String(error)}`); });"
"node:sqlite","backend/tests/app-state-persistence.test.mjs","20","38","false","const sqliteModule = await import(""node:sqlite"");"
"app_state","backend/tests/app-state-persistence.test.mjs","31","34","false","CREATE TABLE IF NOT EXISTS app_state ("
"app_state","backend/tests/app-state-persistence.test.mjs","39","21","false","INSERT INTO app_state (id, json, updated_at)"
"app_state","backend/tests/app-state-persistence.test.mjs","56","46","false","const row = db.prepare(""SELECT json FROM app_state WHERE id = 1"").get();"
"app_state","backend/tests/app-state-persistence.test.mjs","68","46","false","const row = db.prepare(""SELECT json FROM app_state WHERE id = 1"").get();"
"app_state","backend/tests/app-state-persistence.test.mjs","264","23","false","test(""SQLite con riga app_state invalida in produzione non viene sovrascritto"", async () => {"
"app_state","backend/tests/app-state-persistence.test.mjs","274","20","false","CREATE TABLE app_state ("
"app_state","backend/tests/app-state-persistence.test.mjs","280","29","false","db.prepare(""INSERT INTO app_state (id, json, updated_at) VALUES (1, ?, ?)"").run("
"node:sqlite","backend/tests/app-state-repository.test.mjs","4","31","false","import { DatabaseSync } from ""node:sqlite"";"
"app_state","backend/tests/app-state-repository.test.mjs","69","67","false","""SELECT domain, mode, row_count, checksum, synced_at FROM app_state_split_state ORDER BY domain"","
"writeDb(","backend/tests/app-state-repository.test.mjs","87","16","false","await writer.writeDb(state);"
"readDb(","backend/tests/app-state-repository.test.mjs","92","31","false","const reread = await reader.readDb({ allowMigrations: false });"
"app_state","backend/tests/app-state-repository.test.mjs","119","17","false","tableName: ""app_state"","
"app_state","backend/tests/app-state-repository.test.mjs","185","17","false","tableName: ""app_state"","
"writeDb(","backend/tests/app-state-repository.test.mjs","212","16","false","await writer.writeDb(state);"
"readDb(","backend/tests/app-state-repository.test.mjs","218","31","false","const reread = await reader.readDb({ allowMigrations: false });"
"writeDb(","backend/tests/app-state-repository.test.mjs","242","18","false","await writer.writeDb(initialState);"
"readDb(","backend/tests/app-state-repository.test.mjs","244","36","false","const firstRead = await reader.readDb();"
"writeDb(","backend/tests/app-state-repository.test.mjs","249","18","false","await writer.writeDb(updatedState);"
"readDb(","backend/tests/app-state-repository.test.mjs","251","37","false","const cachedRead = await reader.readDb();"
"readDb(","backend/tests/app-state-repository.test.mjs","254","39","false","const reloadedRead = await reader.readDb({ forceReload: true });"
"writeDb(","backend/tests/app-state-repository.test.mjs","281","18","false","await writer.writeDb(initialState);"
"readDb(","backend/tests/app-state-repository.test.mjs","283","36","false","const firstRead = await reader.readDb();"
"writeDb(","backend/tests/app-state-repository.test.mjs","289","18","false","await writer.writeDb(updatedState);"
"readDb(","backend/tests/app-state-repository.test.mjs","291","39","false","const reloadedRead = await reader.readDb();"
"writeDb(","backend/tests/app-state-repository.test.mjs","347","20","false","await repository.writeDb(state);"
"readDb(","backend/tests/app-state-repository.test.mjs","348","35","false","const reread = await repository.readDb({ allowMigrations: false });"
"app_state","backend/tests/app-state-repository.test.mjs","419","61","false","""Record has changed since last read in table 'app_state_domain_records'"","
"app_state_domain_records","backend/tests/app-state-repository.test.mjs","419","61","false","""Record has changed since last read in table 'app_state_domain_records'"","
"writeDb(","backend/tests/app-state-repository.test.mjs","443","20","false","await repository.writeDb(state);"
"app_state","backend/tests/app-state-repository.test.mjs","496","53","false","() => new AppStateMysqlRepository({ tableName: ""app_state;drop"" }),"
"writeDb(","backend/tests/app-state-repository.test.mjs","573","20","false","await repository.writeDb(state);"
"writeDb(","backend/tests/app-state-repository.test.mjs","581","20","false","await repository.writeDb(nextState, { splitDomains: [""integration""] });"
"readDb(","backend/tests/app-state-repository.test.mjs","588","35","false","const reread = await repository.readDb({ allowMigrations: false });"
"app_state","backend/tests/app-state-repository.test.mjs","601","37","false","overrides: { mysqlTableName: ""app_state;drop"" },"
"writeDb(","backend/tests/app-state-repository.test.mjs","605","20","false","await repository.writeDb(state);"
"readDb(","backend/tests/app-state-repository.test.mjs","606","35","false","const reread = await repository.readDb({ allowMigrations: false });"
"writeDb(","backend/tests/app-state-repository.test.mjs","648","54","false","await Promise.all(states.map((state) => repository.writeDb(state)));"
"writeDb(","backend/tests/app-state-repository.test.mjs","695","20","false","await repository.writeDb(state);"
"writeDb(","backend/tests/app-state-repository.test.mjs","699","20","false","await repository.writeDb(state);"
"writeDb(","backend/tests/app-state-repository.test.mjs","723","20","false","await repository.writeDb(state, {"
"writeDb(","backend/tests/app-state-repository.test.mjs","731","20","false","await repository.writeDb(nextState, {"
"app_state","backend/tests/app-state-repository.test.mjs","866","36","false","if (/SELECT record_id, kind, app_state_position, row_hash/s.test(sql)) {"
"app_state","backend/tests/app-state-repository.test.mjs","869","27","false","if (/INSERT INTO\s+`app_state_domain_records`/s.test(sql)) {"
"app_state_domain_records","backend/tests/app-state-repository.test.mjs","869","27","false","if (/INSERT INTO\s+`app_state_domain_records`/s.test(sql)) {"
"app_state","backend/tests/app-state-repository.test.mjs","875","11","false","app_state_position: appStatePosition,"
"app_state","backend/tests/app-state-repository.test.mjs","881","31","false","if (/^\s*UPDATE\b[\s\S]*app_state_position/s.test(sql)) {"
"app_state","backend/tests/app-state-repository.test.mjs","884","22","false","if (row) row.app_state_position = appStatePosition;"
"app_state","backend/tests/app-state-repository.test.mjs","887","27","false","if (/DELETE FROM\s+`app_state_domain_records_order_station_index`/s.test(sql)) {"
"app_state_domain_records","backend/tests/app-state-repository.test.mjs","887","27","false","if (/DELETE FROM\s+`app_state_domain_records_order_station_index`/s.test(sql)) {"
"app_state","backend/tests/app-state-repository.test.mjs","890","27","false","if (/DELETE FROM\s+`app_state_domain_records`/s.test(sql)) {"
"app_state_domain_records","backend/tests/app-state-repository.test.mjs","890","27","false","if (/DELETE FROM\s+`app_state_domain_records`/s.test(sql)) {"
"app_state","backend/tests/app-state-repository.test.mjs","911","17","false","tableName: ""app_state_domain_records"","
"app_state_domain_records","backend/tests/app-state-repository.test.mjs","911","17","false","tableName: ""app_state_domain_records"","
"app_state","backend/tests/app-state-repository.test.mjs","926","30","false","/SELECT record_id, kind, app_state_position, row_hash/s.test(entry.sql),"
"app_state","backend/tests/app-state-repository.test.mjs","936","30","false","/SELECT record_id, kind, app_state_position, row_hash/s.test(entry.sql),"
"app_state","backend/tests/app-state-repository.test.mjs","961","30","false","/SELECT record_id, kind, app_state_position, row_hash/s.test(entry.sql),"
"app_state","backend/tests/app-state-repository.test.mjs","967","25","false","/^\s*UPDATE\b[\s\S]*app_state_position/s.test(entry.sql),"
"app_state","backend/tests/app-state-repository.test.mjs","991","36","false","if (/SELECT record_id, kind, app_state_position, row_hash/s.test(sql)) {"
"app_state","backend/tests/app-state-repository.test.mjs","999","27","false","if (/INSERT INTO\s+`app_state_domain_records_order_station_index`/s.test(sql)) {"
"app_state_domain_records","backend/tests/app-state-repository.test.mjs","999","27","false","if (/INSERT INTO\s+`app_state_domain_records_order_station_index`/s.test(sql)) {"
"app_state","backend/tests/app-state-repository.test.mjs","1002","27","false","if (/INSERT INTO\s+`app_state_domain_records`/s.test(sql)) {"
"app_state_domain_records","backend/tests/app-state-repository.test.mjs","1002","27","false","if (/INSERT INTO\s+`app_state_domain_records`/s.test(sql)) {"
"app_state","backend/tests/app-state-repository.test.mjs","1009","11","false","app_state_position: appStatePosition,"
"app_state","backend/tests/app-state-repository.test.mjs","1015","31","false","if (/^\s*UPDATE\b[\s\S]*app_state_position/s.test(sql)) {"
"app_state","backend/tests/app-state-repository.test.mjs","1018","22","false","if (row) row.app_state_position = appStatePosition;"
"app_state","backend/tests/app-state-repository.test.mjs","1021","27","false","if (/DELETE FROM\s+`app_state_domain_records_order_station_index`/s.test(sql)) {"
"app_state_domain_records","backend/tests/app-state-repository.test.mjs","1021","27","false","if (/DELETE FROM\s+`app_state_domain_records_order_station_index`/s.test(sql)) {"
"app_state","backend/tests/app-state-repository.test.mjs","1024","27","false","if (/DELETE FROM\s+`app_state_domain_records`/s.test(sql)) {"
"app_state_domain_records","backend/tests/app-state-repository.test.mjs","1024","27","false","if (/DELETE FROM\s+`app_state_domain_records`/s.test(sql)) {"
"app_state","backend/tests/app-state-repository.test.mjs","1045","17","false","tableName: ""app_state_domain_records"","
"app_state_domain_records","backend/tests/app-state-repository.test.mjs","1045","17","false","tableName: ""app_state_domain_records"","
"app_state","backend/tests/app-state-repository.test.mjs","1113","35","false",".sort((left, right) => left.app_state_position - right.app_state_position);"
"app_state","backend/tests/app-state-repository.test.mjs","1113","62","false",".sort((left, right) => left.app_state_position - right.app_state_position);"
"app_state","backend/tests/app-state-repository.test.mjs","1121","36","false","if (/SELECT record_id, kind, app_state_position, row_hash/s.test(sql)) {"
"app_state","backend/tests/app-state-repository.test.mjs","1124","27","false","if (/INSERT INTO\s+`app_state_domain_records_order_station_index`/s.test(sql)) {"
"app_state_domain_records","backend/tests/app-state-repository.test.mjs","1124","27","false","if (/INSERT INTO\s+`app_state_domain_records_order_station_index`/s.test(sql)) {"
"app_state","backend/tests/app-state-repository.test.mjs","1134","13","false","app_state_position: appStatePosition,"
"app_state","backend/tests/app-state-repository.test.mjs","1139","27","false","if (/INSERT INTO\s+`app_state_domain_records`/s.test(sql)) {"
"app_state_domain_records","backend/tests/app-state-repository.test.mjs","1139","27","false","if (/INSERT INTO\s+`app_state_domain_records`/s.test(sql)) {"
"app_state","backend/tests/app-state-repository.test.mjs","1146","11","false","app_state_position: appStatePosition,"
"app_state","backend/tests/app-state-repository.test.mjs","1152","27","false","if (/DELETE FROM\s+`app_state_domain_records_order_station_index`/s.test(sql)) {"
"app_state_domain_records","backend/tests/app-state-repository.test.mjs","1152","27","false","if (/DELETE FROM\s+`app_state_domain_records_order_station_index`/s.test(sql)) {"
"app_state","backend/tests/app-state-repository.test.mjs","1204","29","false",".sort((a, b) => a.app_state_position - b.app_state_position);"
"app_state","backend/tests/app-state-repository.test.mjs","1204","52","false",".sort((a, b) => a.app_state_position - b.app_state_position);"
"app_state","backend/tests/app-state-repository.test.mjs","1210","45","false","if (/SELECT order_record_id\s+FROM\s+`app_state_domain_records_order_station_index`/s.test(sql)) {"
"app_state_domain_records","backend/tests/app-state-repository.test.mjs","1210","45","false","if (/SELECT order_record_id\s+FROM\s+`app_state_domain_records_order_station_index`/s.test(sql)) {"
"app_state","backend/tests/app-state-repository.test.mjs","1216","44","false","if (/SELECT domain, record_id, kind, app_state_position, row_hash, raw_json/s.test(sql)) {"
"app_state","backend/tests/app-state-repository.test.mjs","1243","17","false","tableName: ""app_state_domain_records"","
"app_state_domain_records","backend/tests/app-state-repository.test.mjs","1243","17","false","tableName: ""app_state_domain_records"","
"app_state","backend/tests/app-state-repository.test.mjs","1349","34","false","/SELECT record_id, kind, app_state_position, row_hash/s.test(entry.sql) &&"
"app_state","backend/tests/app-state-repository.test.mjs","1372","36","false","if (/SELECT record_id, kind, app_state_position, row_hash/s.test(sql)) {"
"app_state","backend/tests/app-state-repository.test.mjs","1380","27","false","if (/INSERT INTO\s+`app_state_domain_records_order_station_index`/s.test(sql)) {"
"app_state_domain_records","backend/tests/app-state-repository.test.mjs","1380","27","false","if (/INSERT INTO\s+`app_state_domain_records_order_station_index`/s.test(sql)) {"
"app_state","backend/tests/app-state-repository.test.mjs","1383","27","false","if (/INSERT INTO\s+`app_state_domain_records`/s.test(sql)) {"
"app_state_domain_records","backend/tests/app-state-repository.test.mjs","1383","27","false","if (/INSERT INTO\s+`app_state_domain_records`/s.test(sql)) {"
"app_state","backend/tests/app-state-repository.test.mjs","1390","11","false","app_state_position: appStatePosition,"
"app_state","backend/tests/app-state-repository.test.mjs","1396","31","false","if (/^\s*UPDATE\b[\s\S]*app_state_position/s.test(sql)) {"
"app_state","backend/tests/app-state-repository.test.mjs","1399","22","false","if (row) row.app_state_position = appStatePosition;"
"app_state","backend/tests/app-state-repository.test.mjs","1402","27","false","if (/DELETE FROM\s+`app_state_domain_records_order_station_index`/s.test(sql)) {"
"app_state_domain_records","backend/tests/app-state-repository.test.mjs","1402","27","false","if (/DELETE FROM\s+`app_state_domain_records_order_station_index`/s.test(sql)) {"
"app_state","backend/tests/app-state-repository.test.mjs","1405","27","false","if (/DELETE FROM\s+`app_state_domain_records`/s.test(sql)) {"
"app_state_domain_records","backend/tests/app-state-repository.test.mjs","1405","27","false","if (/DELETE FROM\s+`app_state_domain_records`/s.test(sql)) {"
"app_state","backend/tests/app-state-repository.test.mjs","1418","44","false","if (/SELECT domain, record_id, kind, app_state_position, row_hash, raw_json/s.test(sql)) {"
"app_state","backend/tests/app-state-repository.test.mjs","1424","19","false","if (a.app_state_position !== b.app_state_position) {"
"app_state","backend/tests/app-state-repository.test.mjs","1424","44","false","if (a.app_state_position !== b.app_state_position) {"
"app_state","backend/tests/app-state-repository.test.mjs","1425","24","false","return a.app_state_position - b.app_state_position;"
"app_state","backend/tests/app-state-repository.test.mjs","1425","47","false","return a.app_state_position - b.app_state_position;"
"app_state","backend/tests/app-state-repository.test.mjs","1438","17","false","tableName: ""app_state_domain_records"","
"app_state_domain_records","backend/tests/app-state-repository.test.mjs","1438","17","false","tableName: ""app_state_domain_records"","
"app_state","backend/tests/app-state-repository.test.mjs","1546","36","false","if (/SELECT record_id, kind, app_state_position, row_hash, raw_json[\s\S]*FOR UPDATE/s.test(sql)) {"
"app_state","backend/tests/app-state-repository.test.mjs","1555","36","false","if (/SELECT record_id, kind, app_state_position, row_hash/s.test(sql)) {"
"app_state","backend/tests/app-state-repository.test.mjs","1563","39","false","if (/SELECT record_id\s+FROM\s+`app_state_domain_records`/s.test(sql)) {"
"app_state_domain_records","backend/tests/app-state-repository.test.mjs","1563","39","false","if (/SELECT record_id\s+FROM\s+`app_state_domain_records`/s.test(sql)) {"
"app_state","backend/tests/app-state-repository.test.mjs","1572","27","false","if (/DELETE FROM\s+`app_state_domain_records`\s+WHERE domain = \?/s.test(sql)) {"
"app_state_domain_records","backend/tests/app-state-repository.test.mjs","1572","27","false","if (/DELETE FROM\s+`app_state_domain_records`\s+WHERE domain = \?/s.test(sql)) {"
"app_state","backend/tests/app-state-repository.test.mjs","1577","57","false","if (/SELECT station, match_kind, order_record_id, app_state_position/s.test(sql)) {"
"app_state","backend/tests/app-state-repository.test.mjs","1580","27","false","if (/INSERT INTO\s+`app_state_domain_records_order_station_index`/s.test(sql)) {"
"app_state_domain_records","backend/tests/app-state-repository.test.mjs","1580","27","false","if (/INSERT INTO\s+`app_state_domain_records_order_station_index`/s.test(sql)) {"
"app_state","backend/tests/app-state-repository.test.mjs","1589","13","false","app_state_position: params[index + 5],"
"app_state","backend/tests/app-state-repository.test.mjs","1595","27","false","if (/INSERT INTO\s+`app_state_domain_records`/s.test(sql)) {"
"app_state_domain_records","backend/tests/app-state-repository.test.mjs","1595","27","false","if (/INSERT INTO\s+`app_state_domain_records`/s.test(sql)) {"
"app_state","backend/tests/app-state-repository.test.mjs","1603","13","false","app_state_position: appStatePosition,"
"app_state","backend/tests/app-state-repository.test.mjs","1627","17","false","tableName: ""app_state_domain_records"","
"app_state_domain_records","backend/tests/app-state-repository.test.mjs","1627","17","false","tableName: ""app_state_domain_records"","
"app_state","backend/tests/app-state-repository.test.mjs","1676","32","false","/SELECT record_id, kind, app_state_position, row_hash, raw_json/s.test(entry.sql) &&"
"app_state","backend/tests/app-state-repository.test.mjs","1735","9","false","app_state_position: 0,"
"app_state","backend/tests/app-state-repository.test.mjs","1747","36","false","if (/SELECT raw_json FROM\s+`app_state_domain_records`\s+WHERE domain = \? AND record_id = \? FOR UPDATE/s.test(sql)) {"
"app_state_domain_records","backend/tests/app-state-repository.test.mjs","1747","36","false","if (/SELECT raw_json FROM\s+`app_state_domain_records`\s+WHERE domain = \? AND record_id = \? FOR UPDATE/s.test(sql)) {"
"app_state","backend/tests/app-state-repository.test.mjs","1752","22","false","if (/UPDATE\s+`app_state_domain_records`\s+SET raw_json = \?, row_hash = \?/s.test(sql)) {"
"app_state_domain_records","backend/tests/app-state-repository.test.mjs","1752","22","false","if (/UPDATE\s+`app_state_domain_records`\s+SET raw_json = \?, row_hash = \?/s.test(sql)) {"
"app_state","backend/tests/app-state-repository.test.mjs","1766","17","false","tableName: ""app_state_domain_records"","
"app_state_domain_records","backend/tests/app-state-repository.test.mjs","1766","17","false","tableName: ""app_state_domain_records"","
"app_state","backend/tests/app-state-repository.test.mjs","1826","36","false","if (/SELECT record_id, kind, app_state_position, row_hash/s.test(sql)) {"
"app_state","backend/tests/app-state-repository.test.mjs","1834","57","false","if (/SELECT station, match_kind, order_record_id, app_state_position/s.test(sql)) {"
"app_state","backend/tests/app-state-repository.test.mjs","1847","27","false","if (/INSERT INTO\s+`app_state_domain_records_order_station_index`/s.test(sql)) {"
"app_state_domain_records","backend/tests/app-state-repository.test.mjs","1847","27","false","if (/INSERT INTO\s+`app_state_domain_records_order_station_index`/s.test(sql)) {"
"app_state","backend/tests/app-state-repository.test.mjs","1856","11","false","app_state_position: appStatePosition,"
"app_state","backend/tests/app-state-repository.test.mjs","1860","27","false","if (/INSERT INTO\s+`app_state_domain_records`/s.test(sql)) {"
"app_state_domain_records","backend/tests/app-state-repository.test.mjs","1860","27","false","if (/INSERT INTO\s+`app_state_domain_records`/s.test(sql)) {"
"app_state","backend/tests/app-state-repository.test.mjs","1867","11","false","app_state_position: appStatePosition,"
"app_state","backend/tests/app-state-repository.test.mjs","1873","31","false","if (/^\s*UPDATE\b[\s\S]*app_state_position/s.test(sql)) {"
"app_state","backend/tests/app-state-repository.test.mjs","1876","22","false","if (row) row.app_state_position = appStatePosition;"
"app_state","backend/tests/app-state-repository.test.mjs","1879","27","false","if (/DELETE FROM\s+`app_state_domain_records_order_station_index`/s.test(sql)) {"
"app_state_domain_records","backend/tests/app-state-repository.test.mjs","1879","27","false","if (/DELETE FROM\s+`app_state_domain_records_order_station_index`/s.test(sql)) {"
"app_state","backend/tests/app-state-repository.test.mjs","1913","27","false","if (/DELETE FROM\s+`app_state_domain_records`/s.test(sql)) {"
"app_state_domain_records","backend/tests/app-state-repository.test.mjs","1913","27","false","if (/DELETE FROM\s+`app_state_domain_records`/s.test(sql)) {"
"app_state","backend/tests/app-state-repository.test.mjs","1926","45","false","if (/SELECT order_record_id\s+FROM\s+`app_state_domain_records_order_station_index`/s.test(sql)) {"
"app_state_domain_records","backend/tests/app-state-repository.test.mjs","1926","45","false","if (/SELECT order_record_id\s+FROM\s+`app_state_domain_records_order_station_index`/s.test(sql)) {"
"app_state","backend/tests/app-state-repository.test.mjs","1932","44","false","if (/SELECT domain, record_id, kind, app_state_position, row_hash, raw_json/s.test(sql)) {"
"app_state","backend/tests/app-state-repository.test.mjs","1938","19","false","if (a.app_state_position !== b.app_state_position) {"
"app_state","backend/tests/app-state-repository.test.mjs","1938","44","false","if (a.app_state_position !== b.app_state_position) {"
"app_state","backend/tests/app-state-repository.test.mjs","1939","24","false","return a.app_state_position - b.app_state_position;"
"app_state","backend/tests/app-state-repository.test.mjs","1939","47","false","return a.app_state_position - b.app_state_position;"
"app_state","backend/tests/app-state-repository.test.mjs","1952","17","false","tableName: ""app_state_domain_records"","
"app_state_domain_records","backend/tests/app-state-repository.test.mjs","1952","17","false","tableName: ""app_state_domain_records"","
"app_state","backend/tests/app-state-repository.test.mjs","1974","21","false","/INSERT INTO\s+`app_state_domain_records_order_station_index`/s.test(entry.sql),"
"app_state_domain_records","backend/tests/app-state-repository.test.mjs","1974","21","false","/INSERT INTO\s+`app_state_domain_records_order_station_index`/s.test(entry.sql),"
"app_state","backend/tests/app-state-repository.test.mjs","1977","21","false","/DELETE FROM\s+`app_state_domain_records_order_station_index`/s.test(entry.sql),"
"app_state_domain_records","backend/tests/app-state-repository.test.mjs","1977","21","false","/DELETE FROM\s+`app_state_domain_records_order_station_index`/s.test(entry.sql),"
"app_state","backend/tests/app-state-repository.test.mjs","1995","21","false","/INSERT INTO\s+`app_state_domain_records_order_station_index`/s.test(entry.sql),"
"app_state_domain_records","backend/tests/app-state-repository.test.mjs","1995","21","false","/INSERT INTO\s+`app_state_domain_records_order_station_index`/s.test(entry.sql),"
"app_state","backend/tests/app-state-repository.test.mjs","1998","21","false","/DELETE FROM\s+`app_state_domain_records_order_station_index`/s.test(entry.sql),"
"app_state_domain_records","backend/tests/app-state-repository.test.mjs","1998","21","false","/DELETE FROM\s+`app_state_domain_records_order_station_index`/s.test(entry.sql),"
"app_state","backend/tests/app-state-repository.test.mjs","2017","21","false","/INSERT INTO\s+`app_state_domain_records_order_station_index`/s.test(entry.sql),"
"app_state_domain_records","backend/tests/app-state-repository.test.mjs","2017","21","false","/INSERT INTO\s+`app_state_domain_records_order_station_index`/s.test(entry.sql),"
"app_state","backend/tests/app-state-repository.test.mjs","2020","21","false","/DELETE FROM\s+`app_state_domain_records_order_station_index`/s.test(entry.sql),"
"app_state_domain_records","backend/tests/app-state-repository.test.mjs","2020","21","false","/DELETE FROM\s+`app_state_domain_records_order_station_index`/s.test(entry.sql),"
"app_state","backend/tests/app-state-repository.test.mjs","2088","36","false","if (/SELECT record_id, kind, app_state_position, row_hash/s.test(sql)) {"
"app_state","backend/tests/app-state-repository.test.mjs","2096","57","false","if (/SELECT station, match_kind, order_record_id, app_state_position/s.test(sql)) {"
"app_state","backend/tests/app-state-repository.test.mjs","2109","27","false","if (/INSERT INTO\s+`app_state_domain_records_order_station_index`/s.test(sql)) {"
"app_state_domain_records","backend/tests/app-state-repository.test.mjs","2109","27","false","if (/INSERT INTO\s+`app_state_domain_records_order_station_index`/s.test(sql)) {"
"app_state","backend/tests/app-state-repository.test.mjs","2119","13","false","app_state_position: appStatePosition,"
"app_state","backend/tests/app-state-repository.test.mjs","2124","27","false","if (/INSERT INTO\s+`app_state_domain_records`/s.test(sql)) {"
"app_state_domain_records","backend/tests/app-state-repository.test.mjs","2124","27","false","if (/INSERT INTO\s+`app_state_domain_records`/s.test(sql)) {"
"app_state","backend/tests/app-state-repository.test.mjs","2131","11","false","app_state_position: appStatePosition,"
"app_state","backend/tests/app-state-repository.test.mjs","2137","27","false","if (/DELETE FROM\s+`app_state_domain_records_order_station_index`/s.test(sql)) {"
"app_state_domain_records","backend/tests/app-state-repository.test.mjs","2137","27","false","if (/DELETE FROM\s+`app_state_domain_records_order_station_index`/s.test(sql)) {"
"app_state","backend/tests/app-state-repository.test.mjs","2177","45","false","if (/SELECT order_record_id\s+FROM\s+`app_state_domain_records_order_station_index`/s.test(sql)) {"
"app_state_domain_records","backend/tests/app-state-repository.test.mjs","2177","45","false","if (/SELECT order_record_id\s+FROM\s+`app_state_domain_records_order_station_index`/s.test(sql)) {"
"app_state","backend/tests/app-state-repository.test.mjs","2180","44","false","if (/SELECT domain, record_id, kind, app_state_position, row_hash, raw_json/s.test(sql)) {"
"app_state","backend/tests/app-state-repository.test.mjs","2191","17","false","tableName: ""app_state_domain_records"","
"app_state_domain_records","backend/tests/app-state-repository.test.mjs","2191","17","false","tableName: ""app_state_domain_records"","
"app_state","backend/tests/app-state-repository.test.mjs","2219","21","false","/INSERT INTO\s+`app_state_domain_records_order_station_index`/s.test(entry.sql),"
"app_state_domain_records","backend/tests/app-state-repository.test.mjs","2219","21","false","/INSERT INTO\s+`app_state_domain_records_order_station_index`/s.test(entry.sql),"
"app_state","backend/tests/app-state-repository.test.mjs","2222","21","false","/DELETE FROM\s+`app_state_domain_records_order_station_index`/s.test(entry.sql),"
"app_state_domain_records","backend/tests/app-state-repository.test.mjs","2222","21","false","/DELETE FROM\s+`app_state_domain_records_order_station_index`/s.test(entry.sql),"
"app_state","backend/tests/app-state-repository.test.mjs","2249","21","false","/DELETE FROM\s+`app_state_domain_records_order_station_index`/s.test(entry.sql),"
"app_state_domain_records","backend/tests/app-state-repository.test.mjs","2249","21","false","/DELETE FROM\s+`app_state_domain_records_order_station_index`/s.test(entry.sql),"
"app_state","backend/tests/app-state-repository.test.mjs","2270","91","false","const checkread = Object.assign(new Error(""Record has changed since last read in table 'app_state_domain_records'""), {"
"app_state_domain_records","backend/tests/app-state-repository.test.mjs","2270","91","false","const checkread = Object.assign(new Error(""Record has changed since last read in table 'app_state_domain_records'""), {"
"app_state","backend/tests/app-state-repository.test.mjs","2291","36","false","if (/SELECT record_id, kind, app_state_position, row_hash/s.test(sql)) {"
"app_state","backend/tests/app-state-repository.test.mjs","2294","57","false","if (/SELECT station, match_kind, order_record_id, app_state_position/s.test(sql)) {"
"app_state","backend/tests/app-state-repository.test.mjs","2297","27","false","if (/INSERT INTO\s+`app_state_domain_records`/s.test(sql)) {"
"app_state_domain_records","backend/tests/app-state-repository.test.mjs","2297","27","false","if (/INSERT INTO\s+`app_state_domain_records`/s.test(sql)) {"
"app_state","backend/tests/app-state-repository.test.mjs","2300","27","false","if (/INSERT INTO\s+`app_state_domain_records_order_station_index`/s.test(sql)) {"
"app_state_domain_records","backend/tests/app-state-repository.test.mjs","2300","27","false","if (/INSERT INTO\s+`app_state_domain_records_order_station_index`/s.test(sql)) {"
"app_state","backend/tests/app-state-repository.test.mjs","2312","45","false","if (/SELECT order_record_id\s+FROM\s+`app_state_domain_records_order_station_index`/s.test(sql)) {"
"app_state_domain_records","backend/tests/app-state-repository.test.mjs","2312","45","false","if (/SELECT order_record_id\s+FROM\s+`app_state_domain_records_order_station_index`/s.test(sql)) {"
"app_state","backend/tests/app-state-repository.test.mjs","2315","44","false","if (/SELECT domain, record_id, kind, app_state_position, row_hash, raw_json/s.test(sql)) {"
"app_state","backend/tests/app-state-repository.test.mjs","2326","17","false","tableName: ""app_state_domain_records"","
"app_state_domain_records","backend/tests/app-state-repository.test.mjs","2326","17","false","tableName: ""app_state_domain_records"","
"writeDb(","backend/tests/app-state-repository.test.mjs","2428","22","false","await repository.writeDb(state);"
"writeDb(","backend/tests/app-state-repository.test.mjs","2496","18","false","await writer.writeDb(state);"
"writeDb(","backend/tests/app-state-repository.test.mjs","2520","18","false","await writer.writeDb(auditOnlyState);"
"readDb(","backend/tests/app-state-repository.test.mjs","2537","33","false","const reread = await reader.readDb({ allowMigrations: false });"
"writeDb(","backend/tests/app-state-repository.test.mjs","2659","22","false","await repository.writeDb(state);"
"writeDb(","backend/tests/app-state-repository.test.mjs","2737","18","false","await writer.writeDb(state);"
"writeDb(","backend/tests/app-state-repository.test.mjs","2755","18","false","await writer.writeDb(spoolOnlyState);"
"readDb(","backend/tests/app-state-repository.test.mjs","2775","33","false","const reread = await reader.readDb({ allowMigrations: false });"
"writeDb(","backend/tests/app-state-repository.test.mjs","2838","22","false","await repository.writeDb(state);"
"writeDb(","backend/tests/app-state-repository.test.mjs","2937","18","false","await writer.writeDb(state);"
"writeDb(","backend/tests/app-state-repository.test.mjs","2959","18","false","await writer.writeDb(heartbeatOnlyState);"
"readDb(","backend/tests/app-state-repository.test.mjs","2981","33","false","const reread = await reader.readDb({ allowMigrations: false });"
"writeDb(","backend/tests/app-state-repository.test.mjs","3097","22","false","await repository.writeDb(state);"
"writeDb(","backend/tests/app-state-repository.test.mjs","3187","18","false","await writer.writeDb(state);"
"writeDb(","backend/tests/app-state-repository.test.mjs","3210","18","false","await writer.writeDb(lockOnlyState);"
"readDb(","backend/tests/app-state-repository.test.mjs","3235","33","false","const reread = await reader.readDb({ allowMigrations: false });"
"writeDb(","backend/tests/app-state-repository.test.mjs","3301","22","false","await repository.writeDb(state);"
"writeDb(","backend/tests/app-state-repository.test.mjs","3395","18","false","await writer.writeDb(state);"
"writeDb(","backend/tests/app-state-repository.test.mjs","3421","18","false","await writer.writeDb(tableOnlyState);"
"readDb(","backend/tests/app-state-repository.test.mjs","3443","33","false","const reread = await reader.readDb({ allowMigrations: false });"
"writeDb(","backend/tests/app-state-repository.test.mjs","3569","22","false","await repository.writeDb(state);"
"writeDb(","backend/tests/app-state-repository.test.mjs","3679","18","false","await writer.writeDb(state);"
"writeDb(","backend/tests/app-state-repository.test.mjs","3712","18","false","await writer.writeDb(orderOnlyState);"
"readDb(","backend/tests/app-state-repository.test.mjs","3734","33","false","const reread = await reader.readDb({ allowMigrations: false });"
"writeDb(","backend/tests/app-state-repository.test.mjs","3932","22","false","await repository.writeDb(state);"
"writeDb(","backend/tests/app-state-repository.test.mjs","4117","18","false","await writer.writeDb(state);"
"writeDb(","backend/tests/app-state-repository.test.mjs","4157","18","false","await writer.writeDb(paymentOnlyState);"
"readDb(","backend/tests/app-state-repository.test.mjs","4178","33","false","const reread = await reader.readDb({ allowMigrations: false });"
"writeDb(","backend/tests/app-state-repository.test.mjs","4293","20","false","await repository.writeDb(state, { splitDomains: [""users"", ""sessions""] });"
"writeDb(","backend/tests/app-state-repository.test.mjs","4296","20","false","await repository.writeDb(nextState, { metricLabel: ""test.shadow"", splitDomains: [""sessions""] });"
"readDb(","backend/tests/app-state-repository.test.mjs","4297","35","false","const reread = await repository.readDb({ allowMigrations: false, forceReload: true });"
"writeDb(","backend/tests/app-state-repository.test.mjs","4322","20","false","await repository.writeDb(state, { splitDomains: [""users"", ""sessions""] });"
"writeDb(","backend/tests/app-state-repository.test.mjs","4325","20","false","await repository.writeDb(nextState, { metricLabel: ""test.warn"", splitDomains: [""sessions""] });"
"writeDb(","backend/tests/app-state-repository.test.mjs","4344","20","false","await repository.writeDb(state, { splitDomains: [""users"", ""sessions"", ""integration""] });"
"writeDb(","backend/tests/app-state-repository.test.mjs","4349","22","false","() => repository.writeDb(nextState, { metricLabel: ""test.enforce"", splitDomains: [""sessions""] }),"
"readDb(","backend/tests/automatic-cash.test.mjs","160","11","false","async readDb() {"
"writeDb(","backend/tests/automatic-cash.test.mjs","193","11","false","async writeDb(nextDb) {"
"BACKEND_RELATIONAL_DB_PATH","backend/tests/command-inbox-pilots.e2e.test.mjs","34","26","false","env: { ...PILOT_ENV, BACKEND_RELATIONAL_DB_PATH: relationalPath },"
"BACKEND_RELATIONAL_DB_PATH","backend/tests/command-inbox-pilots.test.mjs","24","7","false","BACKEND_RELATIONAL_DB_PATH: dbPath,"
"BACKEND_RELATIONAL_DB_PATH","backend/tests/command-inbox.test.mjs","23","7","false","BACKEND_RELATIONAL_DB_PATH: dbPath,"
"readDb(","backend/tests/commercial-benefits.test.mjs","76","11","false","async readDb() {"
"writeDb(","backend/tests/commercial-benefits.test.mjs","91","11","false","async writeDb(nextDb) {"
"BACKEND_RELATIONAL_DB_PATH","backend/tests/concurrency-cas-regression.e2e.test.mjs","27","5","false","BACKEND_RELATIONAL_DB_PATH: relationalPath,"
"BACKEND_RELATIONAL_DB_PATH","backend/tests/concurrency-cas-regression.e2e.test.mjs","36","5","false","BACKEND_RELATIONAL_DB_PATH: relationalPath,"
"readDb(","backend/tests/continuity.e2e.test.mjs","38","22","false","const db = await readDb(dbPath);"
"readDb(","backend/tests/continuity.e2e.test.mjs","47","20","false","const db = await readDb(dbPath);"
"readDb(","backend/tests/continuity.e2e.test.mjs","347","16","false","async function readDb(dbPath) {"
"readDb(","backend/tests/continuity.e2e.test.mjs","550","22","false","const db = await readDb(dbPath);"
"readDb(","backend/tests/continuity.e2e.test.mjs","690","20","false","const db = await readDb(dbPath);"
"readDb(","backend/tests/continuity.e2e.test.mjs","813","22","false","const db = await readDb(dbPath);"
"readDb(","backend/tests/continuity.e2e.test.mjs","855","22","false","const db = await readDb(dbPath);"
"readDb(","backend/tests/continuity.e2e.test.mjs","879","20","false","let db = await readDb(dbPath);"
"readDb(","backend/tests/continuity.e2e.test.mjs","883","16","false","db = await readDb(dbPath);"
"readDb(","backend/tests/continuity.e2e.test.mjs","890","16","false","db = await readDb(dbPath);"
"readDb(","backend/tests/continuity.e2e.test.mjs","894","16","false","db = await readDb(dbPath);"
"readDb(","backend/tests/continuity.e2e.test.mjs","947","22","false","const db = await readDb(dbPath);"
"readDb(","backend/tests/continuity.e2e.test.mjs","978","22","false","const db = await readDb(dbPath);"
"readDb(","backend/tests/continuity.e2e.test.mjs","998","20","false","let db = await readDb(dbPath);"
"readDb(","backend/tests/continuity.e2e.test.mjs","1007","16","false","db = await readDb(dbPath);"
"readDb(","backend/tests/continuity.e2e.test.mjs","1020","20","false","let db = await readDb(dbPath);"
"readDb(","backend/tests/continuity.e2e.test.mjs","1032","16","false","db = await readDb(dbPath);"
"readDb(","backend/tests/continuity.e2e.test.mjs","1042","16","false","db = await readDb(dbPath);"
"readDb(","backend/tests/continuity.e2e.test.mjs","1060","24","false","const db = await readDb(dbPath);"
"readDb(","backend/tests/continuity.e2e.test.mjs","1077","20","false","let db = await readDb(dbPath);"
"readDb(","backend/tests/continuity.e2e.test.mjs","1105","16","false","db = await readDb(dbPath);"
"readDb(","backend/tests/continuity.e2e.test.mjs","1127","16","false","db = await readDb(dbPath);"
"readDb(","backend/tests/continuity.e2e.test.mjs","1136","16","false","db = await readDb(dbPath);"
"readDb(","backend/tests/continuity.e2e.test.mjs","1148","16","false","db = await readDb(dbPath);"
"readDb(","backend/tests/continuity.e2e.test.mjs","1179","22","false","const db = await readDb(dbPath);"
"readDb(","backend/tests/continuity.e2e.test.mjs","1246","22","false","const db = await readDb(dbPath);"
"readDb(","backend/tests/continuity.e2e.test.mjs","1266","20","false","let db = await readDb(dbPath);"
"readDb(","backend/tests/continuity.e2e.test.mjs","1278","16","false","db = await readDb(dbPath);"
"readDb(","backend/tests/continuity.e2e.test.mjs","1361","22","false","const db = await readDb(dbPath);"
"readDb(","backend/tests/continuity.e2e.test.mjs","1556","23","false","const db = await readDb(dbPath);"
"readDb(","backend/tests/continuity.e2e.test.mjs","1868","22","false","const db = await readDb(dbPath);"
"readDb(","backend/tests/continuity.e2e.test.mjs","1904","22","false","const db = await readDb(dbPath);"
"readDb(","backend/tests/continuity.e2e.test.mjs","1936","22","false","const db = await readDb(dbPath);"
"readDb(","backend/tests/continuity.e2e.test.mjs","1983","38","false","const dbBeforeEscalation = await readDb(dbPath);"
"readDb(","backend/tests/continuity.e2e.test.mjs","2032","30","false","const dbAfterAck = await readDb(dbPath);"
"readDb(","backend/tests/continuity.e2e.test.mjs","2111","20","false","let db = await readDb(dbPath);"
"readDb(","backend/tests/continuity.e2e.test.mjs","2123","20","false","let db = await readDb(dbPath);"
"readDb(","backend/tests/continuity.e2e.test.mjs","2140","16","false","db = await readDb(dbPath);"
"readDb(","backend/tests/continuity.e2e.test.mjs","2156","20","false","let db = await readDb(dbPath);"
"readDb(","backend/tests/continuity.e2e.test.mjs","2169","16","false","db = await readDb(dbPath);"
"readDb(","backend/tests/continuity.e2e.test.mjs","2179","20","false","let db = await readDb(dbPath);"
"readDb(","backend/tests/continuity.e2e.test.mjs","2185","16","false","db = await readDb(dbPath);"
"readDb(","backend/tests/continuity.e2e.test.mjs","2223","22","false","const db = await readDb(dbPath);"
"readDb(","backend/tests/continuity.e2e.test.mjs","2299","22","false","const db = await readDb(dbPath);"
"readDb(","backend/tests/continuity.e2e.test.mjs","2454","22","false","const db = await readDb(dbPath);"
"readDb(","backend/tests/continuity.e2e.test.mjs","2479","14","false","(await readDb(dbPath)).integration.orders.map((order) => order.id),"
"readDb(","backend/tests/continuity.e2e.test.mjs","2514","33","false","const dbAfterCreate = await readDb(dbPath);"
"readDb(","backend/tests/continuity.e2e.test.mjs","2556","14","false","(await readDb(dbPath)).integration.orders.map((order) => order.id),"
"readDb(","backend/tests/continuity.e2e.test.mjs","2599","20","false","let db = await readDb(dbPath);"
"readDb(","backend/tests/continuity.e2e.test.mjs","2614","16","false","db = await readDb(dbPath);"
"readDb(","backend/tests/continuity.e2e.test.mjs","2634","14","false","(await readDb(dbPath)).integration.orders.map((order) => order.id),"
"readDb(","backend/tests/continuity.e2e.test.mjs","2677","20","false","let db = await readDb(dbPath);"
"readDb(","backend/tests/continuity.e2e.test.mjs","2704","16","false","db = await readDb(dbPath);"
"readDb(","backend/tests/continuity.e2e.test.mjs","2720","16","false","db = await readDb(dbPath);"
"readDb(","backend/tests/continuity.e2e.test.mjs","2753","20","false","let db = await readDb(dbPath);"
"readDb(","backend/tests/continuity.e2e.test.mjs","2764","16","false","db = await readDb(dbPath);"
"readDb(","backend/tests/continuity.e2e.test.mjs","2790","22","false","const db = await readDb(dbPath);"
"readDb(","backend/tests/continuity.e2e.test.mjs","2811","22","false","const db = await readDb(dbPath);"
"readDb(","backend/tests/continuity.e2e.test.mjs","2838","22","false","const db = await readDb(dbPath);"
"readDb(","backend/tests/continuity.e2e.test.mjs","2899","22","false","const db = await readDb(dbPath);"
"readDb(","backend/tests/continuity.e2e.test.mjs","3050","20","false","let db = await readDb(dbPath);"
"readDb(","backend/tests/continuity.e2e.test.mjs","3110","22","false","const db = await readDb(dbPath);"
"readDb(","backend/tests/continuity.e2e.test.mjs","3183","20","false","let db = await readDb(dbPath);"
"readDb(","backend/tests/continuity.e2e.test.mjs","3193","16","false","db = await readDb(dbPath);"
"readDb(","backend/tests/continuity.e2e.test.mjs","3232","22","false","const db = await readDb(dbPath);"
"readDb(","backend/tests/continuity.e2e.test.mjs","3273","22","false","const db = await readDb(dbPath);"
"readDb(","backend/tests/continuity.e2e.test.mjs","3295","22","false","const db = await readDb(dbPath);"
"writeDb(","backend/tests/counter-collection-writer.test.mjs","25","11","false","async writeDb() {"
"writeDb(","backend/tests/counter-collection-writer.test.mjs","67","11","false","async writeDb(_db, options) {"
"node:sqlite","backend/tests/event-outbox-pilots.e2e.test.mjs","27","42","false","const { DatabaseSync } = await import(""node:sqlite"");"
"BACKEND_RELATIONAL_DB_PATH","backend/tests/event-outbox-pilots.e2e.test.mjs","52","26","false","env: { ...PILOT_ENV, BACKEND_RELATIONAL_DB_PATH: relationalPath },"
"BACKEND_RELATIONAL_DB_PATH","backend/tests/event-outbox-pilots.e2e.test.mjs","123","26","false","env: { ...PILOT_ENV, BACKEND_RELATIONAL_DB_PATH: relationalPath },"
"BACKEND_RELATIONAL_DB_PATH","backend/tests/fiscal-optimism-boundary.e2e.test.mjs","24","7","false","BACKEND_RELATIONAL_DB_PATH: relationalPath,"
"node:sqlite","backend/tests/fiscal-optimism-boundary.e2e.test.mjs","37","42","false","const { DatabaseSync } = await import(""node:sqlite"");"
"node:sqlite","backend/tests/fiscal-outbox-pos-worker-canary.e2e.test.mjs","310","42","false","const { DatabaseSync } = await import(""node:sqlite"");"
"BACKEND_RELATIONAL_DB_PATH","backend/tests/fiscal-outbox-pos-worker-canary.e2e.test.mjs","343","7","false","BACKEND_RELATIONAL_DB_PATH: relationalPath,"
"BACKEND_RELATIONAL_DB_PATH","backend/tests/mqtt-command-pilot.test.mjs","53","7","false","BACKEND_RELATIONAL_DB_PATH: dbPath,"
"app_state","backend/tests/mysql-domain-lock-order.test.mjs","79","30","false","/SELECT record_id, kind, app_state_position, row_hash, raw_json[\s\S]*FOR UPDATE/.test(sql),"
"app_state","backend/tests/mysql-domain-lock-order.test.mjs","143","36","false","if (/SELECT record_id, kind, app_state_position, row_hash/.test(sql)) {"
"app_state","backend/tests/mysql-domain-lock-order.test.mjs","216","36","false","if (/SELECT record_id, kind, app_state_position, row_hash, raw_json[\s\S]*FOR UPDATE/.test(sql)) {"
"app_state","backend/tests/mysql-domain-lock-order.test.mjs","220","36","false","if (/SELECT record_id, kind, app_state_position, row_hash/.test(sql)) {"
"app_state","backend/tests/mysql-domain-lock-order.test.mjs","316","36","false","if (/SELECT record_id, kind, app_state_position, row_hash, raw_json[\s\S]*FOR UPDATE/.test(sql)) {"
"app_state","backend/tests/mysql-domain-lock-order.test.mjs","319","36","false","if (/SELECT record_id, kind, app_state_position, row_hash/.test(sql)) {"
"app_state","backend/tests/mysql-domain-lock-order.test.mjs","367","30","false","/SELECT record_id, kind, app_state_position, row_hash[\s\S]*FROM `batched_freshness_records`/.test(sql),"
"app_state","backend/tests/mysql-domain-lock-order.test.mjs","425","9","false","app_state_position: 1,"
"app_state","backend/tests/mysql-domain-lock-order.test.mjs","436","9","false","app_state_position: 0,"
"app_state","backend/tests/mysql-domain-lock-order.test.mjs","451","9","false","app_state_position: 1,"
"app_state","backend/tests/mysql-domain-lock-order.test.mjs","468","9","false","app_state_position: 1,"
"app_state","backend/tests/mysql-domain-lock-order.test.mjs","484","9","false","app_state_position: 4,"
"app_state","backend/tests/mysql-domain-lock-order.test.mjs","499","9","false","app_state_position: 2,"
"app_state","backend/tests/mysql-domain-lock-order.test.mjs","512","36","false","if (/SELECT record_id, kind, app_state_position, row_hash, raw_json[\s\S]*FOR UPDATE/.test(sql)) {"
"app_state","backend/tests/mysql-domain-lock-order.test.mjs","522","36","false","if (/SELECT record_id, kind, app_state_position, row_hash/.test(sql)) {"
"app_state","backend/tests/mysql-domain-lock-order.test.mjs","531","17","false","app_state_position: 3,"
"app_state","backend/tests/mysql-domain-lock-order.test.mjs","545","13","false","app_state_position: row.appStatePosition,"
"app_state","backend/tests/mysql-domain-lock-order.test.mjs","747","9","false","app_state_position: 0,"
"app_state","backend/tests/mysql-domain-lock-order.test.mjs","760","9","false","app_state_position: 0,"
"app_state","backend/tests/mysql-domain-lock-order.test.mjs","774","9","false","app_state_position: 0,"
"app_state","backend/tests/mysql-domain-lock-order.test.mjs","787","9","false","app_state_position: 0,"
"app_state","backend/tests/mysql-domain-lock-order.test.mjs","801","9","false","app_state_position: 1,"
"app_state","backend/tests/mysql-domain-lock-order.test.mjs","816","36","false","if (/SELECT record_id, kind, app_state_position, row_hash, raw_json[\s\S]*FOR UPDATE/.test(sql)) {"
"app_state","backend/tests/mysql-domain-lock-order.test.mjs","826","36","false","if (/SELECT record_id, kind, app_state_position, row_hash/.test(sql)) {"
"app_state","backend/tests/mysql-domain-lock-order.test.mjs","841","13","false","app_state_position: row.appStatePosition,"
"app_state","backend/tests/mysql-sessions-split.repository.test.mjs","11","13","false","if (a.app_state_position !== b.app_state_position) {"
"app_state","backend/tests/mysql-sessions-split.repository.test.mjs","11","38","false","if (a.app_state_position !== b.app_state_position) {"
"app_state","backend/tests/mysql-sessions-split.repository.test.mjs","12","18","false","return a.app_state_position - b.app_state_position;"
"app_state","backend/tests/mysql-sessions-split.repository.test.mjs","12","41","false","return a.app_state_position - b.app_state_position;"
"app_state","backend/tests/mysql-sessions-split.repository.test.mjs","24","42","false","if (/SELECT id,\s*row_hash FROM\s+`app_state_sessions`/s.test(sql)) {"
"app_state","backend/tests/mysql-sessions-split.repository.test.mjs","33","27","false","if (/DELETE FROM\s+`app_state_sessions`\s+WHERE id = \?/s.test(sql)) {"
"app_state","backend/tests/mysql-sessions-split.repository.test.mjs","38","27","false","if (/INSERT INTO\s+`app_state_sessions`/s.test(sql)) {"
"app_state","backend/tests/mysql-sessions-split.repository.test.mjs","69","11","false","app_state_position: appStatePosition,"
"app_state","backend/tests/mysql-sessions-split.repository.test.mjs","76","22","false","if (/UPDATE\s+`app_state_sessions`[\s\S]+WHERE id = \?/s.test(sql)) {"
"app_state","backend/tests/mysql-sessions-split.repository.test.mjs","109","11","false","app_state_position: appStatePosition,"
"app_state","backend/tests/mysql-sessions-split.repository.test.mjs","130","30","false","if (/SELECT \* FROM\s+`app_state_sessions`/s.test(sql)) {"
"mysql2","backend/tests/mysql-station-last-write-nowait.mysql.test.mjs","5","20","false","import mysql from ""mysql2/promise"";"
"app_state","backend/tests/mysql-station-last-write-nowait.mysql.test.mjs","177","15","false","`SELECT app_state_position, raw_json FROM \`${tableName}\` WHERE domain = ? AND record_id = ?`,"
"app_state","backend/tests/mysql-station-last-write-nowait.mysql.test.mjs","181","26","false","assert.equal(rows[0].app_state_position, 7);"
"app_state","backend/tests/mysql-station-state-monotonic.test.mjs","15","5","false","app_state_position: position,"
"app_state","backend/tests/mysql-station-state-monotonic.test.mjs","41","36","false","if (/SELECT record_id, kind, app_state_position, row_hash, raw_json[\s\S]*FOR UPDATE/.test(sql)) {"
"app_state","backend/tests/mysql-station-state-monotonic.test.mjs","54","13","false","app_state_position: params[index + 3],"
"app_state","backend/tests/mysql-station-state-monotonic.test.mjs","142","52","false","test(""il writer lastWriteAt e' monotono e conserva app_state_position"", async () => {"
"app_state","backend/tests/mysql-station-state-monotonic.test.mjs","164","40","false","assert.equal(rows.get(""lastWriteAt"").app_state_position, 7);"
"mysql2","backend/tests/mysql-station-states-marker-lock-elision.mysql.test.mjs","4","20","false","import mysql from ""mysql2/promise"";"
"app_state","backend/tests/mysql-station-states-marker-lock-elision.test.mjs","13","5","false","app_state_position: appStatePosition,"
"app_state","backend/tests/mysql-station-states-marker-lock-elision.test.mjs","75","34","false","/SELECT record_id, kind, app_state_position, row_hash, raw_json[\s\S]+LIMIT 1/s.test("
"app_state","backend/tests/mysql-station-states-marker-lock-elision.test.mjs","84","36","false","if (/SELECT record_id, kind, app_state_position, row_hash, raw_json[\s\S]+FOR UPDATE/s.test(sql)) {"
"app_state","backend/tests/mysql-station-states-marker-lock-elision.test.mjs","102","27","false","if (/INSERT INTO\s+`app_state_domain_records`\s*\(/s.test(sql)) {"
"app_state_domain_records","backend/tests/mysql-station-states-marker-lock-elision.test.mjs","102","27","false","if (/INSERT INTO\s+`app_state_domain_records`\s*\(/s.test(sql)) {"
"app_state","backend/tests/mysql-station-states-marker-lock-elision.test.mjs","110","13","false","app_state_position: appStatePosition,"
"app_state","backend/tests/mysql-station-states-marker-lock-elision.test.mjs","123","44","false","if (/SELECT domain, record_id, kind, app_state_position, row_hash, raw_json/s.test(sql)) {"
"app_state","backend/tests/mysql-station-states-marker-lock-elision.test.mjs","129","22","false","if (left.app_state_position !== right.app_state_position) {"
"app_state","backend/tests/mysql-station-states-marker-lock-elision.test.mjs","129","51","false","if (left.app_state_position !== right.app_state_position) {"
"app_state","backend/tests/mysql-station-states-marker-lock-elision.test.mjs","130","27","false","return left.app_state_position - right.app_state_position;"
"app_state","backend/tests/mysql-station-states-marker-lock-elision.test.mjs","130","54","false","return left.app_state_position - right.app_state_position;"
"app_state","backend/tests/mysql-station-states-marker-lock-elision.test.mjs","143","17","false","tableName: ""app_state_domain_records"","
"app_state_domain_records","backend/tests/mysql-station-states-marker-lock-elision.test.mjs","143","17","false","tableName: ""app_state_domain_records"","
"app_state","backend/tests/mysql-station-states-marker-lock-elision.test.mjs","169","30","false","/SELECT record_id, kind, app_state_position, row_hash, raw_json[\s\S]+LIMIT 1/s.test("
"app_state","backend/tests/mysql-station-states-marker-lock-elision.test.mjs","177","30","false","/SELECT record_id, kind, app_state_position, row_hash, raw_json[\s\S]+FOR UPDATE/s.test("
"app_state","backend/tests/mysql-station-states-marker-lock-elision.test.mjs","233","21","false","/INSERT INTO\s+`app_state_domain_records`\s*\(/s.test(entry.sql),"
"app_state_domain_records","backend/tests/mysql-station-states-marker-lock-elision.test.mjs","233","21","false","/INSERT INTO\s+`app_state_domain_records`\s*\(/s.test(entry.sql),"
"app_state","backend/tests/mysql-station-states-marker-lock-elision.test.mjs","377","23","false","/INSERT INTO\s+`app_state_domain_records`\s*\(/s.test(entry.sql),"
"app_state_domain_records","backend/tests/mysql-station-states-marker-lock-elision.test.mjs","377","23","false","/INSERT INTO\s+`app_state_domain_records`\s*\(/s.test(entry.sql),"
"mysql2","backend/tests/mysql-table-locks-tombstones.mysql.test.mjs","4","20","false","import mysql from ""mysql2/promise"";"
"app_state","backend/tests/mysql-table-locks-tombstones.mysql.test.mjs","152","15","false","`SELECT app_state_position FROM \`${tombstoneTable}\` WHERE table_id = ?`,"
"app_state","backend/tests/mysql-table-locks-tombstones.mysql.test.mjs","155","35","false","assert.equal(Number(seededRow.app_state_position), migrationTableIndex);"
"app_state","backend/tests/mysql-table-locks.repository.test.mjs","53","24","false","currentRow.app_state_position = params[1];"
"app_state","backend/tests/mysql-table-locks.repository.test.mjs","60","15","false","app_state_position: params[1],"
"app_state","backend/tests/mysql-table-locks.repository.test.mjs","66","38","false","/ON DUPLICATE KEY UPDATE\s+app_state_position = VALUES\(app_state_position\)/s.test("
"app_state","backend/tests/mysql-table-locks.repository.test.mjs","66","67","false","/ON DUPLICATE KEY UPDATE\s+app_state_position = VALUES\(app_state_position\)/s.test("
"app_state","backend/tests/mysql-table-locks.repository.test.mjs","70","22","false","currentRow.app_state_position = params[10];"
"app_state","backend/tests/mysql-table-locks.repository.test.mjs","77","13","false","app_state_position: params[10],"
"app_state","backend/tests/order-async-appstate-flush.test.mjs","339","71","false","throw new Error(""Record has changed since last read in table 'app_state_domain_records'"");"
"app_state_domain_records","backend/tests/order-async-appstate-flush.test.mjs","339","71","false","throw new Error(""Record has changed since last read in table 'app_state_domain_records'"");"
"BACKEND_RELATIONAL_DB_PATH","backend/tests/orders-payments-invariants.test.mjs","221","7","false","BACKEND_RELATIONAL_DB_PATH: relationalPath,"
"BACKEND_RELATIONAL_DB_PATH","backend/tests/orders-payments-invariants.test.mjs","233","9","false","BACKEND_RELATIONAL_DB_PATH: relationalPath,"
"readDb(","backend/tests/payment-weird-cases.e2e.test.mjs","371","16","false","async function readDb(dbPath) {"
"readDb(","backend/tests/payment-weird-cases.e2e.test.mjs","526","34","false","assert.equal(findOrder(await readDb(dbPath), created.order.id).paidAmount, 0);"
"readDb(","backend/tests/payment-weird-cases.e2e.test.mjs","540","34","false","assert.equal(findOrder(await readDb(dbPath), created.order.id).paidAmount, 0);"
"readDb(","backend/tests/payment-weird-cases.e2e.test.mjs","553","34","false","assert.equal(findOrder(await readDb(dbPath), created.order.id).paidAmount, 0);"
"readDb(","backend/tests/payment-weird-cases.e2e.test.mjs","578","33","false","let order = findOrder(await readDb(dbPath), created.order.id);"
"readDb(","backend/tests/payment-weird-cases.e2e.test.mjs","583","29","false","order = findOrder(await readDb(dbPath), created.order.id);"
"readDb(","backend/tests/payment-weird-cases.e2e.test.mjs","637","29","false","const persisted = await readDb(dbPath);"
"readDb(","backend/tests/payment-weird-cases.e2e.test.mjs","671","29","false","const persisted = await readDb(dbPath);"
"readDb(","backend/tests/payment-weird-cases.e2e.test.mjs","693","29","false","const persisted = await readDb(dbPath);"
"readDb(","backend/tests/payment-weird-cases.e2e.test.mjs","721","29","false","const persisted = await readDb(dbPath);"
"readDb(","backend/tests/payment-weird-cases.e2e.test.mjs","767","29","false","const persisted = await readDb(dbPath);"
"readDb(","backend/tests/payment-weird-cases.e2e.test.mjs","828","31","false","const persisted = await readDb(dbPath);"
"readDb(","backend/tests/payment-weird-cases.e2e.test.mjs","921","31","false","const persisted = await readDb(dbPath);"
"readDb(","backend/tests/payment-weird-cases.e2e.test.mjs","1007","30","false","const snapshot = await readDb(dbPath);"
"readDb(","backend/tests/payment-weird-cases.e2e.test.mjs","1070","31","false","const persisted = await readDb(dbPath);"
"BACKEND_RELATIONAL_DB_PATH","backend/tests/payments-fiscal.e2e.test.mjs","67","7","false","BACKEND_RELATIONAL_DB_PATH: relationalPath,"
"node:sqlite","backend/tests/payments-fiscal.e2e.test.mjs","76","42","false","const { DatabaseSync } = await import(""node:sqlite"");"
"node:sqlite","backend/tests/payments-fiscal.e2e.test.mjs","88","42","false","const { DatabaseSync } = await import(""node:sqlite"");"
"readDb(","backend/tests/pos-rooms-handlers.test.mjs","33","11","false","async readDb() {"
"node:sqlite","backend/tests/print-spool-durable.e2e.test.mjs","27","42","false","const { DatabaseSync } = await import(""node:sqlite"");"
"BACKEND_RELATIONAL_DB_PATH","backend/tests/print-spool-durable.e2e.test.mjs","52","26","false","env: { ...SPOOL_ENV, BACKEND_RELATIONAL_DB_PATH: relationalPath },"
"BACKEND_RELATIONAL_DB_PATH","backend/tests/print-spool-durable.e2e.test.mjs","102","26","false","env: { ...SPOOL_ENV, BACKEND_RELATIONAL_DB_PATH: relationalPath },"
"BACKEND_RELATIONAL_DB_PATH","backend/tests/print-spool-durable.e2e.test.mjs","127","26","false","env: { ...SPOOL_ENV, BACKEND_RELATIONAL_DB_PATH: relationalPath },"
"mysql2","backend/tests/print-spool-fast-worker.mysql.test.mjs","8","20","false","import mysql from ""mysql2/promise"";"
"app_state","backend/tests/print-spool-fast-worker.mysql.test.mjs","147","26","false","appState: `${prefix}_app_state`,"
"readDb(","backend/tests/print-spool-sql-primary-closure.test.mjs","84","64","false","const fallbackStart = server.indexOf(""const latestDb = await readDb();"", planStart);"
"readDb(","backend/tests/radio-handlers.test.mjs","42","11","false","async readDb() {"
"writeDb(","backend/tests/radio-handlers.test.mjs","73","11","false","async writeDb(nextDb) {"
"BACKEND_RELATIONAL_DB_PATH","backend/tests/realtime-event-outbox.e2e.test.mjs","26","7","false","BACKEND_RELATIONAL_DB_PATH: relationalPath,"
"node:sqlite","backend/tests/realtime-event-outbox.e2e.test.mjs","36","42","false","const { DatabaseSync } = await import(""node:sqlite"");"
"node:sqlite","backend/tests/realtime-event-outbox.e2e.test.mjs","51","42","false","const { DatabaseSync } = await import(""node:sqlite"");"
"node:sqlite","backend/tests/realtime-event-outbox.e2e.test.mjs","61","42","false","const { DatabaseSync } = await import(""node:sqlite"");"
"BACKEND_RELATIONAL_DB_PATH","backend/tests/relational-fiscal-command-write-primary.test.mjs","122","7","false","BACKEND_RELATIONAL_DB_PATH: relationalPath,"
"BACKEND_RELATIONAL_DB_PATH","backend/tests/relational-fiscal-receipts-write-primary.test.mjs","46","7","false","BACKEND_RELATIONAL_DB_PATH: relationalPath,"
"node:sqlite","backend/tests/relational-fiscal-receipts-write-primary.test.mjs","81","42","false","const { DatabaseSync } = await import(""node:sqlite"");"
"BACKEND_RELATIONAL_DB_PATH","backend/tests/relational-fiscal-receipts-write-primary.test.mjs","235","7","false","BACKEND_RELATIONAL_DB_PATH: relationalPath,"
"BACKEND_RELATIONAL_DB_PATH","backend/tests/relational-layout-orders-read-primary.e2e.test.mjs","30","5","false","BACKEND_RELATIONAL_DB_PATH: relationalPath,"
"BACKEND_RELATIONAL_DB_PATH","backend/tests/relational-menu-settings-primary.test.mjs","87","5","false","BACKEND_RELATIONAL_DB_PATH: relationalPath,"
"BACKEND_RELATIONAL_DB_PATH","backend/tests/relational-menu-settings-primary.test.mjs","210","7","false","BACKEND_RELATIONAL_DB_PATH: ""tmp-rel.sqlite"","
"BACKEND_RELATIONAL_DB_PATH","backend/tests/relational-menu-settings.test.mjs","344","7","false","BACKEND_RELATIONAL_DB_PATH: relationalPath,"
"writeDb(","backend/tests/relational-menu-settings.test.mjs","368","22","false","await repository.writeDb(state);"
"node:sqlite","backend/tests/relational-migration-script.test.mjs","24","38","false","const sqliteModule = await import(""node:sqlite"");"
"app_state","backend/tests/relational-migration-script.test.mjs","84","34","false","CREATE TABLE IF NOT EXISTS app_state ("
"app_state","backend/tests/relational-migration-script.test.mjs","92","21","false","INSERT INTO app_state (id, json, updated_at)"
"app_state","backend/tests/relational-migration-script.test.mjs","111","60","false","return db.prepare(""SELECT * FROM audit_events ORDER BY app_state_position ASC"").all();"
"BACKEND_RELATIONAL_DB_PATH","backend/tests/relational-migration-script.test.mjs","171","5","false","BACKEND_RELATIONAL_DB_PATH: relationalPath,"
"app_state","backend/tests/relational-migration-script.test.mjs","182","37","false","test(""script importa auditEvents da app_state SQLite documentale temporaneo"", async () => {"
"BACKEND_RELATIONAL_DB_PATH","backend/tests/relational-migration-script.test.mjs","191","5","false","BACKEND_RELATIONAL_DB_PATH: relationalPath,"
"BACKEND_RELATIONAL_DB_PATH","backend/tests/relational-migration-script.test.mjs","209","5","false","BACKEND_RELATIONAL_DB_PATH: relationalPath,"
"BACKEND_RELATIONAL_DB_PATH","backend/tests/relational-migration-script.test.mjs","226","5","false","BACKEND_RELATIONAL_DB_PATH: relationalPath,"
"BACKEND_RELATIONAL_DB_PATH","backend/tests/relational-migration-script.test.mjs","242","5","false","BACKEND_RELATIONAL_DB_PATH: relationalPath,"
"BACKEND_RELATIONAL_DB_PATH","backend/tests/relational-migration-script.test.mjs","260","5","false","BACKEND_RELATIONAL_DB_PATH: relationalPath,"
"BACKEND_RELATIONAL_DB_PATH","backend/tests/relational-migration-script.test.mjs","281","5","false","BACKEND_RELATIONAL_DB_PATH: relationalPath,"
"BACKEND_RELATIONAL_DB_PATH","backend/tests/relational-migration-script.test.mjs","296","7","false","{ BACKEND_RELATIONAL_DB_PATH: relationalPath },"
"BACKEND_RELATIONAL_DB_PATH","backend/tests/relational-migration-script.test.mjs","314","5","false","BACKEND_RELATIONAL_DB_PATH: relationalPath,"
"BACKEND_RELATIONAL_DB_PATH","backend/tests/relational-migration-script.test.mjs","321","5","false","BACKEND_RELATIONAL_DB_PATH: relationalPath,"
"node:sqlite","backend/tests/relational-order-events-write-primary.e2e.test.mjs","14","42","false","const { DatabaseSync } = await import(""node:sqlite"");"
"BACKEND_RELATIONAL_DB_PATH","backend/tests/relational-order-events-write-primary.e2e.test.mjs","33","7","false","BACKEND_RELATIONAL_DB_PATH: relationalPath,"
"node:sqlite","backend/tests/relational-orders-async-ack.e2e.test.mjs","16","42","false","const { DatabaseSync } = await import(""node:sqlite"");"
"BACKEND_RELATIONAL_DB_PATH","backend/tests/relational-orders-async-ack.e2e.test.mjs","117","7","false","BACKEND_RELATIONAL_DB_PATH: relationalPath,"
"node:sqlite","backend/tests/relational-orders-bar-replacement-write-primary.e2e.test.mjs","16","42","false","const { DatabaseSync } = await import(""node:sqlite"");"
"BACKEND_RELATIONAL_DB_PATH","backend/tests/relational-orders-bar-replacement-write-primary.e2e.test.mjs","45","7","false","BACKEND_RELATIONAL_DB_PATH: relationalPath,"
"node:sqlite","backend/tests/relational-orders-cancel-write-primary.e2e.test.mjs","18","42","false","const { DatabaseSync } = await import(""node:sqlite"");"
"BACKEND_RELATIONAL_DB_PATH","backend/tests/relational-orders-cancel-write-primary.e2e.test.mjs","44","7","false","BACKEND_RELATIONAL_DB_PATH: relationalPath,"
"BACKEND_RELATIONAL_DB_PATH","backend/tests/relational-orders-cancel-write-primary.e2e.test.mjs","131","5","false","BACKEND_RELATIONAL_DB_PATH: relationalPath,"
"node:sqlite","backend/tests/relational-orders-comp-write-primary.e2e.test.mjs","16","42","false","const { DatabaseSync } = await import(""node:sqlite"");"
"BACKEND_RELATIONAL_DB_PATH","backend/tests/relational-orders-comp-write-primary.e2e.test.mjs","61","7","false","BACKEND_RELATIONAL_DB_PATH: relationalPath,"
"node:sqlite","backend/tests/relational-orders-correct-write-primary.e2e.test.mjs","16","42","false","const { DatabaseSync } = await import(""node:sqlite"");"
"BACKEND_RELATIONAL_DB_PATH","backend/tests/relational-orders-correct-write-primary.e2e.test.mjs","42","7","false","BACKEND_RELATIONAL_DB_PATH: relationalPath,"
"BACKEND_RELATIONAL_DB_PATH","backend/tests/relational-orders-crash-reconcile.e2e.test.mjs","45","7","false","BACKEND_RELATIONAL_DB_PATH: relationalPath,"
"BACKEND_RELATIONAL_DB_PATH","backend/tests/relational-orders-crash-reconcile.e2e.test.mjs","79","7","false","BACKEND_RELATIONAL_DB_PATH: relationalPath,"
"node:sqlite","backend/tests/relational-orders-create-write-primary.e2e.test.mjs","15","42","false","const { DatabaseSync } = await import(""node:sqlite"");"
"BACKEND_RELATIONAL_DB_PATH","backend/tests/relational-orders-create-write-primary.e2e.test.mjs","41","7","false","BACKEND_RELATIONAL_DB_PATH: relationalPath,"
"node:sqlite","backend/tests/relational-orders-line-split-write-primary.e2e.test.mjs","18","42","false","const { DatabaseSync } = await import(""node:sqlite"");"
"BACKEND_RELATIONAL_DB_PATH","backend/tests/relational-orders-line-split-write-primary.e2e.test.mjs","60","7","false","BACKEND_RELATIONAL_DB_PATH: relationalPath,"
"node:sqlite","backend/tests/relational-orders-price-override-audit-financial.e2e.test.mjs","28","42","false","const { DatabaseSync } = await import(""node:sqlite"");"
"BACKEND_RELATIONAL_DB_PATH","backend/tests/relational-orders-price-override-audit-financial.e2e.test.mjs","81","25","false","env: { ...BASE_ENV, BACKEND_RELATIONAL_DB_PATH: relationalPath },"
"BACKEND_RELATIONAL_DB_PATH","backend/tests/relational-orders-price-override-audit-financial.e2e.test.mjs","130","7","false","BACKEND_RELATIONAL_DB_PATH: relationalPath,"
"BACKEND_RELATIONAL_DB_PATH","backend/tests/relational-orders-price-override-audit-financial.e2e.test.mjs","187","25","false","env: { ...BASE_ENV, BACKEND_RELATIONAL_DB_PATH: relationalPath },"
"node:sqlite","backend/tests/relational-orders-price-override-write-primary.e2e.test.mjs","17","42","false","const { DatabaseSync } = await import(""node:sqlite"");"
"BACKEND_RELATIONAL_DB_PATH","backend/tests/relational-orders-price-override-write-primary.e2e.test.mjs","42","7","false","BACKEND_RELATIONAL_DB_PATH: relationalPath,"
"node:sqlite","backend/tests/relational-orders-storno-payment-effects.e2e.test.mjs","20","42","false","const { DatabaseSync } = await import(""node:sqlite"");"
"BACKEND_RELATIONAL_DB_PATH","backend/tests/relational-orders-storno-payment-effects.e2e.test.mjs","37","7","false","BACKEND_RELATIONAL_DB_PATH: relationalPath,"
"node:sqlite","backend/tests/relational-orders-storno-write-primary.e2e.test.mjs","16","42","false","const { DatabaseSync } = await import(""node:sqlite"");"
"BACKEND_RELATIONAL_DB_PATH","backend/tests/relational-orders-storno-write-primary.e2e.test.mjs","62","7","false","BACKEND_RELATIONAL_DB_PATH: relationalPath,"
"node:sqlite","backend/tests/relational-orders-sync-write-primary.e2e.test.mjs","17","42","false","const { DatabaseSync } = await import(""node:sqlite"");"
"BACKEND_RELATIONAL_DB_PATH","backend/tests/relational-orders-sync-write-primary.e2e.test.mjs","34","7","false","BACKEND_RELATIONAL_DB_PATH: relationalPath,"
"node:sqlite","backend/tests/relational-orders-transfer-force-audit-outbox.e2e.test.mjs","18","42","false","const { DatabaseSync } = await import(""node:sqlite"");"
"BACKEND_RELATIONAL_DB_PATH","backend/tests/relational-orders-transfer-force-audit-outbox.e2e.test.mjs","58","7","false","BACKEND_RELATIONAL_DB_PATH: relationalPath,"
"node:sqlite","backend/tests/relational-orders-transfer-force-write-primary.e2e.test.mjs","16","42","false","const { DatabaseSync } = await import(""node:sqlite"");"
"BACKEND_RELATIONAL_DB_PATH","backend/tests/relational-orders-transfer-force-write-primary.e2e.test.mjs","33","7","false","BACKEND_RELATIONAL_DB_PATH: relationalPath,"
"node:sqlite","backend/tests/relational-orders-transfer-notification-outbox.e2e.test.mjs","15","42","false","const { DatabaseSync } = await import(""node:sqlite"");"
"BACKEND_RELATIONAL_DB_PATH","backend/tests/relational-orders-transfer-notification-outbox.e2e.test.mjs","35","7","false","BACKEND_RELATIONAL_DB_PATH: relationalPath,"
"node:sqlite","backend/tests/relational-orders-transfer-request-handoff.e2e.test.mjs","29","42","false","const { DatabaseSync } = await import(""node:sqlite"");"
"BACKEND_RELATIONAL_DB_PATH","backend/tests/relational-orders-transfer-request-handoff.e2e.test.mjs","56","25","false","env: { ...BASE_ENV, BACKEND_RELATIONAL_DB_PATH: relationalPath },"
"BACKEND_RELATIONAL_DB_PATH","backend/tests/relational-orders-transfer-request-handoff.e2e.test.mjs","83","7","false","BACKEND_RELATIONAL_DB_PATH: relationalPath,"
"BACKEND_RELATIONAL_DB_PATH","backend/tests/relational-orders-transfer-request-handoff.e2e.test.mjs","127","25","false","env: { ...BASE_ENV, BACKEND_RELATIONAL_DB_PATH: relationalPath },"
"BACKEND_RELATIONAL_DB_PATH","backend/tests/relational-orders-transfer-request-handoff.e2e.test.mjs","170","25","false","env: { ...BASE_ENV, BACKEND_RELATIONAL_DB_PATH: relationalPath },"
"BACKEND_RELATIONAL_DB_PATH","backend/tests/relational-orders-transfer-request-handoff.e2e.test.mjs","198","7","false","BACKEND_RELATIONAL_DB_PATH: relationalPath,"
"BACKEND_RELATIONAL_DB_PATH","backend/tests/relational-orders-transfer-request-handoff.e2e.test.mjs","221","25","false","env: { ...BASE_ENV, BACKEND_RELATIONAL_DB_PATH: relationalPath },"
"node:sqlite","backend/tests/relational-orders-transfer-request-write-primary.e2e.test.mjs","16","42","false","const { DatabaseSync } = await import(""node:sqlite"");"
"BACKEND_RELATIONAL_DB_PATH","backend/tests/relational-orders-transfer-request-write-primary.e2e.test.mjs","33","7","false","BACKEND_RELATIONAL_DB_PATH: relationalPath,"
"node:sqlite","backend/tests/relational-orders-transfer-resolve-audit-events.e2e.test.mjs","30","42","false","const { DatabaseSync } = await import(""node:sqlite"");"
"BACKEND_RELATIONAL_DB_PATH","backend/tests/relational-orders-transfer-resolve-audit-events.e2e.test.mjs","85","25","false","env: { ...BASE_ENV, BACKEND_RELATIONAL_DB_PATH: relationalPath },"
"BACKEND_RELATIONAL_DB_PATH","backend/tests/relational-orders-transfer-resolve-audit-events.e2e.test.mjs","134","25","false","env: { ...BASE_ENV, BACKEND_RELATIONAL_DB_PATH: relationalPath },"
"BACKEND_RELATIONAL_DB_PATH","backend/tests/relational-orders-transfer-resolve-audit-events.e2e.test.mjs","171","25","false","env: { ...BASE_ENV, BACKEND_RELATIONAL_DB_PATH: relationalPath },"
"BACKEND_RELATIONAL_DB_PATH","backend/tests/relational-orders-transfer-resolve-audit-events.e2e.test.mjs","230","25","false","env: { ...BASE_ENV, BACKEND_RELATIONAL_DB_PATH: relationalPath },"
"BACKEND_RELATIONAL_DB_PATH","backend/tests/relational-orders-transfer-resolve-audit-events.e2e.test.mjs","257","7","false","BACKEND_RELATIONAL_DB_PATH: relationalPath,"
"BACKEND_RELATIONAL_DB_PATH","backend/tests/relational-orders-transfer-resolve-audit-events.e2e.test.mjs","295","25","false","env: { ...BASE_ENV, BACKEND_RELATIONAL_DB_PATH: relationalPath },"
"node:sqlite","backend/tests/relational-orders-transfer-resolve-write-primary.e2e.test.mjs","16","42","false","const { DatabaseSync } = await import(""node:sqlite"");"
"BACKEND_RELATIONAL_DB_PATH","backend/tests/relational-orders-transfer-resolve-write-primary.e2e.test.mjs","52","7","false","BACKEND_RELATIONAL_DB_PATH: relationalPath,"
"BACKEND_RELATIONAL_DB_PATH","backend/tests/relational-orders.test.mjs","1017","7","false","BACKEND_RELATIONAL_DB_PATH: relationalPath,"
"writeDb(","backend/tests/relational-orders.test.mjs","1032","22","false","await repository.writeDb(buildOrdersState());"
"BACKEND_RELATIONAL_DB_PATH","backend/tests/relational-orders.test.mjs","1050","7","false","BACKEND_RELATIONAL_DB_PATH: relationalPath,"
"BACKEND_RELATIONAL_DB_PATH","backend/tests/relational-orders.test.mjs","1076","7","false","BACKEND_RELATIONAL_DB_PATH: relationalPath,"
"writeDb(","backend/tests/relational-orders.test.mjs","1100","22","false","await repository.writeDb(state);"
"BACKEND_RELATIONAL_DB_PATH","backend/tests/relational-payments-free-split-write-primary.test.mjs","79","7","false","BACKEND_RELATIONAL_DB_PATH: relationalPath,"
"node:sqlite","backend/tests/relational-payments-free-split-write-primary.test.mjs","91","42","false","const { DatabaseSync } = await import(""node:sqlite"");"
"node:sqlite","backend/tests/relational-payments-free-split-write-primary.test.mjs","134","42","false","const { DatabaseSync } = await import(""node:sqlite"");"
"node:sqlite","backend/tests/relational-payments-free-split-write-primary.test.mjs","406","42","false","const { DatabaseSync } = await import(""node:sqlite"");"
"app_state","backend/tests/relational-payments-reports-read-primary.test.mjs","98","27","false","createdByUsername: ""app_state_cashier"","
"BACKEND_RELATIONAL_DB_PATH","backend/tests/relational-payments-reports-read-primary.test.mjs","291","13","false","BACKEND_RELATIONAL_DB_PATH: relationalPath,"
"app_state","backend/tests/relational-payments-reports-read-primary.test.mjs","355","88","false","assert.equal(report.body.report.paymentsTracking.transactions[0].createdByUsername, ""app_state_cashier"");"
"app_state","backend/tests/relational-payments-reports-read-primary.test.mjs","357","36","false","(entry) => entry.username === ""app_state_cashier"""
"BACKEND_RELATIONAL_DB_PATH","backend/tests/relational-payments-table-write-primary.test.mjs","70","7","false","BACKEND_RELATIONAL_DB_PATH: relationalPath,"
"node:sqlite","backend/tests/relational-payments-table-write-primary.test.mjs","81","42","false","const { DatabaseSync } = await import(""node:sqlite"");"
"BACKEND_RELATIONAL_DB_PATH","backend/tests/relational-payments-ticket-write-primary.test.mjs","22","7","false","BACKEND_RELATIONAL_DB_PATH: relationalPath,"
"node:sqlite","backend/tests/relational-payments-ticket-write-primary.test.mjs","33","42","false","const { DatabaseSync } = await import(""node:sqlite"");"
"BACKEND_RELATIONAL_DB_PATH","backend/tests/relational-payments.test.mjs","646","7","false","BACKEND_RELATIONAL_DB_PATH: relationalPath,"
"writeDb(","backend/tests/relational-payments.test.mjs","662","22","false","await repository.writeDb(buildMultiBillMultiMethodPaymentsState());"
"BACKEND_RELATIONAL_DB_PATH","backend/tests/relational-payments.test.mjs","679","7","false","BACKEND_RELATIONAL_DB_PATH: relationalPath,"
"writeDb(","backend/tests/relational-payments.test.mjs","694","22","false","await repository.writeDb(buildPaymentsState());"
"BACKEND_RELATIONAL_DB_PATH","backend/tests/relational-payments.test.mjs","713","7","false","BACKEND_RELATIONAL_DB_PATH: relationalPath,"
"writeDb(","backend/tests/relational-payments.test.mjs","737","22","false","await repository.writeDb(state);"
"BACKEND_RELATIONAL_DB_PATH","backend/tests/relational-reservations-lock-write-primary.test.mjs","51","5","false","BACKEND_RELATIONAL_DB_PATH: relationalPath,"
"BACKEND_RELATIONAL_DB_PATH","backend/tests/relational-reservations-read-primary.test.mjs","62","5","false","BACKEND_RELATIONAL_DB_PATH: relationalPath,"
"BACKEND_RELATIONAL_DB_PATH","backend/tests/relational-reservations.test.mjs","313","7","false","BACKEND_RELATIONAL_DB_PATH: relationalPath,"
"writeDb(","backend/tests/relational-reservations.test.mjs","328","22","false","await repository.writeDb(buildReservationsState());"
"BACKEND_RELATIONAL_DB_PATH","backend/tests/relational-room-change-request-write-primary.test.mjs","21","5","false","BACKEND_RELATIONAL_DB_PATH: relationalPath,"
"BACKEND_RELATIONAL_DB_PATH","backend/tests/relational-sale-sessions-primary.test.mjs","17","5","false","BACKEND_RELATIONAL_DB_PATH: relationalPath,"
"BACKEND_RELATIONAL_DB_PATH","backend/tests/relational-sale-sessions-primary.test.mjs","234","7","false","BACKEND_RELATIONAL_DB_PATH: ""tmp-rel.sqlite"","
"BACKEND_RELATIONAL_DB_PATH","backend/tests/relational-shadow.test.mjs","446","7","false","BACKEND_RELATIONAL_DB_PATH: dbPath,"
"BACKEND_RELATIONAL_DB_PATH","backend/tests/relational-shadow.test.mjs","499","7","false","BACKEND_RELATIONAL_DB_PATH: relationalPath,"
"BACKEND_RELATIONAL_DB_PATH","backend/tests/relational-shadow.test.mjs","529","7","false","BACKEND_RELATIONAL_DB_PATH: relationalPath,"
"BACKEND_RELATIONAL_DB_PATH","backend/tests/relational-shadow.test.mjs","547","7","false","BACKEND_RELATIONAL_DB_PATH: relationalPath,"
"app_state","backend/tests/relational-shadow.test.mjs","551","24","false","id: ""sess_rel_only_app_state_status"","
"BACKEND_RELATIONAL_DB_PATH","backend/tests/relational-shadow.test.mjs","581","7","false","BACKEND_RELATIONAL_DB_PATH: relationalPath,"
"BACKEND_RELATIONAL_DB_PATH","backend/tests/relational-shadow.test.mjs","618","7","false","BACKEND_RELATIONAL_DB_PATH: relationalPath,"
"BACKEND_RELATIONAL_DB_PATH","backend/tests/relational-shadow.test.mjs","643","7","false","BACKEND_RELATIONAL_DB_PATH: relationalPath,"
"BACKEND_RELATIONAL_DB_PATH","backend/tests/relational-shadow.test.mjs","677","7","false","BACKEND_RELATIONAL_DB_PATH: relationalPath,"
"BACKEND_RELATIONAL_DB_PATH","backend/tests/relational-shadow.test.mjs","722","7","false","BACKEND_RELATIONAL_DB_PATH: relationalPath,"
"app_state","backend/tests/relational-shadow.test.mjs","737","49","false","const rows = db.prepare(""SELECT id, action, app_state_position FROM audit_events ORDER BY app_state_position"").all();"
"app_state","backend/tests/relational-shadow.test.mjs","737","95","false","const rows = db.prepare(""SELECT id, action, app_state_position FROM audit_events ORDER BY app_state_position"").all();"
"app_state","backend/tests/relational-shadow.test.mjs","740","26","false","assert.equal(rows[1].app_state_position, 1);"
"BACKEND_RELATIONAL_DB_PATH","backend/tests/relational-shadow.test.mjs","1201","7","false","BACKEND_RELATIONAL_DB_PATH: relationalPath,"
"writeDb(","backend/tests/relational-shadow.test.mjs","1216","22","false","await repository.writeDb(buildAuditState());"
"app_state","backend/tests/relational-shadow.test.mjs","1217","75","false","const rows = runtime.db.prepare(""SELECT id FROM audit_events ORDER BY app_state_position"").all();"
"BACKEND_RELATIONAL_DB_PATH","backend/tests/relational-shadow.test.mjs","1235","7","false","BACKEND_RELATIONAL_DB_PATH: relationalPath,"
"writeDb(","backend/tests/relational-shadow.test.mjs","1258","22","false","await repository.writeDb(state);"
"BACKEND_RELATIONAL_DB_PATH","backend/tests/relational-shadow.test.mjs","1276","7","false","BACKEND_RELATIONAL_DB_PATH: relationalPath,"
"writeDb(","backend/tests/relational-shadow.test.mjs","1303","22","false","await repository.writeDb(state);"
"BACKEND_RELATIONAL_DB_PATH","backend/tests/relational-shadow.test.mjs","1321","7","false","BACKEND_RELATIONAL_DB_PATH: relationalPath,"
"writeDb(","backend/tests/relational-shadow.test.mjs","1344","22","false","await repository.writeDb(state);"
"writeDb(","backend/tests/relational-shadow.test.mjs","1371","20","false","await repository.writeDb(buildAuditState());"
"BACKEND_RELATIONAL_DB_PATH","backend/tests/relational-shadow.test.mjs","1385","7","false","BACKEND_RELATIONAL_DB_PATH: relationalPath,"
"BACKEND_RELATIONAL_DB_PATH","backend/tests/relational-table-locks-write-primary.test.mjs","21","5","false","BACKEND_RELATIONAL_DB_PATH: relationalPath,"
"BACKEND_RELATIONAL_DB_PATH","backend/tests/relational-table-move-write-primary.test.mjs","24","5","false","BACKEND_RELATIONAL_DB_PATH: relationalPath,"
"BACKEND_RELATIONAL_DB_PATH","backend/tests/relational-table-room-move-request-write-primary.test.mjs","21","5","false","BACKEND_RELATIONAL_DB_PATH: relationalPath,"
"BACKEND_RELATIONAL_DB_PATH","backend/tests/relational-tables-bills.test.mjs","382","7","false","BACKEND_RELATIONAL_DB_PATH: relationalPath,"
"writeDb(","backend/tests/relational-tables-bills.test.mjs","397","22","false","await repository.writeDb(buildTablesBillsState());"
"BACKEND_RELATIONAL_DB_PATH","backend/tests/relational-tables-bills.test.mjs","416","7","false","BACKEND_RELATIONAL_DB_PATH: relationalPath,"
"writeDb(","backend/tests/relational-tables-bills.test.mjs","439","22","false","await repository.writeDb(state);"
"BACKEND_RELATIONAL_DB_PATH","backend/tests/relational-wal-checkpoint.test.mjs","76","7","false","BACKEND_RELATIONAL_DB_PATH: dbPath,"
"BACKEND_RELATIONAL_DB_PATH","backend/tests/removed-layout-table-move.e2e.test.mjs","441","7","false","BACKEND_RELATIONAL_DB_PATH: relationalPath,"
"BACKEND_RELATIONAL_DB_PATH","backend/tests/reservations-offline-replay.e2e.test.mjs","48","7","false","BACKEND_RELATIONAL_DB_PATH: relationalPath,"
"app_state","backend/tests/route-policy-architecture.test.mjs","369","75","false","""il backend deve applicare la guardia additiva prima di sincronizzare app_state_sessions"""
"node:sqlite","backend/tests/route-policy-architecture.test.mjs","1661","54","false","assert.match(relationalConnectionSource, /import\(""node:sqlite""\)/);"
"app_state","backend/tests/route-policy-architecture.test.mjs","1833","75","false","/async function lockDomainRowsForWrite[\s\S]+?SELECT record_id, kind, app_state_position, row_hash, raw_json[\s\S]+?FROM \$\{tableSql\}[\s\S]+?WHERE domain = \? AND record_id IN \(\$\{placeholders\}\)[\s\S]+?ORDER BY record_id ASC[\s\S]+?FOR UPDATE/,"
"readDb(","backend/tests/route-policy-architecture.test.mjs","3211","45","false","splitSource.indexOf(""const db = await readDb(""),"
"app_state","backend/tests/runtime-feature-profile.test.mjs","89","82","false","assert.equal(profile.features.durablePaymentMirror.fallback.mode, ""synchronous_app_state_mirror"");"
"app_state","backend/tests/runtime-feature-profile.test.mjs","104","65","false","/requested=ON effective=OFF source=env fallback=synchronous_app_state_mirror/,"
"BACKEND_RELATIONAL_DB_PATH","backend/tests/scoped-orders-read.test.mjs","549","7","false","BACKEND_RELATIONAL_DB_PATH: relationalPath,"
"BACKEND_RELATIONAL_DB_PATH","backend/tests/transactional-fiscal-outbox.test.mjs","70","7","false","BACKEND_RELATIONAL_DB_PATH: relationalPath,"
"node:sqlite","backend/tests/transactional-fiscal-outbox.test.mjs","104","42","false","const { DatabaseSync } = await import(""node:sqlite"");"
"readDb(","backend/users/users.handlers.js","33","22","true","const db = await readDb();"
"readDb(","backend/users/users.handlers.js","57","22","true","const db = await readDb();"
"writeDb(","backend/users/users.handlers.js","311","11","true","await writeDb(db, {"
